[20Aug2026 13:29:39.159] [main/INFO] [cpw.mods.modlauncher.Launcher/MODLAUNCHER]: ModLauncher running: args [--launchTarget, forgeserver, --fml.forgeVersion, 47.4.10, --fml.mcVersion, 1.20.1, --fml.forgeGroup, net.minecraftforge, --fml.mcpVersion, 20230612.114412, nogui]
[20Aug2026 13:29:39.164] [main/INFO] [cpw.mods.modlauncher.Launcher/MODLAUNCHER]: ModLauncher 10.0.9+10.0.9+main.dcd20f30 starting: java version 21.0.8 by Microsoft; OS Windows 10 arch amd64 version 10.0
[20Aug2026 13:29:39.190] [main/DEBUG] [cpw.mods.modlauncher.LaunchServiceHandler/MODLAUNCHER]: Found launch services [fmlclientdev,forgeclient,minecraft,forgegametestserverdev,fmlserveruserdev,fmlclient,fmldatauserdev,forgeserverdev,forgeserveruserdev,forgeclientdev,forgeclientuserdev,forgeserver,forgedatadev,fmlserver,fmlclientuserdev,fmlserverdev,forgedatauserdev,testharness,forgegametestserveruserdev]
[20Aug2026 13:29:39.203] [main/DEBUG] [cpw.mods.modlauncher.NameMappingServiceHandler/MODLAUNCHER]: Found naming services : [srgtomcp]
[20Aug2026 13:29:39.220] [main/DEBUG] [cpw.mods.modlauncher.LaunchPluginHandler/MODLAUNCHER]: Found launch plugins: [mixin,eventbus,slf4jfixer,object_holder_definalize,runtime_enum_extender,capability_token_subclass,accesstransformer,runtimedistcleaner]
[20Aug2026 13:29:39.230] [main/DEBUG] [cpw.mods.modlauncher.TransformationServicesHandler/MODLAUNCHER]: Discovering transformation services
[20Aug2026 13:29:39.236] [main/DEBUG] [net.minecraftforge.fml.loading.FMLPaths/CORE]: Path GAMEDIR is C:\Users\user\Desktop\Modded
[20Aug2026 13:29:39.236] [main/DEBUG] [net.minecraftforge.fml.loading.FMLPaths/CORE]: Path MODSDIR is C:\Users\user\Desktop\Modded\mods
[20Aug2026 13:29:39.236] [main/DEBUG] [net.minecraftforge.fml.loading.FMLPaths/CORE]: Path CONFIGDIR is C:\Users\user\Desktop\Modded\config
[20Aug2026 13:29:39.236] [main/DEBUG] [net.minecraftforge.fml.loading.FMLPaths/CORE]: Path FMLCONFIG is C:\Users\user\Desktop\Modded\config\fml.toml
[20Aug2026 13:29:39.563] [main/DEBUG] [cpw.mods.modlauncher.TransformationServicesHandler/MODLAUNCHER]: Found additional transformation services from discovery services: [C:\Users\user\Desktop\Modded\mods\Essential_1-3-10-8_forge_1-20-1.jar]
[20Aug2026 13:29:39.579] [main/INFO] [net.minecraftforge.fml.loading.ImmediateWindowHandler/]: ImmediateWindowProvider not loading because launch target is forgeserver
[20Aug2026 13:29:39.591] [main/DEBUG] [gg.essential.container.loader.stage0.EssentialLoader/]: Found stage1 version 13: file:/C:/Users/user/Desktop/Modded/./essential/loader/stage0/modlauncher/stage1.jar
[20Aug2026 13:29:39.593] [main/DEBUG] [gg.essential.container.loader.stage0.EssentialLoader/]: Found stage1 version 13: union:/C:/Users/user/Desktop/Modded/mods/Essential_1-3-10-8_forge_1-20-1.jar%23129!/gg/essential/loader/stage0/stage1.jar
[20Aug2026 13:29:39.611] [main/INFO] [gg.essential.loader.stage1.EssentialLoaderBase/]: Updating Essential Loader (stage2) version 1.7.4 (ee316308052751b5ace6e379c769b0dc) from union:/C:/Users/user/Desktop/Modded/mods/Essential_1-3-10-8_forge_1-20-1.jar%23129!/essential-loader-stage2-modlauncher9-1.7.4.jar
[20Aug2026 13:29:39.674] [main/FATAL] [cpw.mods.modlauncher.TransformationServicesHandler/MODLAUNCHER]: Encountered serious error loading transformation service, expect problems
java.util.ServiceConfigurationError: cpw.mods.modlauncher.api.ITransformationService: Provider gg.essential.container.loader.stage0.EssentialTransformationService could not be instantiated
	at java.util.ServiceLoader.fail(ServiceLoader.java:586) ~[?:?]
	at java.util.ServiceLoader$ProviderImpl.newInstance(ServiceLoader.java:813) ~[?:?]
	at java.util.ServiceLoader$ProviderImpl.get(ServiceLoader.java:729) ~[?:?]
	at cpw.mods.modlauncher.util.ServiceLoaderUtils.lambda$streamWithErrorHandling$0(ServiceLoaderUtils.java:39) ~[modlauncher-10.0.9.jar%2355!/:?]
	at java.util.stream.ReferencePipeline$3$1.accept(ReferencePipeline.java:197) ~[?:?]
	at java.util.ServiceLoader$ProviderSpliterator.tryAdvance(ServiceLoader.java:1499) ~[?:?]
	at java.util.Spliterator.forEachRemaining(Spliterator.java:332) ~[?:?]
	at java.util.stream.AbstractPipeline.copyInto(AbstractPipeline.java:509) ~[?:?]
	at java.util.stream.AbstractPipeline.wrapAndCopyInto(AbstractPipeline.java:499) ~[?:?]
	at java.util.stream.ReduceOps$ReduceOp.evaluateSequential(ReduceOps.java:921) ~[?:?]
	at java.util.stream.AbstractPipeline.evaluate(AbstractPipeline.java:234) ~[?:?]
	at java.util.stream.ReferencePipeline.collect(ReferencePipeline.java:682) ~[?:?]
	at cpw.mods.modlauncher.TransformationServicesHandler.discoverServices(TransformationServicesHandler.java:133) ~[modlauncher-10.0.9.jar%2355!/:?]
	at cpw.mods.modlauncher.Launcher.run(Launcher.java:87) ~[modlauncher-10.0.9.jar%2355!/:?]
	at cpw.mods.modlauncher.Launcher.main(Launcher.java:78) ~[modlauncher-10.0.9.jar%2355!/:?]
	at cpw.mods.modlauncher.BootstrapLaunchConsumer.accept(BootstrapLaunchConsumer.java:26) ~[modlauncher-10.0.9.jar%2355!/:?]
	at cpw.mods.modlauncher.BootstrapLaunchConsumer.accept(BootstrapLaunchConsumer.java:23) ~[modlauncher-10.0.9.jar%2355!/:?]
	at cpw.mods.bootstraplauncher.BootstrapLauncher.main(BootstrapLauncher.java:141) ~[bootstraplauncher-1.1.2.jar:?]
Caused by: java.lang.RuntimeException: java.lang.reflect.InvocationTargetException
	at gg.essential.container.loader.stage0.EssentialTransformationServiceBase.loadStage1OrThrow(EssentialTransformationServiceBase.java:27) ~[?:?]
	at gg.essential.container.loader.stage0.EssentialTransformationServiceBase.lambda$new$0(EssentialTransformationServiceBase.java:20) ~[?:?]
	at gg.essential.container.loader.stage0.util.DelegatingTransformationServiceBase.<init>(DelegatingTransformationServiceBase.java:13) ~[?:?]
	at gg.essential.container.loader.stage0.EssentialTransformationServiceBase.<init>(EssentialTransformationServiceBase.java:20) ~[?:?]
	at gg.essential.container.loader.stage0.EssentialTransformationService.<init>(EssentialTransformationService.java:7) ~[?:?]
	at jdk.internal.reflect.DirectConstructorHandleAccessor.newInstance(DirectConstructorHandleAccessor.java:62) ~[?:?]
	at java.lang.reflect.Constructor.newInstanceWithCaller(Constructor.java:502) ~[?:?]
	at java.lang.reflect.Constructor.newInstance(Constructor.java:486) ~[?:?]
	at java.util.ServiceLoader$ProviderImpl.newInstance(ServiceLoader.java:789) ~[?:?]
	... 16 more
Caused by: java.lang.reflect.InvocationTargetException
	at jdk.internal.reflect.DirectConstructorHandleAccessor.newInstance(DirectConstructorHandleAccessor.java:74) ~[?:?]
	at java.lang.reflect.Constructor.newInstanceWithCaller(Constructor.java:502) ~[?:?]
	at java.lang.reflect.Constructor.newInstance(Constructor.java:486) ~[?:?]
	at gg.essential.container.loader.stage0.EssentialTransformationServiceBase.loadStage1(EssentialTransformationServiceBase.java:47) ~[?:?]
	at gg.essential.container.loader.stage0.EssentialTransformationServiceBase.loadStage1OrThrow(EssentialTransformationServiceBase.java:25) ~[?:?]
	at gg.essential.container.loader.stage0.EssentialTransformationServiceBase.lambda$new$0(EssentialTransformationServiceBase.java:20) ~[?:?]
	at gg.essential.container.loader.stage0.util.DelegatingTransformationServiceBase.<init>(DelegatingTransformationServiceBase.java:13) ~[?:?]
	at gg.essential.container.loader.stage0.EssentialTransformationServiceBase.<init>(EssentialTransformationServiceBase.java:20) ~[?:?]
	at gg.essential.container.loader.stage0.EssentialTransformationService.<init>(EssentialTransformationService.java:7) ~[?:?]
	at jdk.internal.reflect.DirectConstructorHandleAccessor.newInstance(DirectConstructorHandleAccessor.java:62) ~[?:?]
	at java.lang.reflect.Constructor.newInstanceWithCaller(Constructor.java:502) ~[?:?]
	at java.lang.reflect.Constructor.newInstance(Constructor.java:486) ~[?:?]
	at java.util.ServiceLoader$ProviderImpl.newInstance(ServiceLoader.java:789) ~[?:?]
	... 16 more
Caused by: java.lang.NoClassDefFoundError: org/apache/commons/codec/digest/DigestUtils
	at gg.essential.loader.stage1.EssentialLoaderBase.getChecksum(EssentialLoaderBase.java:356) ~[?:?]
	at gg.essential.loader.stage1.EssentialLoaderBase.downloadFile(EssentialLoaderBase.java:473) ~[?:?]
	at gg.essential.loader.stage1.EssentialLoaderBase.doDownload(EssentialLoaderBase.java:326) ~[?:?]
	at gg.essential.loader.stage1.EssentialLoaderBase.load(EssentialLoaderBase.java:176) ~[?:?]
	at gg.essential.loader.stage1.EssentialTransformationServiceBase.<init>(EssentialTransformationServiceBase.java:46) ~[?:?]
	at gg.essential.loader.stage1.EssentialTransformationService.<init>(EssentialTransformationService.java:28) ~[?:?]
	at jdk.internal.reflect.DirectConstructorHandleAccessor.newInstance(DirectConstructorHandleAccessor.java:62) ~[?:?]
	at java.lang.reflect.Constructor.newInstanceWithCaller(Constructor.java:502) ~[?:?]
	at java.lang.reflect.Constructor.newInstance(Constructor.java:486) ~[?:?]
	at gg.essential.container.loader.stage0.EssentialTransformationServiceBase.loadStage1(EssentialTransformationServiceBase.java:47) ~[?:?]
	at gg.essential.container.loader.stage0.EssentialTransformationServiceBase.loadStage1OrThrow(EssentialTransformationServiceBase.java:25) ~[?:?]
	at gg.essential.container.loader.stage0.EssentialTransformationServiceBase.lambda$new$0(EssentialTransformationServiceBase.java:20) ~[?:?]
	at gg.essential.container.loader.stage0.util.DelegatingTransformationServiceBase.<init>(DelegatingTransformationServiceBase.java:13) ~[?:?]
	at gg.essential.container.loader.stage0.EssentialTransformationServiceBase.<init>(EssentialTransformationServiceBase.java:20) ~[?:?]
	at gg.essential.container.loader.stage0.EssentialTransformationService.<init>(EssentialTransformationService.java:7) ~[?:?]
	at jdk.internal.reflect.DirectConstructorHandleAccessor.newInstance(DirectConstructorHandleAccessor.java:62) ~[?:?]
	at java.lang.reflect.Constructor.newInstanceWithCaller(Constructor.java:502) ~[?:?]
	at java.lang.reflect.Constructor.newInstance(Constructor.java:486) ~[?:?]
	at java.util.ServiceLoader$ProviderImpl.newInstance(ServiceLoader.java:789) ~[?:?]
	... 16 more
Caused by: java.lang.ClassNotFoundException: org.apache.commons.codec.digest.DigestUtils
	at java.net.URLClassLoader.findClass(URLClassLoader.java:445) ~[?:?]
	at java.lang.ClassLoader.loadClass(ClassLoader.java:593) ~[?:?]
	at java.lang.ClassLoader.loadClass(ClassLoader.java:526) ~[?:?]
	at gg.essential.loader.stage1.EssentialLoaderBase.getChecksum(EssentialLoaderBase.java:356) ~[?:?]
	at gg.essential.loader.stage1.EssentialLoaderBase.downloadFile(EssentialLoaderBase.java:473) ~[?:?]
	at gg.essential.loader.stage1.EssentialLoaderBase.doDownload(EssentialLoaderBase.java:326) ~[?:?]
	at gg.essential.loader.stage1.EssentialLoaderBase.load(EssentialLoaderBase.java:176) ~[?:?]
	at gg.essential.loader.stage1.EssentialTransformationServiceBase.<init>(EssentialTransformationServiceBase.java:46) ~[?:?]
	at gg.essential.loader.stage1.EssentialTransformationService.<init>(EssentialTransformationService.java:28) ~[?:?]
	at jdk.internal.reflect.DirectConstructorHandleAccessor.newInstance(DirectConstructorHandleAccessor.java:62) ~[?:?]
	at java.lang.reflect.Constructor.newInstanceWithCaller(Constructor.java:502) ~[?:?]
	at java.lang.reflect.Constructor.newInstance(Constructor.java:486) ~[?:?]
	at gg.essential.container.loader.stage0.EssentialTransformationServiceBase.loadStage1(EssentialTransformationServiceBase.java:47) ~[?:?]
	at gg.essential.container.loader.stage0.EssentialTransformationServiceBase.loadStage1OrThrow(EssentialTransformationServiceBase.java:25) ~[?:?]
	at gg.essential.container.loader.stage0.EssentialTransformationServiceBase.lambda$new$0(EssentialTransformationServiceBase.java:20) ~[?:?]
	at gg.essential.container.loader.stage0.util.DelegatingTransformationServiceBase.<init>(DelegatingTransformationServiceBase.java:13) ~[?:?]
	at gg.essential.container.loader.stage0.EssentialTransformationServiceBase.<init>(EssentialTransformationServiceBase.java:20) ~[?:?]
	at gg.essential.container.loader.stage0.EssentialTransformationService.<init>(EssentialTransformationService.java:7) ~[?:?]
	at jdk.internal.reflect.DirectConstructorHandleAccessor.newInstance(DirectConstructorHandleAccessor.java:62) ~[?:?]
	at java.lang.reflect.Constructor.newInstanceWithCaller(Constructor.java:502) ~[?:?]
	at java.lang.reflect.Constructor.newInstance(Constructor.java:486) ~[?:?]
	at java.util.ServiceLoader$ProviderImpl.newInstance(ServiceLoader.java:789) ~[?:?]
	... 16 more
[20Aug2026 13:29:39.701] [main/DEBUG] [cpw.mods.modlauncher.TransformationServicesHandler/MODLAUNCHER]: Found transformer services : [mixin,fml]
[20Aug2026 13:29:39.701] [main/DEBUG] [cpw.mods.modlauncher.TransformationServicesHandler/MODLAUNCHER]: Transformation services loading
[20Aug2026 13:29:39.703] [main/DEBUG] [cpw.mods.modlauncher.TransformationServiceDecorator/MODLAUNCHER]: Loading service mixin
[20Aug2026 13:29:39.703] [main/DEBUG] [cpw.mods.modlauncher.TransformationServiceDecorator/MODLAUNCHER]: Loaded service mixin
[20Aug2026 13:29:39.703] [main/DEBUG] [cpw.mods.modlauncher.TransformationServiceDecorator/MODLAUNCHER]: Loading service fml
[20Aug2026 13:29:39.705] [main/DEBUG] [net.minecraftforge.fml.loading.LauncherVersion/CORE]: Found FMLLauncher version 1.0
[20Aug2026 13:29:39.705] [main/DEBUG] [net.minecraftforge.fml.loading.FMLLoader/CORE]: FML 1.0 loading
[20Aug2026 13:29:39.705] [main/DEBUG] [net.minecraftforge.fml.loading.FMLLoader/CORE]: FML found ModLauncher version : 10.0.9+10.0.9+main.dcd20f30
[20Aug2026 13:29:39.705] [main/DEBUG] [net.minecraftforge.fml.loading.FMLLoader/CORE]: Requesting CoreMods to not apply the fix for ASMAPI.findFirstInstructionBefore by default
[20Aug2026 13:29:39.706] [main/DEBUG] [net.minecraftforge.fml.loading.FMLLoader/CORE]: FML found AccessTransformer version : 8.0.4+66+master.c09db6d7
[20Aug2026 13:29:39.707] [main/DEBUG] [net.minecraftforge.fml.loading.FMLLoader/CORE]: FML found EventBus version : 6.0.5+6.0.5+master.eb8e549b
[20Aug2026 13:29:39.707] [main/DEBUG] [net.minecraftforge.fml.loading.FMLLoader/CORE]: Found Runtime Dist Cleaner
[20Aug2026 13:29:39.709] [main/DEBUG] [net.minecraftforge.coremod.CoreModEngine/]: CoreMods will preserve legacy behavior of ASMAPI.findFirstInstructionBefore for backwards-compatibility
[20Aug2026 13:29:39.709] [main/DEBUG] [net.minecraftforge.fml.loading.FMLLoader/CORE]: FML found CoreMod version : 5.2.4
[20Aug2026 13:29:39.710] [main/DEBUG] [net.minecraftforge.fml.loading.FMLLoader/CORE]: Found ForgeSPI package implementation version 7.0.1+7.0.1+master.d2b38bf6
[20Aug2026 13:29:39.710] [main/DEBUG] [net.minecraftforge.fml.loading.FMLLoader/CORE]: Found ForgeSPI package specification 5
[20Aug2026 13:29:39.710] [main/DEBUG] [cpw.mods.modlauncher.TransformationServiceDecorator/MODLAUNCHER]: Loaded service fml
[20Aug2026 13:29:39.711] [main/DEBUG] [cpw.mods.modlauncher.TransformationServicesHandler/MODLAUNCHER]: Configuring option handling for services
[20Aug2026 13:29:39.717] [main/DEBUG] [cpw.mods.modlauncher.TransformationServicesHandler/MODLAUNCHER]: Transformation services initializing
[20Aug2026 13:29:39.719] [main/DEBUG] [cpw.mods.modlauncher.TransformationServiceDecorator/MODLAUNCHER]: Initializing transformation service mixin
[20Aug2026 13:29:39.734] [main/DEBUG] [mixin/]: MixinService [ModLauncher] was successfully booted in cpw.mods.cl.ModuleClassLoader@6d3af739
[20Aug2026 13:29:39.755] [main/INFO] [mixin/]: SpongePowered MIXIN Subsystem Version=0.8.5 Source=union:/C:/Users/user/Desktop/Modded/libraries/org/spongepowered/mixin/0.8.5/mixin-0.8.5.jar%2365!/ Service=ModLauncher Env=SERVER
[20Aug2026 13:29:39.759] [main/DEBUG] [mixin/]: Initialising Mixin Platform Manager
[20Aug2026 13:29:39.760] [main/DEBUG] [mixin/]: Adding mixin platform agents for container ModLauncher Root Container(ModLauncher:4f56a0a2)
[20Aug2026 13:29:39.762] [main/DEBUG] [mixin/]: Instancing new MixinPlatformAgentMinecraftForge for ModLauncher Root Container(ModLauncher:4f56a0a2)
[20Aug2026 13:29:39.763] [main/DEBUG] [mixin/]: MixinPlatformAgentMinecraftForge rejected container ModLauncher Root Container(ModLauncher:4f56a0a2)
[20Aug2026 13:29:39.764] [main/DEBUG] [mixin/]: Instancing new MixinPlatformAgentDefault for ModLauncher Root Container(ModLauncher:4f56a0a2)
[20Aug2026 13:29:39.764] [main/DEBUG] [mixin/]: MixinPlatformAgentDefault accepted container ModLauncher Root Container(ModLauncher:4f56a0a2)
[20Aug2026 13:29:39.770] [main/DEBUG] [cpw.mods.modlauncher.TransformationServiceDecorator/MODLAUNCHER]: Initialized transformation service mixin
[20Aug2026 13:29:39.770] [main/DEBUG] [cpw.mods.modlauncher.TransformationServiceDecorator/MODLAUNCHER]: Initializing transformation service fml
[20Aug2026 13:29:39.770] [main/DEBUG] [net.minecraftforge.fml.loading.FMLServiceProvider/CORE]: Setting up basic FML game directories
[20Aug2026 13:29:39.771] [main/DEBUG] [net.minecraftforge.fml.loading.FMLPaths/CORE]: Path GAMEDIR is C:\Users\user\Desktop\Modded
[20Aug2026 13:29:39.771] [main/DEBUG] [net.minecraftforge.fml.loading.FMLPaths/CORE]: Path MODSDIR is C:\Users\user\Desktop\Modded\mods
[20Aug2026 13:29:39.772] [main/DEBUG] [net.minecraftforge.fml.loading.FMLPaths/CORE]: Path CONFIGDIR is C:\Users\user\Desktop\Modded\config
[20Aug2026 13:29:39.772] [main/DEBUG] [net.minecraftforge.fml.loading.FMLPaths/CORE]: Path FMLCONFIG is C:\Users\user\Desktop\Modded\config\fml.toml
[20Aug2026 13:29:39.772] [main/DEBUG] [net.minecraftforge.fml.loading.FMLServiceProvider/CORE]: Loading configuration
[20Aug2026 13:29:39.776] [main/DEBUG] [net.minecraftforge.fml.loading.FMLServiceProvider/CORE]: Preparing ModFile
[20Aug2026 13:29:39.780] [main/DEBUG] [net.minecraftforge.fml.loading.FMLServiceProvider/CORE]: Preparing launch handler
[20Aug2026 13:29:39.781] [main/DEBUG] [net.minecraftforge.fml.loading.FMLLoader/CORE]: Using forgeserver as launch service
[20Aug2026 13:29:39.801] [main/DEBUG] [net.minecraftforge.fml.loading.FMLLoader/CORE]: Received command line version data  : VersionInfo[forgeVersion=47.4.10, mcVersion=1.20.1, mcpVersion=20230612.114412, forgeGroup=net.minecraftforge]
[20Aug2026 13:29:39.803] [main/DEBUG] [cpw.mods.modlauncher.TransformationServiceDecorator/MODLAUNCHER]: Initialized transformation service fml
[20Aug2026 13:29:39.804] [main/DEBUG] [cpw.mods.modlauncher.NameMappingServiceHandler/MODLAUNCHER]: Current naming domain is 'srg'
[20Aug2026 13:29:39.805] [main/DEBUG] [cpw.mods.modlauncher.NameMappingServiceHandler/MODLAUNCHER]: Identified name mapping providers {}
[20Aug2026 13:29:39.805] [main/DEBUG] [cpw.mods.modlauncher.TransformationServicesHandler/MODLAUNCHER]: Transformation services begin scanning
[20Aug2026 13:29:39.805] [main/DEBUG] [cpw.mods.modlauncher.TransformationServiceDecorator/MODLAUNCHER]: Beginning scan trigger - transformation service mixin
[20Aug2026 13:29:39.806] [main/DEBUG] [cpw.mods.modlauncher.TransformationServiceDecorator/MODLAUNCHER]: End scan trigger - transformation service mixin
[20Aug2026 13:29:39.806] [main/DEBUG] [cpw.mods.modlauncher.TransformationServiceDecorator/MODLAUNCHER]: Beginning scan trigger - transformation service fml
[20Aug2026 13:29:39.806] [main/DEBUG] [net.minecraftforge.fml.loading.FMLServiceProvider/CORE]: Initiating mod scan
[20Aug2026 13:29:39.816] [main/DEBUG] [net.minecraftforge.fml.loading.moddiscovery.ModListHandler/CORE]: Found mod coordinates from lists: []
[20Aug2026 13:29:39.821] [main/DEBUG] [net.minecraftforge.fml.loading.moddiscovery.ModDiscoverer/CORE]: Found Mod Locators : (mods folder:null),(maven libs:null),(exploded directory:null),(minecraft:null),(userdev classpath:null)
[20Aug2026 13:29:39.822] [main/DEBUG] [net.minecraftforge.fml.loading.moddiscovery.ModDiscoverer/CORE]: Found Dependency Locators : (JarInJar:null)
[20Aug2026 13:29:39.834] [main/DEBUG] [net.minecraftforge.fml.loading.moddiscovery.ModFileParser/LOADING]: Considering mod file candidate C:\Users\user\Desktop\Modded\mods\AmbientSounds_FORGE_v6.3.6_mc1.20.1.jar
[20Aug2026 13:29:39.889] [main/DEBUG] [net.minecraftforge.fml.loading.moddiscovery.ModFileInfo/LOADING]: Found valid mod file AmbientSounds_FORGE_v6.3.6_mc1.20.1.jar with {ambientsounds} mods - versions {6.3.6}
[20Aug2026 13:29:39.894] [main/DEBUG] [net.minecraftforge.fml.loading.moddiscovery.ModFileParser/LOADING]: Considering mod file candidate C:\Users\user\Desktop\Modded\mods\architectury-9.2.14-forge.jar
[20Aug2026 13:29:39.895] [main/DEBUG] [net.minecraftforge.fml.loading.moddiscovery.ModFileInfo/LOADING]: Found valid mod file architectury-9.2.14-forge.jar with {architectury} mods - versions {9.2.14}
[20Aug2026 13:29:39.899] [main/DEBUG] [net.minecraftforge.fml.loading.moddiscovery.ModFileParser/LOADING]: Considering mod file candidate C:\Users\user\Desktop\Modded\mods\BadMobs-1.20.1-19.0.4.jar
[20Aug2026 13:29:39.903] [main/DEBUG] [net.minecraftforge.fml.loading.moddiscovery.ModFileInfo/LOADING]: Found valid mod file BadMobs-1.20.1-19.0.4.jar with {badmobs} mods - versions {19.0.4}
[20Aug2026 13:29:39.908] [main/DEBUG] [net.minecraftforge.fml.loading.moddiscovery.ModFileParser/LOADING]: Considering mod file candidate C:\Users\user\Desktop\Modded\mods\BetterThirdPerson-Forge-1.20-1.9.0.jar
[20Aug2026 13:29:39.910] [main/DEBUG] [net.minecraftforge.fml.loading.moddiscovery.ModFileInfo/LOADING]: Found valid mod file BetterThirdPerson-Forge-1.20-1.9.0.jar with {betterthirdperson} mods - versions {1.9.0}
[20Aug2026 13:29:39.915] [main/DEBUG] [net.minecraftforge.fml.loading.moddiscovery.ModFileParser/LOADING]: Considering mod file candidate C:\Users\user\Desktop\Modded\mods\chat_heads-0.15.1-forge-1.20.jar
[20Aug2026 13:29:39.917] [main/DEBUG] [net.minecraftforge.fml.loading.moddiscovery.ModFileInfo/LOADING]: Found valid mod file chat_heads-0.15.1-forge-1.20.jar with {chat_heads} mods - versions {0.15.1}
[20Aug2026 13:29:39.923] [main/DEBUG] [net.minecraftforge.fml.loading.moddiscovery.ModFileParser/LOADING]: Considering mod file candidate C:\Users\user\Desktop\Modded\mods\cleanswing-1.20-1.8.jar
[20Aug2026 13:29:39.925] [main/DEBUG] [net.minecraftforge.fml.loading.moddiscovery.ModFileInfo/LOADING]: Found valid mod file cleanswing-1.20-1.8.jar with {cleanswing} mods - versions {1.8}
[20Aug2026 13:29:39.931] [main/DEBUG] [net.minecraftforge.fml.loading.moddiscovery.ModFileParser/LOADING]: Considering mod file candidate C:\Users\user\Desktop\Modded\mods\collective-1.20.1-8.20.jar
[20Aug2026 13:29:39.933] [main/DEBUG] [net.minecraftforge.fml.loading.moddiscovery.ModFileInfo/LOADING]: Found valid mod file collective-1.20.1-8.20.jar with {collective} mods - versions {8.20}
[20Aug2026 13:29:39.939] [main/DEBUG] [net.minecraftforge.fml.loading.moddiscovery.ModFileParser/LOADING]: Considering mod file candidate C:\Users\user\Desktop\Modded\mods\CreativeCore_FORGE_v2.12.36_mc1.20.1.jar
[20Aug2026 13:29:39.941] [main/DEBUG] [net.minecraftforge.fml.loading.moddiscovery.ModFileInfo/LOADING]: Found valid mod file CreativeCore_FORGE_v2.12.36_mc1.20.1.jar with {creativecore} mods - versions {2.12.36}
[20Aug2026 13:29:39.947] [main/DEBUG] [net.minecraftforge.fml.loading.moddiscovery.ModFileParser/LOADING]: Considering mod file candidate C:\Users\user\Desktop\Modded\mods\doubledoors-1.20.1-7.2.jar
[20Aug2026 13:29:39.948] [main/DEBUG] [net.minecraftforge.fml.loading.moddiscovery.ModFileInfo/LOADING]: Found valid mod file doubledoors-1.20.1-7.2.jar with {doubledoors} mods - versions {7.2}
[20Aug2026 13:29:39.953] [main/DEBUG] [net.minecraftforge.fml.loading.moddiscovery.ModFileParser/LOADING]: Considering mod file candidate C:\Users\user\Desktop\Modded\mods\durabilitytooltip-1.1.6-forge-mc1.20.jar
[20Aug2026 13:29:39.955] [main/DEBUG] [net.minecraftforge.fml.loading.moddiscovery.ModFileInfo/LOADING]: Found valid mod file durabilitytooltip-1.1.6-forge-mc1.20.jar with {durabilitytooltip} mods - versions {1.1.6}
[20Aug2026 13:29:39.961] [main/DEBUG] [net.minecraftforge.fml.loading.moddiscovery.ModFileParser/LOADING]: Considering mod file candidate C:\Users\user\Desktop\Modded\mods\embeddium-0.3.31+mc1.20.1.jar
[20Aug2026 13:29:39.962] [main/DEBUG] [net.minecraftforge.fml.loading.moddiscovery.ModFileInfo/LOADING]: Found valid mod file embeddium-0.3.31+mc1.20.1.jar with {embeddium,rubidium} mods - versions {0.3.31+mc1.20.1,0.7.1}
[20Aug2026 13:29:39.969] [main/DEBUG] [net.minecraftforge.fml.loading.moddiscovery.ModFileParser/LOADING]: Considering mod file candidate C:\Users\user\Desktop\Modded\mods\EnhancedVisuals_FORGE_v1.8.2_mc1.20.1.jar
[20Aug2026 13:29:39.971] [main/DEBUG] [net.minecraftforge.fml.loading.moddiscovery.ModFileInfo/LOADING]: Found valid mod file EnhancedVisuals_FORGE_v1.8.2_mc1.20.1.jar with {enhancedvisuals} mods - versions {1.8.2}
[20Aug2026 13:29:39.977] [main/DEBUG] [net.minecraftforge.fml.loading.moddiscovery.ModFileParser/LOADING]: Considering mod file candidate C:\Users\user\Desktop\Modded\mods\entityculling-forge-1.10.1-mc1.20.1.jar
[20Aug2026 13:29:39.978] [main/DEBUG] [net.minecraftforge.fml.loading.moddiscovery.ModFileInfo/LOADING]: Found valid mod file entityculling-forge-1.10.1-mc1.20.1.jar with {entityculling} mods - versions {1.10.1}
[20Aug2026 13:29:39.984] [main/DEBUG] [net.minecraftforge.fml.loading.moddiscovery.ModFileParser/LOADING]: Considering mod file candidate C:\Users\user\Desktop\Modded\mods\extragore-1.20.1-5.2.3.1.jar
[20Aug2026 13:29:39.986] [main/DEBUG] [net.minecraftforge.fml.loading.moddiscovery.ModFileInfo/LOADING]: Found valid mod file extragore-1.20.1-5.2.3.1.jar with {extragore} mods - versions {5.2.3.1}
[20Aug2026 13:29:39.990] [main/DEBUG] [net.minecraftforge.fml.loading.moddiscovery.ModFileParser/LOADING]: Considering mod file candidate C:\Users\user\Desktop\Modded\mods\fallingtrees-forge-mc1.20-0.13.2-SNAPSHOT.jar
[20Aug2026 13:29:39.992] [main/DEBUG] [net.minecraftforge.fml.loading.moddiscovery.ModFileInfo/LOADING]: Found valid mod file fallingtrees-forge-mc1.20-0.13.2-SNAPSHOT.jar with {fallingtrees} mods - versions {0.13.2}
[20Aug2026 13:29:40.001] [main/DEBUG] [net.minecraftforge.fml.loading.moddiscovery.ModFileParser/LOADING]: Considering mod file candidate C:\Users\user\Desktop\Modded\mods\geckolib-forge-1.20.1-4.8.3.jar
[20Aug2026 13:29:40.002] [main/DEBUG] [net.minecraftforge.fml.loading.moddiscovery.ModFileInfo/LOADING]: Found valid mod file geckolib-forge-1.20.1-4.8.3.jar with {geckolib} mods - versions {4.8.3}
[20Aug2026 13:29:40.010] [main/DEBUG] [net.minecraftforge.fml.loading.moddiscovery.ModFileParser/LOADING]: Considering mod file candidate C:\Users\user\Desktop\Modded\mods\its_not_real-1.1.1.1.1.1.1.1.jar
[20Aug2026 13:29:40.013] [main/DEBUG] [net.minecraftforge.fml.loading.moddiscovery.ModFileInfo/LOADING]: Found valid mod file its_not_real-1.1.1.1.1.1.1.1.jar with {its_not_real} mods - versions {1.1.1.1.1.1.1.1}
[20Aug2026 13:29:40.022] [main/DEBUG] [net.minecraftforge.fml.loading.moddiscovery.ModFileParser/LOADING]: Considering mod file candidate C:\Users\user\Desktop\Modded\mods\jamlib-forge-1.3.6+1.20.1.jar
[20Aug2026 13:29:40.024] [main/DEBUG] [net.minecraftforge.fml.loading.moddiscovery.ModFileInfo/LOADING]: Found valid mod file jamlib-forge-1.3.6+1.20.1.jar with {jamlib} mods - versions {1.3.6+1.20.1}
[20Aug2026 13:29:40.031] [main/DEBUG] [net.minecraftforge.fml.loading.moddiscovery.ModFileParser/LOADING]: Considering mod file candidate C:\Users\user\Desktop\Modded\mods\modelfix-1.15.jar
[20Aug2026 13:29:40.034] [main/DEBUG] [net.minecraftforge.fml.loading.moddiscovery.ModFileInfo/LOADING]: Found valid mod file modelfix-1.15.jar with {modelfix} mods - versions {1.15}
[20Aug2026 13:29:40.044] [main/DEBUG] [net.minecraftforge.fml.loading.moddiscovery.ModFileParser/LOADING]: Considering mod file candidate C:\Users\user\Desktop\Modded\mods\NoChatReports-FORGE-1.20.1-v2.2.2.jar
[20Aug2026 13:29:40.046] [main/DEBUG] [net.minecraftforge.fml.loading.moddiscovery.ModFileInfo/LOADING]: Found valid mod file NoChatReports-FORGE-1.20.1-v2.2.2.jar with {nochatreports} mods - versions {1.20.1-v2.2.2}
[20Aug2026 13:29:40.054] [main/DEBUG] [net.minecraftforge.fml.loading.moddiscovery.ModFileParser/LOADING]: Considering mod file candidate C:\Users\user\Desktop\Modded\mods\pandalib-forge-mc1.20-0.5.2-SNAPSHOT.jar
[20Aug2026 13:29:40.057] [main/DEBUG] [net.minecraftforge.fml.loading.moddiscovery.ModFileInfo/LOADING]: Found valid mod file pandalib-forge-mc1.20-0.5.2-SNAPSHOT.jar with {pandalib} mods - versions {0.5.2}
[20Aug2026 13:29:40.071] [main/DEBUG] [net.minecraftforge.fml.loading.moddiscovery.ModFileParser/LOADING]: Considering mod file candidate C:\Users\user\Desktop\Modded\mods\PresenceFootsteps-1.20.1-1.9.1-beta.1.jar
[20Aug2026 13:29:40.074] [main/DEBUG] [net.minecraftforge.fml.loading.moddiscovery.ModFileInfo/LOADING]: Found valid mod file PresenceFootsteps-1.20.1-1.9.1-beta.1.jar with {presencefootsteps} mods - versions {1.20.1-1.9.1-beta.1}
[20Aug2026 13:29:40.086] [main/DEBUG] [net.minecraftforge.fml.loading.moddiscovery.ModFileParser/LOADING]: Considering mod file candidate C:\Users\user\Desktop\Modded\mods\rightclickharvest-forge-4.6.1+1.20.1.jar
[20Aug2026 13:29:40.090] [main/DEBUG] [net.minecraftforge.fml.loading.moddiscovery.ModFileInfo/LOADING]: Found valid mod file rightclickharvest-forge-4.6.1+1.20.1.jar with {rightclickharvest} mods - versions {4.6.1+1.20.1}
[20Aug2026 13:29:40.099] [main/DEBUG] [net.minecraftforge.fml.loading.moddiscovery.ModFileParser/LOADING]: Considering mod file candidate C:\Users\user\Desktop\Modded\mods\sound-physics-remastered-forge-1.20.1-1.5.1.jar
[20Aug2026 13:29:40.103] [main/DEBUG] [net.minecraftforge.fml.loading.moddiscovery.ModFileInfo/LOADING]: Found valid mod file sound-physics-remastered-forge-1.20.1-1.5.1.jar with {sound_physics_remastered} mods - versions {1.20.1-1.5.1}
[20Aug2026 13:29:40.117] [main/DEBUG] [net.minecraftforge.fml.loading.moddiscovery.ModFileParser/LOADING]: Considering mod file candidate C:\Users\user\Desktop\Modded\mods\supermartijn642configlib-1.1.8-forge-mc1.20.jar
[20Aug2026 13:29:40.119] [main/DEBUG] [net.minecraftforge.fml.loading.moddiscovery.ModFileInfo/LOADING]: Found valid mod file supermartijn642configlib-1.1.8-forge-mc1.20.jar with {supermartijn642configlib} mods - versions {1.1.8}
[20Aug2026 13:29:40.128] [main/DEBUG] [net.minecraftforge.fml.loading.moddiscovery.ModFileParser/LOADING]: Considering mod file candidate C:\Users\user\Desktop\Modded\mods\the_wonderland-2.1.4-1.20.1.jar
[20Aug2026 13:29:40.129] [main/DEBUG] [net.minecraftforge.fml.loading.moddiscovery.ModFileInfo/LOADING]: Found valid mod file the_wonderland-2.1.4-1.20.1.jar with {the_wonderland} mods - versions {2.1.3}
[20Aug2026 13:29:40.137] [main/DEBUG] [net.minecraftforge.fml.loading.moddiscovery.ModFileParser/LOADING]: Considering mod file candidate C:\Users\user\Desktop\Modded\mods\TreesRevariated.jar
[20Aug2026 13:29:40.139] [main/DEBUG] [net.minecraftforge.fml.loading.moddiscovery.ModFileInfo/LOADING]: Found valid mod file TreesRevariated.jar with {varietree} mods - versions {1.20.1-1.0.0}
[20Aug2026 13:29:40.146] [main/DEBUG] [net.minecraftforge.fml.loading.moddiscovery.ModFileParser/LOADING]: Considering mod file candidate C:\Users\user\Desktop\Modded\mods\voicechat-forge-1.20.1-2.6.16.jar
[20Aug2026 13:29:40.148] [main/DEBUG] [net.minecraftforge.fml.loading.moddiscovery.ModFileInfo/LOADING]: Found valid mod file voicechat-forge-1.20.1-2.6.16.jar with {voicechat,voicechat_api} mods - versions {1.20.1-2.6.16,2.6.13}
[20Aug2026 13:29:40.150] [main/WARN] [net.minecraftforge.fml.loading.moddiscovery.ModDiscoverer/SCAN]: Locator {mods folder locator at C:\Users\user\Desktop\Modded\mods} returned 1 files which are client-side-only mods, but we're on a dedicated server. They will be skipped!
[20Aug2026 13:29:40.310] [main/DEBUG] [net.minecraftforge.fml.loading.moddiscovery.ModFileInfo/LOADING]: Found valid mod file server-1.20.1-20230612.114412-srg.jar with {minecraft} mods - versions {1.20.1}
[20Aug2026 13:29:40.319] [main/DEBUG] [net.minecraftforge.fml.loading.moddiscovery.ModFileParser/LOADING]: Considering mod file candidate C:\Users\user\Desktop\Modded\libraries\net\minecraftforge\fmlcore\1.20.1-47.4.10\fmlcore-1.20.1-47.4.10.jar
[20Aug2026 13:29:40.320] [main/WARN] [net.minecraftforge.fml.loading.moddiscovery.ModFileParser/LOADING]: Mod file C:\Users\user\Desktop\Modded\libraries\net\minecraftforge\fmlcore\1.20.1-47.4.10\fmlcore-1.20.1-47.4.10.jar is missing mods.toml file
[20Aug2026 13:29:40.328] [main/DEBUG] [net.minecraftforge.fml.loading.moddiscovery.ModFileParser/LOADING]: Considering mod file candidate C:\Users\user\Desktop\Modded\libraries\net\minecraftforge\javafmllanguage\1.20.1-47.4.10\javafmllanguage-1.20.1-47.4.10.jar
[20Aug2026 13:29:40.329] [main/WARN] [net.minecraftforge.fml.loading.moddiscovery.ModFileParser/LOADING]: Mod file C:\Users\user\Desktop\Modded\libraries\net\minecraftforge\javafmllanguage\1.20.1-47.4.10\javafmllanguage-1.20.1-47.4.10.jar is missing mods.toml file
[20Aug2026 13:29:40.338] [main/DEBUG] [net.minecraftforge.fml.loading.moddiscovery.ModFileParser/LOADING]: Considering mod file candidate C:\Users\user\Desktop\Modded\libraries\net\minecraftforge\lowcodelanguage\1.20.1-47.4.10\lowcodelanguage-1.20.1-47.4.10.jar
[20Aug2026 13:29:40.338] [main/WARN] [net.minecraftforge.fml.loading.moddiscovery.ModFileParser/LOADING]: Mod file C:\Users\user\Desktop\Modded\libraries\net\minecraftforge\lowcodelanguage\1.20.1-47.4.10\lowcodelanguage-1.20.1-47.4.10.jar is missing mods.toml file
[20Aug2026 13:29:40.345] [main/DEBUG] [net.minecraftforge.fml.loading.moddiscovery.ModFileParser/LOADING]: Considering mod file candidate C:\Users\user\Desktop\Modded\libraries\net\minecraftforge\mclanguage\1.20.1-47.4.10\mclanguage-1.20.1-47.4.10.jar
[20Aug2026 13:29:40.346] [main/WARN] [net.minecraftforge.fml.loading.moddiscovery.ModFileParser/LOADING]: Mod file C:\Users\user\Desktop\Modded\libraries\net\minecraftforge\mclanguage\1.20.1-47.4.10\mclanguage-1.20.1-47.4.10.jar is missing mods.toml file
[20Aug2026 13:29:40.403] [main/DEBUG] [net.minecraftforge.fml.loading.moddiscovery.ModFileParser/LOADING]: Considering mod file candidate C:\Users\user\Desktop\Modded\libraries\net\minecraftforge\forge\1.20.1-47.4.10\forge-1.20.1-47.4.10-universal.jar
[20Aug2026 13:29:40.404] [main/DEBUG] [net.minecraftforge.fml.loading.moddiscovery.ModFileInfo/LOADING]: Found valid mod file forge-1.20.1-47.4.10-universal.jar with {forge} mods - versions {47.4.10}
[20Aug2026 13:29:40.421] [main/DEBUG] [net.minecraftforge.fml.loading.moddiscovery.AbstractJarFileDependencyLocator/]: Failed to load resource META-INF\jarjar\metadata.json from server-1.20.1-20230612.114412-srg.jar, it does not contain dependency information.
[20Aug2026 13:29:40.422] [main/DEBUG] [net.minecraftforge.fml.loading.moddiscovery.AbstractJarFileDependencyLocator/]: Failed to load resource META-INF\jarjar\metadata.json from fallingtrees-forge-mc1.20-0.13.2-SNAPSHOT.jar, it does not contain dependency information.
[20Aug2026 13:29:40.422] [main/DEBUG] [net.minecraftforge.fml.loading.moddiscovery.AbstractJarFileDependencyLocator/]: Failed to load resource META-INF\jarjar\metadata.json from voicechat-forge-1.20.1-2.6.16.jar, it does not contain dependency information.
[20Aug2026 13:29:40.422] [main/DEBUG] [net.minecraftforge.fml.loading.moddiscovery.AbstractJarFileDependencyLocator/]: Failed to load resource META-INF\jarjar\metadata.json from doubledoors-1.20.1-7.2.jar, it does not contain dependency information.
[20Aug2026 13:29:40.422] [main/DEBUG] [net.minecraftforge.fml.loading.moddiscovery.AbstractJarFileDependencyLocator/]: Failed to load resource META-INF\jarjar\metadata.json from extragore-1.20.1-5.2.3.1.jar, it does not contain dependency information.
[20Aug2026 13:29:40.422] [main/DEBUG] [net.minecraftforge.fml.loading.moddiscovery.AbstractJarFileDependencyLocator/]: Failed to load resource META-INF\jarjar\metadata.json from AmbientSounds_FORGE_v6.3.6_mc1.20.1.jar, it does not contain dependency information.
[20Aug2026 13:29:40.422] [main/DEBUG] [net.minecraftforge.fml.loading.moddiscovery.AbstractJarFileDependencyLocator/]: Failed to load resource META-INF\jarjar\metadata.json from supermartijn642configlib-1.1.8-forge-mc1.20.jar, it does not contain dependency information.
[20Aug2026 13:29:40.423] [main/DEBUG] [net.minecraftforge.fml.loading.moddiscovery.AbstractJarFileDependencyLocator/]: Failed to load resource META-INF\jarjar\metadata.json from NoChatReports-FORGE-1.20.1-v2.2.2.jar, it does not contain dependency information.
[20Aug2026 13:29:40.423] [main/DEBUG] [net.minecraftforge.fml.loading.moddiscovery.AbstractJarFileDependencyLocator/]: Failed to load resource META-INF\jarjar\metadata.json from CreativeCore_FORGE_v2.12.36_mc1.20.1.jar, it does not contain dependency information.
[20Aug2026 13:29:40.423] [main/DEBUG] [net.minecraftforge.fml.loading.moddiscovery.AbstractJarFileDependencyLocator/]: Failed to load resource META-INF\jarjar\metadata.json from pandalib-forge-mc1.20-0.5.2-SNAPSHOT.jar, it does not contain dependency information.
[20Aug2026 13:29:40.423] [main/DEBUG] [net.minecraftforge.fml.loading.moddiscovery.AbstractJarFileDependencyLocator/]: Failed to load resource META-INF\jarjar\metadata.json from cleanswing-1.20-1.8.jar, it does not contain dependency information.
[20Aug2026 13:29:40.423] [main/DEBUG] [net.minecraftforge.fml.loading.moddiscovery.AbstractJarFileDependencyLocator/]: Failed to load resource META-INF\jarjar\metadata.json from modelfix-1.15.jar, it does not contain dependency information.
[20Aug2026 13:29:40.423] [main/DEBUG] [net.minecraftforge.fml.loading.moddiscovery.AbstractJarFileDependencyLocator/]: Failed to load resource META-INF\jarjar\metadata.json from sound-physics-remastered-forge-1.20.1-1.5.1.jar, it does not contain dependency information.
[20Aug2026 13:29:40.423] [main/DEBUG] [net.minecraftforge.fml.loading.moddiscovery.AbstractJarFileDependencyLocator/]: Failed to load resource META-INF\jarjar\metadata.json from its_not_real-1.1.1.1.1.1.1.1.jar, it does not contain dependency information.
[20Aug2026 13:29:40.423] [main/DEBUG] [net.minecraftforge.fml.loading.moddiscovery.AbstractJarFileDependencyLocator/]: Failed to load resource META-INF\jarjar\metadata.json from rightclickharvest-forge-4.6.1+1.20.1.jar, it does not contain dependency information.
[20Aug2026 13:29:40.423] [main/DEBUG] [net.minecraftforge.fml.loading.moddiscovery.AbstractJarFileDependencyLocator/]: Failed to load resource META-INF\jarjar\metadata.json from collective-1.20.1-8.20.jar, it does not contain dependency information.
[20Aug2026 13:29:40.423] [main/DEBUG] [net.minecraftforge.fml.loading.moddiscovery.AbstractJarFileDependencyLocator/]: Failed to load resource META-INF\jarjar\metadata.json from EnhancedVisuals_FORGE_v1.8.2_mc1.20.1.jar, it does not contain dependency information.
[20Aug2026 13:29:40.423] [main/DEBUG] [net.minecraftforge.fml.loading.moddiscovery.AbstractJarFileDependencyLocator/]: Failed to load resource META-INF\jarjar\metadata.json from BetterThirdPerson-Forge-1.20-1.9.0.jar, it does not contain dependency information.
[20Aug2026 13:29:40.423] [main/DEBUG] [net.minecraftforge.fml.loading.moddiscovery.AbstractJarFileDependencyLocator/]: Failed to load resource META-INF\jarjar\metadata.json from BadMobs-1.20.1-19.0.4.jar, it does not contain dependency information.
[20Aug2026 13:29:40.424] [main/DEBUG] [net.minecraftforge.fml.loading.moddiscovery.AbstractJarFileDependencyLocator/]: Failed to load resource META-INF\jarjar\metadata.json from architectury-9.2.14-forge.jar, it does not contain dependency information.
[20Aug2026 13:29:40.424] [main/DEBUG] [net.minecraftforge.fml.loading.moddiscovery.AbstractJarFileDependencyLocator/]: Failed to load resource META-INF\jarjar\metadata.json from the_wonderland-2.1.4-1.20.1.jar, it does not contain dependency information.
[20Aug2026 13:29:40.424] [main/DEBUG] [net.minecraftforge.fml.loading.moddiscovery.AbstractJarFileDependencyLocator/]: Failed to load resource META-INF\jarjar\metadata.json from forge-1.20.1-47.4.10-universal.jar, it does not contain dependency information.
[20Aug2026 13:29:40.424] [main/DEBUG] [net.minecraftforge.fml.loading.moddiscovery.AbstractJarFileDependencyLocator/]: Failed to load resource META-INF\jarjar\metadata.json from TreesRevariated.jar, it does not contain dependency information.
[20Aug2026 13:29:40.424] [main/DEBUG] [net.minecraftforge.fml.loading.moddiscovery.AbstractJarFileDependencyLocator/]: Failed to load resource META-INF\jarjar\metadata.json from durabilitytooltip-1.1.6-forge-mc1.20.jar, it does not contain dependency information.
[20Aug2026 13:29:40.424] [main/DEBUG] [net.minecraftforge.fml.loading.moddiscovery.AbstractJarFileDependencyLocator/]: Failed to load resource META-INF\jarjar\metadata.json from PresenceFootsteps-1.20.1-1.9.1-beta.1.jar, it does not contain dependency information.
[20Aug2026 13:29:40.425] [main/DEBUG] [net.minecraftforge.fml.loading.moddiscovery.AbstractJarFileDependencyLocator/]: Failed to load resource META-INF\jarjar\metadata.json from mclanguage-1.20.1-47.4.10.jar, it does not contain dependency information.
[20Aug2026 13:29:40.425] [main/DEBUG] [net.minecraftforge.fml.loading.moddiscovery.AbstractJarFileDependencyLocator/]: Failed to load resource META-INF\jarjar\metadata.json from javafmllanguage-1.20.1-47.4.10.jar, it does not contain dependency information.
[20Aug2026 13:29:40.425] [main/DEBUG] [net.minecraftforge.fml.loading.moddiscovery.AbstractJarFileDependencyLocator/]: Failed to load resource META-INF\jarjar\metadata.json from fmlcore-1.20.1-47.4.10.jar, it does not contain dependency information.
[20Aug2026 13:29:40.425] [main/DEBUG] [net.minecraftforge.fml.loading.moddiscovery.AbstractJarFileDependencyLocator/]: Failed to load resource META-INF\jarjar\metadata.json from lowcodelanguage-1.20.1-47.4.10.jar, it does not contain dependency information.
[20Aug2026 13:29:40.485] [main/DEBUG] [net.minecraftforge.fml.loading.moddiscovery.ModFileParser/LOADING]: Considering mod file candidate 
[20Aug2026 13:29:40.486] [main/DEBUG] [net.minecraftforge.fml.loading.moddiscovery.ModFileInfo/LOADING]: Found valid mod file mixinextras-forge-0.3.5.jar with {mixinextras} mods - versions {0.3.5}
[20Aug2026 13:29:40.506] [main/DEBUG] [net.minecraftforge.fml.loading.moddiscovery.AbstractJarFileDependencyLocator/]: Failed to load resource META-INF\jarjar\metadata.json from mclib-20.jar, it does not contain dependency information.
[20Aug2026 13:29:40.507] [main/DEBUG] [net.minecraftforge.fml.loading.moddiscovery.AbstractJarFileDependencyLocator/]: Failed to load resource META-INF\jarjar\metadata.json from jankson-1.2.3.jar, it does not contain dependency information.
[20Aug2026 13:29:40.523] [main/DEBUG] [net.minecraftforge.fml.loading.moddiscovery.AbstractJarFileDependencyLocator/]: Failed to load resource META-INF\jarjar\metadata.json from MixinExtras-0.3.5.jar, it does not contain dependency information.
[20Aug2026 13:29:40.523] [main/DEBUG] [net.minecraftforge.fml.loading.moddiscovery.AbstractJarFileDependencyLocator/]: Failed to load resource META-INF\jarjar\metadata.json from MixinExtras-0.5.0.jar, it does not contain dependency information.
[20Aug2026 13:29:40.577] [main/INFO] [net.minecraftforge.fml.loading.moddiscovery.JarInJarDependencyLocator/]: Found 4 dependencies adding them to mods collection
[20Aug2026 13:29:40.580] [main/DEBUG] [net.minecraftforge.fml.loading.moddiscovery.ModFileParser/LOADING]: Considering mod file candidate C:\Users\user\Desktop\Modded\mods\fallingtrees-forge-mc1.20-0.13.2-SNAPSHOT.jar
[20Aug2026 13:29:40.581] [main/DEBUG] [net.minecraftforge.fml.loading.moddiscovery.ModFileInfo/LOADING]: Found valid mod file fallingtrees-forge-mc1.20-0.13.2-SNAPSHOT.jar with {fallingtrees} mods - versions {0.13.2}
[20Aug2026 13:29:40.584] [main/DEBUG] [net.minecraftforge.fml.loading.moddiscovery.ModFile/LOADING]: Loading mod file C:\Users\user\Desktop\Modded\mods\fallingtrees-forge-mc1.20-0.13.2-SNAPSHOT.jar with languages [LanguageSpec[languageName=javafml, acceptedVersions=*]]
[20Aug2026 13:29:40.585] [main/DEBUG] [net.minecraftforge.fml.loading.moddiscovery.ModFileInfo/LOADING]: Found valid mod file server-1.20.1-20230612.114412-srg.jar with {minecraft} mods - versions {1.20.1}
[20Aug2026 13:29:40.586] [main/DEBUG] [net.minecraftforge.fml.loading.moddiscovery.ModFile/LOADING]: Loading mod file C:\Users\user\Desktop\Modded\libraries\net\minecraft\server\1.20.1-20230612.114412\server-1.20.1-20230612.114412-srg.jar with languages [LanguageSpec[languageName=minecraft, acceptedVersions=1]]
[20Aug2026 13:29:40.586] [main/DEBUG] [net.minecraftforge.fml.loading.moddiscovery.ModFileParser/LOADING]: Considering mod file candidate C:\Users\user\Desktop\Modded\mods\doubledoors-1.20.1-7.2.jar
[20Aug2026 13:29:40.587] [main/DEBUG] [net.minecraftforge.fml.loading.moddiscovery.ModFileInfo/LOADING]: Found valid mod file doubledoors-1.20.1-7.2.jar with {doubledoors} mods - versions {7.2}
[20Aug2026 13:29:40.587] [main/DEBUG] [net.minecraftforge.fml.loading.moddiscovery.ModFile/LOADING]: Loading mod file C:\Users\user\Desktop\Modded\mods\doubledoors-1.20.1-7.2.jar with languages [LanguageSpec[languageName=javafml, acceptedVersions=*]]
[20Aug2026 13:29:40.587] [main/DEBUG] [net.minecraftforge.fml.loading.moddiscovery.ModFileParser/LOADING]: Considering mod file candidate C:\Users\user\Desktop\Modded\mods\voicechat-forge-1.20.1-2.6.16.jar
[20Aug2026 13:29:40.588] [main/DEBUG] [net.minecraftforge.fml.loading.moddiscovery.ModFileInfo/LOADING]: Found valid mod file voicechat-forge-1.20.1-2.6.16.jar with {voicechat,voicechat_api} mods - versions {1.20.1-2.6.16,2.6.13}
[20Aug2026 13:29:40.588] [main/DEBUG] [net.minecraftforge.fml.loading.moddiscovery.ModFile/LOADING]: Loading mod file C:\Users\user\Desktop\Modded\mods\voicechat-forge-1.20.1-2.6.16.jar with languages [LanguageSpec[languageName=javafml, acceptedVersions=*]]
[20Aug2026 13:29:40.588] [main/DEBUG] [net.minecraftforge.fml.loading.moddiscovery.ModFileParser/LOADING]: Considering mod file candidate C:\Users\user\Desktop\Modded\mods\AmbientSounds_FORGE_v6.3.6_mc1.20.1.jar
[20Aug2026 13:29:40.589] [main/DEBUG] [net.minecraftforge.fml.loading.moddiscovery.ModFileInfo/LOADING]: Found valid mod file AmbientSounds_FORGE_v6.3.6_mc1.20.1.jar with {ambientsounds} mods - versions {6.3.6}
[20Aug2026 13:29:40.589] [main/DEBUG] [net.minecraftforge.fml.loading.moddiscovery.ModFile/LOADING]: Loading mod file C:\Users\user\Desktop\Modded\mods\AmbientSounds_FORGE_v6.3.6_mc1.20.1.jar with languages [LanguageSpec[languageName=javafml, acceptedVersions=[46,)]]
[20Aug2026 13:29:40.590] [main/DEBUG] [net.minecraftforge.fml.loading.moddiscovery.ModFileParser/LOADING]: Considering mod file candidate C:\Users\user\Desktop\Modded\mods\extragore-1.20.1-5.2.3.1.jar
[20Aug2026 13:29:40.591] [main/DEBUG] [net.minecraftforge.fml.loading.moddiscovery.ModFileInfo/LOADING]: Found valid mod file extragore-1.20.1-5.2.3.1.jar with {extragore} mods - versions {5.2.3.1}
[20Aug2026 13:29:40.591] [main/DEBUG] [net.minecraftforge.fml.loading.moddiscovery.ModFile/LOADING]: Loading mod file C:\Users\user\Desktop\Modded\mods\extragore-1.20.1-5.2.3.1.jar with languages [LanguageSpec[languageName=javafml, acceptedVersions=[47,)]]
[20Aug2026 13:29:40.591] [main/DEBUG] [net.minecraftforge.fml.loading.moddiscovery.ModFileParser/LOADING]: Considering mod file candidate C:\Users\user\Desktop\Modded\mods\jamlib-forge-1.3.6+1.20.1.jar
[20Aug2026 13:29:40.591] [main/DEBUG] [net.minecraftforge.fml.loading.moddiscovery.ModFileInfo/LOADING]: Found valid mod file jamlib-forge-1.3.6+1.20.1.jar with {jamlib} mods - versions {1.3.6+1.20.1}
[20Aug2026 13:29:40.591] [main/DEBUG] [net.minecraftforge.fml.loading.moddiscovery.ModFile/LOADING]: Loading mod file C:\Users\user\Desktop\Modded\mods\jamlib-forge-1.3.6+1.20.1.jar with languages [LanguageSpec[languageName=javafml, acceptedVersions=[47,)]]
[20Aug2026 13:29:40.592] [main/DEBUG] [net.minecraftforge.fml.loading.moddiscovery.ModFileParser/LOADING]: Considering mod file candidate C:\Users\user\Desktop\Modded\mods\supermartijn642configlib-1.1.8-forge-mc1.20.jar
[20Aug2026 13:29:40.592] [main/DEBUG] [net.minecraftforge.fml.loading.moddiscovery.ModFileInfo/LOADING]: Found valid mod file supermartijn642configlib-1.1.8-forge-mc1.20.jar with {supermartijn642configlib} mods - versions {1.1.8}
[20Aug2026 13:29:40.592] [main/DEBUG] [net.minecraftforge.fml.loading.moddiscovery.ModFile/LOADING]: Loading mod file C:\Users\user\Desktop\Modded\mods\supermartijn642configlib-1.1.8-forge-mc1.20.jar with languages [LanguageSpec[languageName=javafml, acceptedVersions=[46,)]]
[20Aug2026 13:29:40.592] [main/DEBUG] [net.minecraftforge.fml.loading.moddiscovery.ModFileParser/LOADING]: Considering mod file candidate C:\Users\user\Desktop\Modded\mods\NoChatReports-FORGE-1.20.1-v2.2.2.jar
[20Aug2026 13:29:40.593] [main/DEBUG] [net.minecraftforge.fml.loading.moddiscovery.ModFileInfo/LOADING]: Found valid mod file NoChatReports-FORGE-1.20.1-v2.2.2.jar with {nochatreports} mods - versions {1.20.1-v2.2.2}
[20Aug2026 13:29:40.593] [main/DEBUG] [net.minecraftforge.fml.loading.moddiscovery.ModFile/LOADING]: Loading mod file C:\Users\user\Desktop\Modded\mods\NoChatReports-FORGE-1.20.1-v2.2.2.jar with languages [LanguageSpec[languageName=javafml, acceptedVersions=[31,)]]
[20Aug2026 13:29:40.593] [main/DEBUG] [net.minecraftforge.fml.loading.moddiscovery.ModFileParser/LOADING]: Considering mod file candidate C:\Users\user\Desktop\Modded\mods\geckolib-forge-1.20.1-4.8.3.jar
[20Aug2026 13:29:40.594] [main/DEBUG] [net.minecraftforge.fml.loading.moddiscovery.ModFileInfo/LOADING]: Found valid mod file geckolib-forge-1.20.1-4.8.3.jar with {geckolib} mods - versions {4.8.3}
[20Aug2026 13:29:40.594] [main/DEBUG] [net.minecraftforge.fml.loading.moddiscovery.ModFile/LOADING]: Loading mod file C:\Users\user\Desktop\Modded\mods\geckolib-forge-1.20.1-4.8.3.jar with languages [LanguageSpec[languageName=javafml, acceptedVersions=[47,)]]
[20Aug2026 13:29:40.595] [main/DEBUG] [net.minecraftforge.fml.loading.moddiscovery.ModFileParser/LOADING]: Considering mod file candidate C:\Users\user\Desktop\Modded\mods\CreativeCore_FORGE_v2.12.36_mc1.20.1.jar
[20Aug2026 13:29:40.596] [main/DEBUG] [net.minecraftforge.fml.loading.moddiscovery.ModFileInfo/LOADING]: Found valid mod file CreativeCore_FORGE_v2.12.36_mc1.20.1.jar with {creativecore} mods - versions {2.12.36}
[20Aug2026 13:29:40.596] [main/DEBUG] [net.minecraftforge.fml.loading.moddiscovery.ModFile/LOADING]: Loading mod file C:\Users\user\Desktop\Modded\mods\CreativeCore_FORGE_v2.12.36_mc1.20.1.jar with languages [LanguageSpec[languageName=javafml, acceptedVersions=[46,)]]
[20Aug2026 13:29:40.596] [main/DEBUG] [net.minecraftforge.fml.loading.moddiscovery.ModFileParser/LOADING]: Considering mod file candidate C:\Users\user\Desktop\Modded\mods\cleanswing-1.20-1.8.jar
[20Aug2026 13:29:40.597] [main/DEBUG] [net.minecraftforge.fml.loading.moddiscovery.ModFileInfo/LOADING]: Found valid mod file cleanswing-1.20-1.8.jar with {cleanswing} mods - versions {1.8}
[20Aug2026 13:29:40.597] [main/DEBUG] [net.minecraftforge.fml.loading.moddiscovery.ModFile/LOADING]: Loading mod file C:\Users\user\Desktop\Modded\mods\cleanswing-1.20-1.8.jar with languages [LanguageSpec[languageName=javafml, acceptedVersions=[36,)]]
[20Aug2026 13:29:40.597] [main/DEBUG] [net.minecraftforge.fml.loading.moddiscovery.ModFileParser/LOADING]: Considering mod file candidate C:\Users\user\Desktop\Modded\mods\pandalib-forge-mc1.20-0.5.2-SNAPSHOT.jar
[20Aug2026 13:29:40.598] [main/DEBUG] [net.minecraftforge.fml.loading.moddiscovery.ModFileInfo/LOADING]: Found valid mod file pandalib-forge-mc1.20-0.5.2-SNAPSHOT.jar with {pandalib} mods - versions {0.5.2}
[20Aug2026 13:29:40.598] [main/DEBUG] [net.minecraftforge.fml.loading.moddiscovery.ModFile/LOADING]: Loading mod file C:\Users\user\Desktop\Modded\mods\pandalib-forge-mc1.20-0.5.2-SNAPSHOT.jar with languages [LanguageSpec[languageName=javafml, acceptedVersions=*]]
[20Aug2026 13:29:40.598] [main/DEBUG] [net.minecraftforge.fml.loading.moddiscovery.ModFileParser/LOADING]: Considering mod file candidate C:\Users\user\Desktop\Modded\mods\modelfix-1.15.jar
[20Aug2026 13:29:40.598] [main/DEBUG] [net.minecraftforge.fml.loading.moddiscovery.ModFileInfo/LOADING]: Found valid mod file modelfix-1.15.jar with {modelfix} mods - versions {1.15}
[20Aug2026 13:29:40.598] [main/DEBUG] [net.minecraftforge.fml.loading.moddiscovery.ModFile/LOADING]: Loading mod file C:\Users\user\Desktop\Modded\mods\modelfix-1.15.jar with languages [LanguageSpec[languageName=javafml, acceptedVersions=[38,)]]
[20Aug2026 13:29:40.598] [main/DEBUG] [net.minecraftforge.fml.loading.moddiscovery.ModFileParser/LOADING]: Considering mod file candidate C:\Users\user\Desktop\Modded\mods\its_not_real-1.1.1.1.1.1.1.1.jar
[20Aug2026 13:29:40.599] [main/DEBUG] [net.minecraftforge.fml.loading.moddiscovery.ModFileInfo/LOADING]: Found valid mod file its_not_real-1.1.1.1.1.1.1.1.jar with {its_not_real} mods - versions {1.1.1.1.1.1.1.1}
[20Aug2026 13:29:40.599] [main/DEBUG] [net.minecraftforge.fml.loading.moddiscovery.ModFile/LOADING]: Loading mod file C:\Users\user\Desktop\Modded\mods\its_not_real-1.1.1.1.1.1.1.1.jar with languages [LanguageSpec[languageName=javafml, acceptedVersions=[47,)]]
[20Aug2026 13:29:40.599] [main/DEBUG] [net.minecraftforge.fml.loading.moddiscovery.ModFileParser/LOADING]: Considering mod file candidate C:\Users\user\Desktop\Modded\mods\sound-physics-remastered-forge-1.20.1-1.5.1.jar
[20Aug2026 13:29:40.600] [main/DEBUG] [net.minecraftforge.fml.loading.moddiscovery.ModFileInfo/LOADING]: Found valid mod file sound-physics-remastered-forge-1.20.1-1.5.1.jar with {sound_physics_remastered} mods - versions {1.20.1-1.5.1}
[20Aug2026 13:29:40.600] [main/DEBUG] [net.minecraftforge.fml.loading.moddiscovery.ModFile/LOADING]: Loading mod file C:\Users\user\Desktop\Modded\mods\sound-physics-remastered-forge-1.20.1-1.5.1.jar with languages [LanguageSpec[languageName=javafml, acceptedVersions=*]]
[20Aug2026 13:29:40.600] [main/DEBUG] [net.minecraftforge.fml.loading.moddiscovery.ModFileParser/LOADING]: Considering mod file candidate C:\Users\user\Desktop\Modded\mods\rightclickharvest-forge-4.6.1+1.20.1.jar
[20Aug2026 13:29:40.602] [main/DEBUG] [net.minecraftforge.fml.loading.moddiscovery.ModFileInfo/LOADING]: Found valid mod file rightclickharvest-forge-4.6.1+1.20.1.jar with {rightclickharvest} mods - versions {4.6.1+1.20.1}
[20Aug2026 13:29:40.602] [main/DEBUG] [net.minecraftforge.fml.loading.moddiscovery.ModFile/LOADING]: Loading mod file C:\Users\user\Desktop\Modded\mods\rightclickharvest-forge-4.6.1+1.20.1.jar with languages [LanguageSpec[languageName=javafml, acceptedVersions=[47,)]]
[20Aug2026 13:29:40.603] [main/DEBUG] [net.minecraftforge.fml.loading.moddiscovery.ModFileParser/LOADING]: Considering mod file candidate C:\Users\user\Desktop\Modded\mods\collective-1.20.1-8.20.jar
[20Aug2026 13:29:40.604] [main/DEBUG] [net.minecraftforge.fml.loading.moddiscovery.ModFileInfo/LOADING]: Found valid mod file collective-1.20.1-8.20.jar with {collective} mods - versions {8.20}
[20Aug2026 13:29:40.604] [main/DEBUG] [net.minecraftforge.fml.loading.moddiscovery.ModFile/LOADING]: Loading mod file C:\Users\user\Desktop\Modded\mods\collective-1.20.1-8.20.jar with languages [LanguageSpec[languageName=javafml, acceptedVersions=*]]
[20Aug2026 13:29:40.604] [main/DEBUG] [net.minecraftforge.fml.loading.moddiscovery.ModFileParser/LOADING]: Considering mod file candidate C:\Users\user\Desktop\Modded\mods\EnhancedVisuals_FORGE_v1.8.2_mc1.20.1.jar
[20Aug2026 13:29:40.605] [main/DEBUG] [net.minecraftforge.fml.loading.moddiscovery.ModFileInfo/LOADING]: Found valid mod file EnhancedVisuals_FORGE_v1.8.2_mc1.20.1.jar with {enhancedvisuals} mods - versions {1.8.2}
[20Aug2026 13:29:40.605] [main/DEBUG] [net.minecraftforge.fml.loading.moddiscovery.ModFile/LOADING]: Loading mod file C:\Users\user\Desktop\Modded\mods\EnhancedVisuals_FORGE_v1.8.2_mc1.20.1.jar with languages [LanguageSpec[languageName=javafml, acceptedVersions=[46,)]]
[20Aug2026 13:29:40.605] [main/DEBUG] [net.minecraftforge.fml.loading.moddiscovery.ModFileParser/LOADING]: Considering mod file candidate C:\Users\user\Desktop\Modded\mods\BetterThirdPerson-Forge-1.20-1.9.0.jar
[20Aug2026 13:29:40.606] [main/DEBUG] [net.minecraftforge.fml.loading.moddiscovery.ModFileInfo/LOADING]: Found valid mod file BetterThirdPerson-Forge-1.20-1.9.0.jar with {betterthirdperson} mods - versions {1.9.0}
[20Aug2026 13:29:40.606] [main/DEBUG] [net.minecraftforge.fml.loading.moddiscovery.ModFile/LOADING]: Loading mod file C:\Users\user\Desktop\Modded\mods\BetterThirdPerson-Forge-1.20-1.9.0.jar with languages [LanguageSpec[languageName=javafml, acceptedVersions=[46,)]]
[20Aug2026 13:29:40.606] [main/DEBUG] [net.minecraftforge.fml.loading.moddiscovery.ModFileParser/LOADING]: Considering mod file candidate C:\Users\user\Desktop\Modded\mods\BadMobs-1.20.1-19.0.4.jar
[20Aug2026 13:29:40.607] [main/DEBUG] [net.minecraftforge.fml.loading.moddiscovery.ModFileInfo/LOADING]: Found valid mod file BadMobs-1.20.1-19.0.4.jar with {badmobs} mods - versions {19.0.4}
[20Aug2026 13:29:40.607] [main/DEBUG] [net.minecraftforge.fml.loading.moddiscovery.ModFile/LOADING]: Loading mod file C:\Users\user\Desktop\Modded\mods\BadMobs-1.20.1-19.0.4.jar with languages [LanguageSpec[languageName=javafml, acceptedVersions=[47,]]]
[20Aug2026 13:29:40.607] [main/DEBUG] [net.minecraftforge.fml.loading.moddiscovery.ModFileParser/LOADING]: Considering mod file candidate C:\Users\user\Desktop\Modded\mods\architectury-9.2.14-forge.jar
[20Aug2026 13:29:40.607] [main/DEBUG] [net.minecraftforge.fml.loading.moddiscovery.ModFileInfo/LOADING]: Found valid mod file architectury-9.2.14-forge.jar with {architectury} mods - versions {9.2.14}
[20Aug2026 13:29:40.608] [main/DEBUG] [net.minecraftforge.fml.loading.moddiscovery.ModFile/LOADING]: Loading mod file C:\Users\user\Desktop\Modded\mods\architectury-9.2.14-forge.jar with languages [LanguageSpec[languageName=javafml, acceptedVersions=[46,)]]
[20Aug2026 13:29:40.608] [main/DEBUG] [net.minecraftforge.fml.loading.moddiscovery.ModFileParser/LOADING]: Considering mod file candidate C:\Users\user\Desktop\Modded\mods\chat_heads-0.15.1-forge-1.20.jar
[20Aug2026 13:29:40.608] [main/DEBUG] [net.minecraftforge.fml.loading.moddiscovery.ModFileInfo/LOADING]: Found valid mod file chat_heads-0.15.1-forge-1.20.jar with {chat_heads} mods - versions {0.15.1}
[20Aug2026 13:29:40.609] [main/DEBUG] [net.minecraftforge.fml.loading.moddiscovery.ModFile/LOADING]: Loading mod file C:\Users\user\Desktop\Modded\mods\chat_heads-0.15.1-forge-1.20.jar with languages [LanguageSpec[languageName=javafml, acceptedVersions=[44,)]]
[20Aug2026 13:29:40.609] [main/DEBUG] [net.minecraftforge.fml.loading.moddiscovery.ModFileParser/LOADING]: Considering mod file candidate C:\Users\user\Desktop\Modded\mods\the_wonderland-2.1.4-1.20.1.jar
[20Aug2026 13:29:40.609] [main/DEBUG] [net.minecraftforge.fml.loading.moddiscovery.ModFileInfo/LOADING]: Found valid mod file the_wonderland-2.1.4-1.20.1.jar with {the_wonderland} mods - versions {2.1.3}
[20Aug2026 13:29:40.609] [main/DEBUG] [net.minecraftforge.fml.loading.moddiscovery.ModFile/LOADING]: Loading mod file C:\Users\user\Desktop\Modded\mods\the_wonderland-2.1.4-1.20.1.jar with languages [LanguageSpec[languageName=javafml, acceptedVersions=[47,)]]
[20Aug2026 13:29:40.610] [main/DEBUG] [net.minecraftforge.fml.loading.moddiscovery.ModFileParser/LOADING]: Considering mod file candidate C:\Users\user\Desktop\Modded\libraries\net\minecraftforge\forge\1.20.1-47.4.10\forge-1.20.1-47.4.10-universal.jar
[20Aug2026 13:29:40.610] [main/DEBUG] [net.minecraftforge.fml.loading.moddiscovery.ModFileInfo/LOADING]: Found valid mod file forge-1.20.1-47.4.10-universal.jar with {forge} mods - versions {47.4.10}
[20Aug2026 13:29:40.610] [main/DEBUG] [net.minecraftforge.fml.loading.moddiscovery.ModFile/LOADING]: Loading mod file C:\Users\user\Desktop\Modded\libraries\net\minecraftforge\forge\1.20.1-47.4.10\forge-1.20.1-47.4.10-universal.jar with languages [LanguageSpec[languageName=javafml, acceptedVersions=[24,]]]
[20Aug2026 13:29:40.612] [main/DEBUG] [net.minecraftforge.fml.loading.moddiscovery.ModFileParser/LOADING]: Found coremod field_to_method with Javascript path coremods/field_to_method.js
[20Aug2026 13:29:40.612] [main/DEBUG] [net.minecraftforge.fml.loading.moddiscovery.ModFileParser/LOADING]: Found coremod field_to_instanceof with Javascript path coremods/field_to_instanceof.js
[20Aug2026 13:29:40.612] [main/DEBUG] [net.minecraftforge.fml.loading.moddiscovery.ModFileParser/LOADING]: Found coremod add_bouncer_method with Javascript path coremods/add_bouncer_method.js
[20Aug2026 13:29:40.613] [main/DEBUG] [net.minecraftforge.fml.loading.moddiscovery.ModFileParser/LOADING]: Found coremod method_redirector with Javascript path coremods/method_redirector.js
[20Aug2026 13:29:40.613] [main/DEBUG] [net.minecraftforge.fml.loading.moddiscovery.ModFile/LOADING]: Found coremod coremods/field_to_method.js
[20Aug2026 13:29:40.613] [main/DEBUG] [net.minecraftforge.fml.loading.moddiscovery.ModFile/LOADING]: Found coremod coremods/field_to_instanceof.js
[20Aug2026 13:29:40.613] [main/DEBUG] [net.minecraftforge.fml.loading.moddiscovery.ModFile/LOADING]: Found coremod coremods/add_bouncer_method.js
[20Aug2026 13:29:40.613] [main/DEBUG] [net.minecraftforge.fml.loading.moddiscovery.ModFile/LOADING]: Found coremod coremods/method_redirector.js
[20Aug2026 13:29:40.613] [main/DEBUG] [net.minecraftforge.fml.loading.moddiscovery.ModFileParser/LOADING]: Considering mod file candidate C:\Users\user\Desktop\Modded\mods\TreesRevariated.jar
[20Aug2026 13:29:40.614] [main/DEBUG] [net.minecraftforge.fml.loading.moddiscovery.ModFileInfo/LOADING]: Found valid mod file TreesRevariated.jar with {varietree} mods - versions {1.20.1-1.0.0}
[20Aug2026 13:29:40.614] [main/DEBUG] [net.minecraftforge.fml.loading.moddiscovery.ModFile/LOADING]: Loading mod file C:\Users\user\Desktop\Modded\mods\TreesRevariated.jar with languages [LanguageSpec[languageName=javafml, acceptedVersions=[47,)]]
[20Aug2026 13:29:40.615] [main/DEBUG] [net.minecraftforge.fml.loading.moddiscovery.ModFileParser/LOADING]: Considering mod file candidate C:\Users\user\Desktop\Modded\mods\durabilitytooltip-1.1.6-forge-mc1.20.jar
[20Aug2026 13:29:40.616] [main/DEBUG] [net.minecraftforge.fml.loading.moddiscovery.ModFileInfo/LOADING]: Found valid mod file durabilitytooltip-1.1.6-forge-mc1.20.jar with {durabilitytooltip} mods - versions {1.1.6}
[20Aug2026 13:29:40.616] [main/DEBUG] [net.minecraftforge.fml.loading.moddiscovery.ModFile/LOADING]: Loading mod file C:\Users\user\Desktop\Modded\mods\durabilitytooltip-1.1.6-forge-mc1.20.jar with languages [LanguageSpec[languageName=javafml, acceptedVersions=[46,)]]
[20Aug2026 13:29:40.616] [main/DEBUG] [net.minecraftforge.fml.loading.moddiscovery.ModFileParser/LOADING]: Considering mod file candidate C:\Users\user\Desktop\Modded\mods\embeddium-0.3.31+mc1.20.1.jar
[20Aug2026 13:29:40.617] [main/DEBUG] [net.minecraftforge.fml.loading.moddiscovery.ModFileInfo/LOADING]: Found valid mod file embeddium-0.3.31+mc1.20.1.jar with {embeddium,rubidium} mods - versions {0.3.31+mc1.20.1,0.7.1}
[20Aug2026 13:29:40.617] [main/DEBUG] [net.minecraftforge.fml.loading.moddiscovery.ModFile/LOADING]: Loading mod file C:\Users\user\Desktop\Modded\mods\embeddium-0.3.31+mc1.20.1.jar with languages [LanguageSpec[languageName=javafml, acceptedVersions=[47,)]]
[20Aug2026 13:29:40.618] [main/DEBUG] [net.minecraftforge.fml.loading.moddiscovery.ModFileParser/LOADING]: Considering mod file candidate C:\Users\user\Desktop\Modded\mods\PresenceFootsteps-1.20.1-1.9.1-beta.1.jar
[20Aug2026 13:29:40.618] [main/DEBUG] [net.minecraftforge.fml.loading.moddiscovery.ModFileInfo/LOADING]: Found valid mod file PresenceFootsteps-1.20.1-1.9.1-beta.1.jar with {presencefootsteps} mods - versions {1.20.1-1.9.1-beta.1}
[20Aug2026 13:29:40.619] [main/DEBUG] [net.minecraftforge.fml.loading.moddiscovery.ModFile/LOADING]: Loading mod file C:\Users\user\Desktop\Modded\mods\PresenceFootsteps-1.20.1-1.9.1-beta.1.jar with languages [LanguageSpec[languageName=javafml, acceptedVersions=[47,)]]
[20Aug2026 13:29:40.619] [main/DEBUG] [net.minecraftforge.fml.loading.moddiscovery.ModFile/LOADING]: Loading mod file  with languages []
[20Aug2026 13:29:40.619] [main/DEBUG] [net.minecraftforge.fml.loading.moddiscovery.ModFile/LOADING]: Loading mod file  with languages []
[20Aug2026 13:29:40.619] [main/DEBUG] [net.minecraftforge.fml.loading.moddiscovery.ModFile/LOADING]: Loading mod file  with languages []
[20Aug2026 13:29:40.619] [main/DEBUG] [net.minecraftforge.fml.loading.moddiscovery.ModFile/LOADING]: Loading mod file  with languages []
[20Aug2026 13:29:40.619] [main/DEBUG] [net.minecraftforge.fml.loading.moddiscovery.ModFile/LOADING]: Loading mod file  with languages []
[20Aug2026 13:29:40.619] [main/DEBUG] [net.minecraftforge.fml.loading.moddiscovery.ModFile/LOADING]: Loading mod file  with languages []
[20Aug2026 13:29:40.619] [main/DEBUG] [net.minecraftforge.fml.loading.moddiscovery.ModFile/LOADING]: Loading mod file  with languages []
[20Aug2026 13:29:40.619] [main/DEBUG] [net.minecraftforge.fml.loading.moddiscovery.ModFile/LOADING]: Loading mod file  with languages []
[20Aug2026 13:29:40.621] [main/DEBUG] [cpw.mods.modlauncher.TransformationServiceDecorator/MODLAUNCHER]: End scan trigger - transformation service fml
[20Aug2026 13:29:40.631] [main/DEBUG] [net.minecraftforge.fml.loading.LanguageLoadingProvider/CORE]: Found 3 language providers
[20Aug2026 13:29:40.632] [main/DEBUG] [net.minecraftforge.fml.loading.LanguageLoadingProvider/CORE]: Found language provider minecraft, version 1.0
[20Aug2026 13:29:40.634] [main/DEBUG] [net.minecraftforge.fml.loading.LanguageLoadingProvider/CORE]: Found language provider lowcodefml, version 47
[20Aug2026 13:29:40.634] [main/DEBUG] [net.minecraftforge.fml.loading.LanguageLoadingProvider/CORE]: Found language provider javafml, version 47
[20Aug2026 13:29:40.639] [main/DEBUG] [net.minecraftforge.fml.loading.UniqueModListBuilder/]: Found 2 mods for first modid mclib, selecting most recent based on version data
[20Aug2026 13:29:40.640] [main/DEBUG] [net.minecraftforge.fml.loading.UniqueModListBuilder/]: Selected file mclib-20.jar for modid mclib with version 0.0NONE
[20Aug2026 13:29:40.640] [main/DEBUG] [net.minecraftforge.fml.loading.UniqueModListBuilder/]: Found 2 mods for first modid jankson, selecting most recent based on version data
[20Aug2026 13:29:40.640] [main/DEBUG] [net.minecraftforge.fml.loading.UniqueModListBuilder/]: Selected file jankson-1.2.3.jar for modid jankson with version 0.0NONE
[20Aug2026 13:29:40.640] [main/DEBUG] [net.minecraftforge.fml.loading.UniqueModListBuilder/]: Found 2 mods for first modid mixinextras, selecting most recent based on version data
[20Aug2026 13:29:40.640] [main/DEBUG] [net.minecraftforge.fml.loading.UniqueModListBuilder/]: Selected file mixinextras-forge-0.5.0.jar for modid mixinextras with version 0.5.0
[20Aug2026 13:29:40.640] [main/DEBUG] [net.minecraftforge.fml.loading.UniqueModListBuilder/]: Found 2 mods for first modid MixinExtras, selecting most recent based on version data
[20Aug2026 13:29:40.640] [main/DEBUG] [net.minecraftforge.fml.loading.UniqueModListBuilder/]: Selected file MixinExtras-0.5.0.jar for modid MixinExtras with version 0.5.0
[20Aug2026 13:29:40.642] [main/DEBUG] [net.minecraftforge.fml.loading.ModSorter/]: Configured system mods: [minecraft, forge]
[20Aug2026 13:29:40.642] [main/DEBUG] [net.minecraftforge.fml.loading.ModSorter/]: Found system mod: minecraft
[20Aug2026 13:29:40.642] [main/DEBUG] [net.minecraftforge.fml.loading.ModSorter/]: Found system mod: forge
[20Aug2026 13:29:40.644] [main/DEBUG] [net.minecraftforge.fml.loading.ModSorter/LOADING]: Found 58 mod requirements (51 mandatory, 7 optional)
[20Aug2026 13:29:40.645] [main/DEBUG] [net.minecraftforge.fml.loading.ModSorter/LOADING]: Found 0 mod requirements missing (0 mandatory, 0 optional)
[20Aug2026 13:29:41.100] [main/DEBUG] [cpw.mods.modlauncher.TransformationServicesHandler/MODLAUNCHER]: Transformation services loading transformers
[20Aug2026 13:29:41.101] [main/DEBUG] [cpw.mods.modlauncher.TransformationServiceDecorator/MODLAUNCHER]: Initializing transformers for transformation service mixin
[20Aug2026 13:29:41.102] [main/DEBUG] [cpw.mods.modlauncher.TransformationServiceDecorator/MODLAUNCHER]: Initialized transformers for transformation service mixin
[20Aug2026 13:29:41.102] [main/DEBUG] [cpw.mods.modlauncher.TransformationServiceDecorator/MODLAUNCHER]: Initializing transformers for transformation service fml
[20Aug2026 13:29:41.102] [main/DEBUG] [net.minecraftforge.fml.loading.FMLServiceProvider/CORE]: Loading coremod transformers
[20Aug2026 13:29:41.102] [main/DEBUG] [net.minecraftforge.coremod.CoreModEngine/COREMOD]: Loading CoreMod from coremods/field_to_method.js
[20Aug2026 13:29:41.279] [main/DEBUG] [net.minecraftforge.coremod.CoreModEngine/COREMOD]: CoreMod loaded successfully
[20Aug2026 13:29:41.280] [main/DEBUG] [net.minecraftforge.coremod.CoreModEngine/COREMOD]: Loading CoreMod from coremods/field_to_instanceof.js
[20Aug2026 13:29:41.354] [main/DEBUG] [net.minecraftforge.coremod.CoreModEngine/COREMOD]: CoreMod loaded successfully
[20Aug2026 13:29:41.355] [main/DEBUG] [net.minecraftforge.coremod.CoreModEngine/COREMOD]: Loading CoreMod from coremods/add_bouncer_method.js
[20Aug2026 13:29:41.389] [main/DEBUG] [net.minecraftforge.coremod.CoreModEngine/COREMOD]: CoreMod loaded successfully
[20Aug2026 13:29:41.389] [main/DEBUG] [net.minecraftforge.coremod.CoreModEngine/COREMOD]: Loading CoreMod from coremods/method_redirector.js
[20Aug2026 13:29:41.448] [main/DEBUG] [net.minecraftforge.coremod.CoreModEngine/COREMOD]: CoreMod loaded successfully
[20Aug2026 13:29:41.468] [main/DEBUG] [cpw.mods.modlauncher.TransformStore/MODLAUNCHER]: Adding transformer net.minecraftforge.coremod.transformer.CoreModClassTransformer@44be69aa to Target : CLASS {Lnet/minecraft/world/level/biome/Biome;} {} {V}
[20Aug2026 13:29:41.470] [main/DEBUG] [cpw.mods.modlauncher.TransformStore/MODLAUNCHER]: Adding transformer net.minecraftforge.coremod.transformer.CoreModClassTransformer@2eed37f4 to Target : CLASS {Lnet/minecraft/world/level/levelgen/structure/Structure;} {} {V}
[20Aug2026 13:29:41.471] [main/DEBUG] [cpw.mods.modlauncher.TransformStore/MODLAUNCHER]: Adding transformer net.minecraftforge.coremod.transformer.CoreModClassTransformer@9b76b60 to Target : CLASS {Lnet/minecraft/world/effect/MobEffectInstance;} {} {V}
[20Aug2026 13:29:41.471] [main/DEBUG] [cpw.mods.modlauncher.TransformStore/MODLAUNCHER]: Adding transformer net.minecraftforge.coremod.transformer.CoreModClassTransformer@3fb9a67f to Target : CLASS {Lnet/minecraft/world/level/block/LiquidBlock;} {} {V}
[20Aug2026 13:29:41.471] [main/DEBUG] [cpw.mods.modlauncher.TransformStore/MODLAUNCHER]: Adding transformer net.minecraftforge.coremod.transformer.CoreModClassTransformer@127705e4 to Target : CLASS {Lnet/minecraft/world/item/BucketItem;} {} {V}
[20Aug2026 13:29:41.471] [main/DEBUG] [cpw.mods.modlauncher.TransformStore/MODLAUNCHER]: Adding transformer net.minecraftforge.coremod.transformer.CoreModClassTransformer@5562c2c9 to Target : CLASS {Lnet/minecraft/world/level/block/StairBlock;} {} {V}
[20Aug2026 13:29:41.471] [main/DEBUG] [cpw.mods.modlauncher.TransformStore/MODLAUNCHER]: Adding transformer net.minecraftforge.coremod.transformer.CoreModClassTransformer@673c4f6e to Target : CLASS {Lnet/minecraft/world/level/block/FlowerPotBlock;} {} {V}
[20Aug2026 13:29:41.471] [main/DEBUG] [cpw.mods.modlauncher.TransformStore/MODLAUNCHER]: Adding transformer net.minecraftforge.coremod.transformer.CoreModClassTransformer@15c487a8 to Target : CLASS {Lnet/minecraft/world/item/ItemStack;} {} {V}
[20Aug2026 13:29:41.471] [main/DEBUG] [cpw.mods.modlauncher.TransformStore/MODLAUNCHER]: Adding transformer net.minecraftforge.coremod.transformer.CoreModClassTransformer@3f36e8d1 to Target : CLASS {Lnet/minecraft/network/play/client/CClientSettingsPacket;} {} {V}
[20Aug2026 13:29:41.472] [main/DEBUG] [cpw.mods.modlauncher.TransformStore/MODLAUNCHER]: Adding transformer net.minecraftforge.coremod.transformer.CoreModClassTransformer@7c011174 to Target : CLASS {Lnet/minecraft/world/entity/animal/frog/Tadpole;} {} {V}
[20Aug2026 13:29:41.472] [main/DEBUG] [cpw.mods.modlauncher.TransformStore/MODLAUNCHER]: Adding transformer net.minecraftforge.coremod.transformer.CoreModClassTransformer@7c011174 to Target : CLASS {Lnet/minecraft/world/entity/animal/horse/SkeletonTrapGoal;} {} {V}
[20Aug2026 13:29:41.472] [main/DEBUG] [cpw.mods.modlauncher.TransformStore/MODLAUNCHER]: Adding transformer net.minecraftforge.coremod.transformer.CoreModClassTransformer@7c011174 to Target : CLASS {Lnet/minecraft/world/entity/monster/Evoker$EvokerSummonSpellGoal;} {} {V}
[20Aug2026 13:29:41.472] [main/DEBUG] [cpw.mods.modlauncher.TransformStore/MODLAUNCHER]: Adding transformer net.minecraftforge.coremod.transformer.CoreModClassTransformer@7c011174 to Target : CLASS {Lnet/minecraft/world/entity/raid/Raid;} {} {V}
[20Aug2026 13:29:41.472] [main/DEBUG] [cpw.mods.modlauncher.TransformStore/MODLAUNCHER]: Adding transformer net.minecraftforge.coremod.transformer.CoreModClassTransformer@7c011174 to Target : CLASS {Lnet/minecraft/world/level/levelgen/structure/structures/OceanRuinPieces$OceanRuinPiece;} {} {V}
[20Aug2026 13:29:41.472] [main/DEBUG] [cpw.mods.modlauncher.TransformStore/MODLAUNCHER]: Adding transformer net.minecraftforge.coremod.transformer.CoreModClassTransformer@7c011174 to Target : CLASS {Lnet/minecraft/world/entity/npc/Villager;} {} {V}
[20Aug2026 13:29:41.472] [main/DEBUG] [cpw.mods.modlauncher.TransformStore/MODLAUNCHER]: Adding transformer net.minecraftforge.coremod.transformer.CoreModClassTransformer@7c011174 to Target : CLASS {Lnet/minecraft/world/entity/monster/ZombieVillager;} {} {V}
[20Aug2026 13:29:41.472] [main/DEBUG] [cpw.mods.modlauncher.TransformStore/MODLAUNCHER]: Adding transformer net.minecraftforge.coremod.transformer.CoreModClassTransformer@7c011174 to Target : CLASS {Lnet/minecraft/world/level/levelgen/PatrolSpawner;} {} {V}
[20Aug2026 13:29:41.472] [main/DEBUG] [cpw.mods.modlauncher.TransformStore/MODLAUNCHER]: Adding transformer net.minecraftforge.coremod.transformer.CoreModClassTransformer@7c011174 to Target : CLASS {Lnet/minecraft/world/level/NaturalSpawner;} {} {V}
[20Aug2026 13:29:41.472] [main/DEBUG] [cpw.mods.modlauncher.TransformStore/MODLAUNCHER]: Adding transformer net.minecraftforge.coremod.transformer.CoreModClassTransformer@7c011174 to Target : CLASS {Lnet/minecraft/world/level/levelgen/structure/structures/OceanMonumentPieces$OceanMonumentPiece;} {} {V}
[20Aug2026 13:29:41.472] [main/DEBUG] [cpw.mods.modlauncher.TransformStore/MODLAUNCHER]: Adding transformer net.minecraftforge.coremod.transformer.CoreModClassTransformer@7c011174 to Target : CLASS {Lnet/minecraft/world/level/levelgen/structure/templatesystem/StructureTemplate;} {} {V}
[20Aug2026 13:29:41.472] [main/DEBUG] [cpw.mods.modlauncher.TransformStore/MODLAUNCHER]: Adding transformer net.minecraftforge.coremod.transformer.CoreModClassTransformer@7c011174 to Target : CLASS {Lnet/minecraft/world/level/levelgen/structure/structures/SwampHutPiece;} {} {V}
[20Aug2026 13:29:41.472] [main/DEBUG] [cpw.mods.modlauncher.TransformStore/MODLAUNCHER]: Adding transformer net.minecraftforge.coremod.transformer.CoreModClassTransformer@7c011174 to Target : CLASS {Lnet/minecraft/world/entity/monster/Spider;} {} {V}
[20Aug2026 13:29:41.473] [main/DEBUG] [cpw.mods.modlauncher.TransformStore/MODLAUNCHER]: Adding transformer net.minecraftforge.coremod.transformer.CoreModClassTransformer@7c011174 to Target : CLASS {Lnet/minecraft/world/level/levelgen/PhantomSpawner;} {} {V}
[20Aug2026 13:29:41.473] [main/DEBUG] [cpw.mods.modlauncher.TransformStore/MODLAUNCHER]: Adding transformer net.minecraftforge.coremod.transformer.CoreModClassTransformer@7c011174 to Target : CLASS {Lnet/minecraft/world/level/levelgen/structure/structures/WoodlandMansionPieces$WoodlandMansionPiece;} {} {V}
[20Aug2026 13:29:41.473] [main/DEBUG] [cpw.mods.modlauncher.TransformStore/MODLAUNCHER]: Adding transformer net.minecraftforge.coremod.transformer.CoreModClassTransformer@7c011174 to Target : CLASS {Lnet/minecraft/server/commands/RaidCommand;} {} {V}
[20Aug2026 13:29:41.473] [main/DEBUG] [cpw.mods.modlauncher.TransformStore/MODLAUNCHER]: Adding transformer net.minecraftforge.coremod.transformer.CoreModClassTransformer@7c011174 to Target : CLASS {Lnet/minecraft/world/entity/EntityType;} {} {V}
[20Aug2026 13:29:41.473] [main/DEBUG] [cpw.mods.modlauncher.TransformStore/MODLAUNCHER]: Adding transformer net.minecraftforge.coremod.transformer.CoreModClassTransformer@7c011174 to Target : CLASS {Lnet/minecraft/world/entity/ai/village/VillageSiege;} {} {V}
[20Aug2026 13:29:41.473] [main/DEBUG] [cpw.mods.modlauncher.TransformStore/MODLAUNCHER]: Adding transformer net.minecraftforge.coremod.transformer.CoreModClassTransformer@7c011174 to Target : CLASS {Lnet/minecraft/world/entity/monster/Zombie;} {} {V}
[20Aug2026 13:29:41.473] [main/DEBUG] [cpw.mods.modlauncher.TransformStore/MODLAUNCHER]: Adding transformer net.minecraftforge.coremod.transformer.CoreModClassTransformer@7c011174 to Target : CLASS {Lnet/minecraft/server/commands/SummonCommand;} {} {V}
[20Aug2026 13:29:41.473] [main/DEBUG] [cpw.mods.modlauncher.TransformStore/MODLAUNCHER]: Adding transformer net.minecraftforge.coremod.transformer.CoreModClassTransformer@7c011174 to Target : CLASS {Lnet/minecraft/world/entity/monster/Strider;} {} {V}
[20Aug2026 13:29:41.473] [main/DEBUG] [cpw.mods.modlauncher.TransformStore/MODLAUNCHER]: Adding transformer net.minecraftforge.coremod.transformer.CoreModClassTransformer@7c011174 to Target : CLASS {Lnet/minecraft/world/entity/npc/CatSpawner;} {} {V}
[20Aug2026 13:29:41.473] [main/DEBUG] [cpw.mods.modlauncher.TransformationServiceDecorator/MODLAUNCHER]: Initialized transformers for transformation service fml
[20Aug2026 13:29:41.893] [main/DEBUG] [mixin/]: Processing prepare() for PlatformAgent[MixinPlatformAgentDefault:ModLauncher Root Container(ModLauncher:4f56a0a2)]
[20Aug2026 13:29:41.893] [main/DEBUG] [mixin/]: Processing launch tasks for PlatformAgent[MixinPlatformAgentDefault:ModLauncher Root Container(ModLauncher:4f56a0a2)]
[20Aug2026 13:29:41.893] [main/DEBUG] [mixin/]: Adding mixin platform agents for container SecureJarResource(minecraft)
[20Aug2026 13:29:41.893] [main/DEBUG] [mixin/]: Instancing new MixinPlatformAgentMinecraftForge for SecureJarResource(minecraft)
[20Aug2026 13:29:41.893] [main/DEBUG] [mixin/]: MixinPlatformAgentMinecraftForge rejected container SecureJarResource(minecraft)
[20Aug2026 13:29:41.893] [main/DEBUG] [mixin/]: Instancing new MixinPlatformAgentDefault for SecureJarResource(minecraft)
[20Aug2026 13:29:41.894] [main/DEBUG] [mixin/]: MixinPlatformAgentDefault accepted container SecureJarResource(minecraft)
[20Aug2026 13:29:41.894] [main/DEBUG] [mixin/]: Processing prepare() for PlatformAgent[MixinPlatformAgentDefault:SecureJarResource(minecraft)]
[20Aug2026 13:29:41.894] [main/DEBUG] [mixin/]: Adding mixin platform agents for container SecureJarResource(voicechat)
[20Aug2026 13:29:41.894] [main/DEBUG] [mixin/]: Instancing new MixinPlatformAgentMinecraftForge for SecureJarResource(voicechat)
[20Aug2026 13:29:41.894] [main/DEBUG] [mixin/]: MixinPlatformAgentMinecraftForge rejected container SecureJarResource(voicechat)
[20Aug2026 13:29:41.894] [main/DEBUG] [mixin/]: Instancing new MixinPlatformAgentDefault for SecureJarResource(voicechat)
[20Aug2026 13:29:41.894] [main/DEBUG] [mixin/]: MixinPlatformAgentDefault accepted container SecureJarResource(voicechat)
[20Aug2026 13:29:41.894] [main/DEBUG] [mixin/]: Processing prepare() for PlatformAgent[MixinPlatformAgentDefault:SecureJarResource(voicechat)]
[20Aug2026 13:29:41.894] [main/DEBUG] [mixin/]: Adding mixin platform agents for container SecureJarResource(doubledoors)
[20Aug2026 13:29:41.894] [main/DEBUG] [mixin/]: Instancing new MixinPlatformAgentMinecraftForge for SecureJarResource(doubledoors)
[20Aug2026 13:29:41.894] [main/DEBUG] [mixin/]: MixinPlatformAgentMinecraftForge rejected container SecureJarResource(doubledoors)
[20Aug2026 13:29:41.894] [main/DEBUG] [mixin/]: Instancing new MixinPlatformAgentDefault for SecureJarResource(doubledoors)
[20Aug2026 13:29:41.894] [main/DEBUG] [mixin/]: MixinPlatformAgentDefault accepted container SecureJarResource(doubledoors)
[20Aug2026 13:29:41.894] [main/DEBUG] [mixin/]: Processing prepare() for PlatformAgent[MixinPlatformAgentDefault:SecureJarResource(doubledoors)]
[20Aug2026 13:29:41.894] [main/DEBUG] [mixin/]: Registering mixin config: doubledoors_forge.mixins.json
[20Aug2026 13:29:41.910] [main/DEBUG] [mixin/]: Compatibility level JAVA_17 specified by doubledoors_forge.mixins.json is higher than the maximum level supported by this version of mixin (JAVA_13).
[20Aug2026 13:29:41.914] [main/INFO] [mixin/]: Compatibility level set to JAVA_17
[20Aug2026 13:29:41.915] [main/DEBUG] [mixin/]: Adding mixin platform agents for container SecureJarResource(extragore)
[20Aug2026 13:29:41.915] [main/DEBUG] [mixin/]: Instancing new MixinPlatformAgentMinecraftForge for SecureJarResource(extragore)
[20Aug2026 13:29:41.915] [main/DEBUG] [mixin/]: MixinPlatformAgentMinecraftForge rejected container SecureJarResource(extragore)
[20Aug2026 13:29:41.915] [main/DEBUG] [mixin/]: Instancing new MixinPlatformAgentDefault for SecureJarResource(extragore)
[20Aug2026 13:29:41.915] [main/DEBUG] [mixin/]: MixinPlatformAgentDefault accepted container SecureJarResource(extragore)
[20Aug2026 13:29:41.915] [main/DEBUG] [mixin/]: Processing prepare() for PlatformAgent[MixinPlatformAgentDefault:SecureJarResource(extragore)]
[20Aug2026 13:29:41.915] [main/DEBUG] [mixin/]: Adding mixin platform agents for container SecureJarResource(ambientsounds)
[20Aug2026 13:29:41.915] [main/DEBUG] [mixin/]: Instancing new MixinPlatformAgentMinecraftForge for SecureJarResource(ambientsounds)
[20Aug2026 13:29:41.916] [main/DEBUG] [mixin/]: MixinPlatformAgentMinecraftForge rejected container SecureJarResource(ambientsounds)
[20Aug2026 13:29:41.916] [main/DEBUG] [mixin/]: Instancing new MixinPlatformAgentDefault for SecureJarResource(ambientsounds)
[20Aug2026 13:29:41.916] [main/DEBUG] [mixin/]: MixinPlatformAgentDefault accepted container SecureJarResource(ambientsounds)
[20Aug2026 13:29:41.916] [main/DEBUG] [mixin/]: Processing prepare() for PlatformAgent[MixinPlatformAgentDefault:SecureJarResource(ambientsounds)]
[20Aug2026 13:29:41.916] [main/DEBUG] [mixin/]: Registering mixin config: ambientsounds.mixins.json
[20Aug2026 13:29:41.917] [main/DEBUG] [mixin/]: Adding mixin platform agents for container SecureJarResource(supermartijn642configlib)
[20Aug2026 13:29:41.917] [main/DEBUG] [mixin/]: Instancing new MixinPlatformAgentMinecraftForge for SecureJarResource(supermartijn642configlib)
[20Aug2026 13:29:41.917] [main/DEBUG] [mixin/]: MixinPlatformAgentMinecraftForge rejected container SecureJarResource(supermartijn642configlib)
[20Aug2026 13:29:41.917] [main/DEBUG] [mixin/]: Instancing new MixinPlatformAgentDefault for SecureJarResource(supermartijn642configlib)
[20Aug2026 13:29:41.918] [main/DEBUG] [mixin/]: MixinPlatformAgentDefault accepted container SecureJarResource(supermartijn642configlib)
[20Aug2026 13:29:41.918] [main/DEBUG] [mixin/]: Processing prepare() for PlatformAgent[MixinPlatformAgentDefault:SecureJarResource(supermartijn642configlib)]
[20Aug2026 13:29:41.918] [main/DEBUG] [mixin/]: Adding mixin platform agents for container SecureJarResource(nochatreports)
[20Aug2026 13:29:41.918] [main/DEBUG] [mixin/]: Instancing new MixinPlatformAgentMinecraftForge for SecureJarResource(nochatreports)
[20Aug2026 13:29:41.918] [main/DEBUG] [mixin/]: MixinPlatformAgentMinecraftForge rejected container SecureJarResource(nochatreports)
[20Aug2026 13:29:41.918] [main/DEBUG] [mixin/]: Instancing new MixinPlatformAgentDefault for SecureJarResource(nochatreports)
[20Aug2026 13:29:41.918] [main/DEBUG] [mixin/]: MixinPlatformAgentDefault accepted container SecureJarResource(nochatreports)
[20Aug2026 13:29:41.918] [main/DEBUG] [mixin/]: Processing prepare() for PlatformAgent[MixinPlatformAgentDefault:SecureJarResource(nochatreports)]
[20Aug2026 13:29:41.918] [main/DEBUG] [mixin/]: Registering mixin config: mixins/common/nochatreports.mixins.json
[20Aug2026 13:29:41.919] [main/DEBUG] [mixin/]: Registering mixin config: mixins/forge/nochatreports-forge.mixins.json
[20Aug2026 13:29:41.920] [main/DEBUG] [mixin/]: Adding mixin platform agents for container SecureJarResource(geckolib)
[20Aug2026 13:29:41.921] [main/DEBUG] [mixin/]: Instancing new MixinPlatformAgentMinecraftForge for SecureJarResource(geckolib)
[20Aug2026 13:29:41.921] [main/DEBUG] [mixin/]: MixinPlatformAgentMinecraftForge rejected container SecureJarResource(geckolib)
[20Aug2026 13:29:41.921] [main/DEBUG] [mixin/]: Instancing new MixinPlatformAgentDefault for SecureJarResource(geckolib)
[20Aug2026 13:29:41.921] [main/DEBUG] [mixin/]: MixinPlatformAgentDefault accepted container SecureJarResource(geckolib)
[20Aug2026 13:29:41.921] [main/DEBUG] [mixin/]: Processing prepare() for PlatformAgent[MixinPlatformAgentDefault:SecureJarResource(geckolib)]
[20Aug2026 13:29:41.921] [main/DEBUG] [mixin/]: Registering mixin config: geckolib.mixins.json
[20Aug2026 13:29:41.923] [main/DEBUG] [mixin/]: Adding mixin platform agents for container SecureJarResource(creativecore)
[20Aug2026 13:29:41.923] [main/DEBUG] [mixin/]: Instancing new MixinPlatformAgentMinecraftForge for SecureJarResource(creativecore)
[20Aug2026 13:29:41.923] [main/DEBUG] [mixin/]: MixinPlatformAgentMinecraftForge rejected container SecureJarResource(creativecore)
[20Aug2026 13:29:41.924] [main/DEBUG] [mixin/]: Instancing new MixinPlatformAgentDefault for SecureJarResource(creativecore)
[20Aug2026 13:29:41.924] [main/DEBUG] [mixin/]: MixinPlatformAgentDefault accepted container SecureJarResource(creativecore)
[20Aug2026 13:29:41.924] [main/DEBUG] [mixin/]: Processing prepare() for PlatformAgent[MixinPlatformAgentDefault:SecureJarResource(creativecore)]
[20Aug2026 13:29:41.924] [main/DEBUG] [mixin/]: Registering mixin config: creativecore.mixins.json
[20Aug2026 13:29:41.926] [main/DEBUG] [mixin/]: Registering mixin config: creativecore.forge.mixins.json
[20Aug2026 13:29:41.927] [main/DEBUG] [mixin/]: Adding mixin platform agents for container SecureJarResource(cleanswing)
[20Aug2026 13:29:41.928] [main/DEBUG] [mixin/]: Instancing new MixinPlatformAgentMinecraftForge for SecureJarResource(cleanswing)
[20Aug2026 13:29:41.928] [main/DEBUG] [mixin/]: MixinPlatformAgentMinecraftForge rejected container SecureJarResource(cleanswing)
[20Aug2026 13:29:41.928] [main/DEBUG] [mixin/]: Instancing new MixinPlatformAgentDefault for SecureJarResource(cleanswing)
[20Aug2026 13:29:41.928] [main/DEBUG] [mixin/]: MixinPlatformAgentDefault accepted container SecureJarResource(cleanswing)
[20Aug2026 13:29:41.928] [main/DEBUG] [mixin/]: Processing prepare() for PlatformAgent[MixinPlatformAgentDefault:SecureJarResource(cleanswing)]
[20Aug2026 13:29:41.928] [main/DEBUG] [mixin/]: Adding mixin platform agents for container SecureJarResource(modelfix)
[20Aug2026 13:29:41.928] [main/DEBUG] [mixin/]: Instancing new MixinPlatformAgentMinecraftForge for SecureJarResource(modelfix)
[20Aug2026 13:29:41.928] [main/DEBUG] [mixin/]: MixinPlatformAgentMinecraftForge rejected container SecureJarResource(modelfix)
[20Aug2026 13:29:41.928] [main/DEBUG] [mixin/]: Instancing new MixinPlatformAgentDefault for SecureJarResource(modelfix)
[20Aug2026 13:29:41.928] [main/DEBUG] [mixin/]: MixinPlatformAgentDefault accepted container SecureJarResource(modelfix)
[20Aug2026 13:29:41.928] [main/DEBUG] [mixin/]: Processing prepare() for PlatformAgent[MixinPlatformAgentDefault:SecureJarResource(modelfix)]
[20Aug2026 13:29:41.928] [main/DEBUG] [mixin/]: Registering mixin config: modelfix.mixins.json
[20Aug2026 13:29:41.930] [main/DEBUG] [mixin/]: Adding mixin platform agents for container SecureJarResource(sound_physics_remastered)
[20Aug2026 13:29:41.930] [main/DEBUG] [mixin/]: Instancing new MixinPlatformAgentMinecraftForge for SecureJarResource(sound_physics_remastered)
[20Aug2026 13:29:41.930] [main/DEBUG] [mixin/]: MixinPlatformAgentMinecraftForge rejected container SecureJarResource(sound_physics_remastered)
[20Aug2026 13:29:41.930] [main/DEBUG] [mixin/]: Instancing new MixinPlatformAgentDefault for SecureJarResource(sound_physics_remastered)
[20Aug2026 13:29:41.930] [main/DEBUG] [mixin/]: MixinPlatformAgentDefault accepted container SecureJarResource(sound_physics_remastered)
[20Aug2026 13:29:41.930] [main/DEBUG] [mixin/]: Processing prepare() for PlatformAgent[MixinPlatformAgentDefault:SecureJarResource(sound_physics_remastered)]
[20Aug2026 13:29:41.930] [main/DEBUG] [mixin/]: Adding mixin platform agents for container SecureJarResource(its_not_real)
[20Aug2026 13:29:41.930] [main/DEBUG] [mixin/]: Instancing new MixinPlatformAgentMinecraftForge for SecureJarResource(its_not_real)
[20Aug2026 13:29:41.930] [main/DEBUG] [mixin/]: MixinPlatformAgentMinecraftForge rejected container SecureJarResource(its_not_real)
[20Aug2026 13:29:41.930] [main/DEBUG] [mixin/]: Instancing new MixinPlatformAgentDefault for SecureJarResource(its_not_real)
[20Aug2026 13:29:41.930] [main/DEBUG] [mixin/]: MixinPlatformAgentDefault accepted container SecureJarResource(its_not_real)
[20Aug2026 13:29:41.931] [main/DEBUG] [mixin/]: Processing prepare() for PlatformAgent[MixinPlatformAgentDefault:SecureJarResource(its_not_real)]
[20Aug2026 13:29:41.931] [main/DEBUG] [mixin/]: Adding mixin platform agents for container SecureJarResource(collective)
[20Aug2026 13:29:41.931] [main/DEBUG] [mixin/]: Instancing new MixinPlatformAgentMinecraftForge for SecureJarResource(collective)
[20Aug2026 13:29:41.931] [main/DEBUG] [mixin/]: MixinPlatformAgentMinecraftForge rejected container SecureJarResource(collective)
[20Aug2026 13:29:41.931] [main/DEBUG] [mixin/]: Instancing new MixinPlatformAgentDefault for SecureJarResource(collective)
[20Aug2026 13:29:41.931] [main/DEBUG] [mixin/]: MixinPlatformAgentDefault accepted container SecureJarResource(collective)
[20Aug2026 13:29:41.931] [main/DEBUG] [mixin/]: Processing prepare() for PlatformAgent[MixinPlatformAgentDefault:SecureJarResource(collective)]
[20Aug2026 13:29:41.931] [main/DEBUG] [mixin/]: Registering mixin config: collective_forge.mixins.json
[20Aug2026 13:29:41.933] [main/DEBUG] [mixin/]: Adding mixin platform agents for container SecureJarResource(enhancedvisuals)
[20Aug2026 13:29:41.933] [main/DEBUG] [mixin/]: Instancing new MixinPlatformAgentMinecraftForge for SecureJarResource(enhancedvisuals)
[20Aug2026 13:29:41.933] [main/DEBUG] [mixin/]: MixinPlatformAgentMinecraftForge rejected container SecureJarResource(enhancedvisuals)
[20Aug2026 13:29:41.933] [main/DEBUG] [mixin/]: Instancing new MixinPlatformAgentDefault for SecureJarResource(enhancedvisuals)
[20Aug2026 13:29:41.933] [main/DEBUG] [mixin/]: MixinPlatformAgentDefault accepted container SecureJarResource(enhancedvisuals)
[20Aug2026 13:29:41.933] [main/DEBUG] [mixin/]: Processing prepare() for PlatformAgent[MixinPlatformAgentDefault:SecureJarResource(enhancedvisuals)]
[20Aug2026 13:29:41.933] [main/DEBUG] [mixin/]: Registering mixin config: enhancedvisuals.mixins.json
[20Aug2026 13:29:41.935] [main/DEBUG] [mixin/]: Adding mixin platform agents for container SecureJarResource(betterthirdperson)
[20Aug2026 13:29:41.935] [main/DEBUG] [mixin/]: Instancing new MixinPlatformAgentMinecraftForge for SecureJarResource(betterthirdperson)
[20Aug2026 13:29:41.935] [main/DEBUG] [mixin/]: MixinPlatformAgentMinecraftForge rejected container SecureJarResource(betterthirdperson)
[20Aug2026 13:29:41.935] [main/DEBUG] [mixin/]: Instancing new MixinPlatformAgentDefault for SecureJarResource(betterthirdperson)
[20Aug2026 13:29:41.935] [main/DEBUG] [mixin/]: MixinPlatformAgentDefault accepted container SecureJarResource(betterthirdperson)
[20Aug2026 13:29:41.935] [main/DEBUG] [mixin/]: Processing prepare() for PlatformAgent[MixinPlatformAgentDefault:SecureJarResource(betterthirdperson)]
[20Aug2026 13:29:41.935] [main/DEBUG] [mixin/]: Registering mixin config: betterthirdperson.mixins.json
[20Aug2026 13:29:41.936] [main/DEBUG] [mixin/]: Compatibility level JAVA_16 specified by betterthirdperson.mixins.json is higher than the maximum level supported by this version of mixin (JAVA_13).
[20Aug2026 13:29:41.936] [main/DEBUG] [mixin/]: Adding mixin platform agents for container SecureJarResource(badmobs)
[20Aug2026 13:29:41.937] [main/DEBUG] [mixin/]: Instancing new MixinPlatformAgentMinecraftForge for SecureJarResource(badmobs)
[20Aug2026 13:29:41.937] [main/DEBUG] [mixin/]: MixinPlatformAgentMinecraftForge rejected container SecureJarResource(badmobs)
[20Aug2026 13:29:41.937] [main/DEBUG] [mixin/]: Instancing new MixinPlatformAgentDefault for SecureJarResource(badmobs)
[20Aug2026 13:29:41.937] [main/DEBUG] [mixin/]: MixinPlatformAgentDefault accepted container SecureJarResource(badmobs)
[20Aug2026 13:29:41.937] [main/DEBUG] [mixin/]: Processing prepare() for PlatformAgent[MixinPlatformAgentDefault:SecureJarResource(badmobs)]
[20Aug2026 13:29:41.937] [main/DEBUG] [mixin/]: Adding mixin platform agents for container SecureJarResource(architectury)
[20Aug2026 13:29:41.937] [main/DEBUG] [mixin/]: Instancing new MixinPlatformAgentMinecraftForge for SecureJarResource(architectury)
[20Aug2026 13:29:41.937] [main/DEBUG] [mixin/]: MixinPlatformAgentMinecraftForge rejected container SecureJarResource(architectury)
[20Aug2026 13:29:41.937] [main/DEBUG] [mixin/]: Instancing new MixinPlatformAgentDefault for SecureJarResource(architectury)
[20Aug2026 13:29:41.937] [main/DEBUG] [mixin/]: MixinPlatformAgentDefault accepted container SecureJarResource(architectury)
[20Aug2026 13:29:41.937] [main/DEBUG] [mixin/]: Processing prepare() for PlatformAgent[MixinPlatformAgentDefault:SecureJarResource(architectury)]
[20Aug2026 13:29:41.937] [main/DEBUG] [mixin/]: Registering mixin config: architectury.mixins.json
[20Aug2026 13:29:41.938] [main/DEBUG] [mixin/]: Compatibility level JAVA_16 specified by architectury.mixins.json is higher than the maximum level supported by this version of mixin (JAVA_13).
[20Aug2026 13:29:41.938] [main/DEBUG] [mixin/]: Registering mixin config: architectury-common.mixins.json
[20Aug2026 13:29:41.939] [main/DEBUG] [mixin/]: Compatibility level JAVA_16 specified by architectury-common.mixins.json is higher than the maximum level supported by this version of mixin (JAVA_13).
[20Aug2026 13:29:41.939] [main/DEBUG] [mixin/]: Adding mixin platform agents for container SecureJarResource(fallingtrees)
[20Aug2026 13:29:41.939] [main/DEBUG] [mixin/]: Instancing new MixinPlatformAgentMinecraftForge for SecureJarResource(fallingtrees)
[20Aug2026 13:29:41.939] [main/DEBUG] [mixin/]: MixinPlatformAgentMinecraftForge rejected container SecureJarResource(fallingtrees)
[20Aug2026 13:29:41.939] [main/DEBUG] [mixin/]: Instancing new MixinPlatformAgentDefault for SecureJarResource(fallingtrees)
[20Aug2026 13:29:41.939] [main/DEBUG] [mixin/]: MixinPlatformAgentDefault accepted container SecureJarResource(fallingtrees)
[20Aug2026 13:29:41.939] [main/DEBUG] [mixin/]: Processing prepare() for PlatformAgent[MixinPlatformAgentDefault:SecureJarResource(fallingtrees)]
[20Aug2026 13:29:41.939] [main/DEBUG] [mixin/]: Registering mixin config: fallingtrees-common.mixins.json
[20Aug2026 13:29:41.940] [main/DEBUG] [mixin/]: Registering mixin config: fallingtrees.mixins.json
[20Aug2026 13:29:41.941] [main/DEBUG] [mixin/]: Adding mixin platform agents for container SecureJarResource(jamlib)
[20Aug2026 13:29:41.941] [main/DEBUG] [mixin/]: Instancing new MixinPlatformAgentMinecraftForge for SecureJarResource(jamlib)
[20Aug2026 13:29:41.941] [main/DEBUG] [mixin/]: MixinPlatformAgentMinecraftForge rejected container SecureJarResource(jamlib)
[20Aug2026 13:29:41.941] [main/DEBUG] [mixin/]: Instancing new MixinPlatformAgentDefault for SecureJarResource(jamlib)
[20Aug2026 13:29:41.941] [main/DEBUG] [mixin/]: MixinPlatformAgentDefault accepted container SecureJarResource(jamlib)
[20Aug2026 13:29:41.941] [main/DEBUG] [mixin/]: Processing prepare() for PlatformAgent[MixinPlatformAgentDefault:SecureJarResource(jamlib)]
[20Aug2026 13:29:41.941] [main/DEBUG] [mixin/]: Adding mixin platform agents for container SecureJarResource(pandalib)
[20Aug2026 13:29:41.941] [main/DEBUG] [mixin/]: Instancing new MixinPlatformAgentMinecraftForge for SecureJarResource(pandalib)
[20Aug2026 13:29:41.941] [main/DEBUG] [mixin/]: MixinPlatformAgentMinecraftForge rejected container SecureJarResource(pandalib)
[20Aug2026 13:29:41.941] [main/DEBUG] [mixin/]: Instancing new MixinPlatformAgentDefault for SecureJarResource(pandalib)
[20Aug2026 13:29:41.941] [main/DEBUG] [mixin/]: MixinPlatformAgentDefault accepted container SecureJarResource(pandalib)
[20Aug2026 13:29:41.941] [main/DEBUG] [mixin/]: Processing prepare() for PlatformAgent[MixinPlatformAgentDefault:SecureJarResource(pandalib)]
[20Aug2026 13:29:41.941] [main/DEBUG] [mixin/]: Registering mixin config: pandalib-common.mixins.json
[20Aug2026 13:29:41.943] [main/DEBUG] [mixin/]: Registering mixin config: pandalib.mixins.json
[20Aug2026 13:29:41.943] [main/DEBUG] [mixin/]: Adding mixin platform agents for container SecureJarResource(rightclickharvest)
[20Aug2026 13:29:41.943] [main/DEBUG] [mixin/]: Instancing new MixinPlatformAgentMinecraftForge for SecureJarResource(rightclickharvest)
[20Aug2026 13:29:41.944] [main/DEBUG] [mixin/]: MixinPlatformAgentMinecraftForge rejected container SecureJarResource(rightclickharvest)
[20Aug2026 13:29:41.944] [main/DEBUG] [mixin/]: Instancing new MixinPlatformAgentDefault for SecureJarResource(rightclickharvest)
[20Aug2026 13:29:41.944] [main/DEBUG] [mixin/]: MixinPlatformAgentDefault accepted container SecureJarResource(rightclickharvest)
[20Aug2026 13:29:41.944] [main/DEBUG] [mixin/]: Processing prepare() for PlatformAgent[MixinPlatformAgentDefault:SecureJarResource(rightclickharvest)]
[20Aug2026 13:29:41.944] [main/DEBUG] [mixin/]: Registering mixin config: rightclickharvest.mixins.json
[20Aug2026 13:29:41.944] [main/DEBUG] [mixin/]: Adding mixin platform agents for container SecureJarResource(chat_heads)
[20Aug2026 13:29:41.945] [main/DEBUG] [mixin/]: Instancing new MixinPlatformAgentMinecraftForge for SecureJarResource(chat_heads)
[20Aug2026 13:29:41.945] [main/DEBUG] [mixin/]: MixinPlatformAgentMinecraftForge rejected container SecureJarResource(chat_heads)
[20Aug2026 13:29:41.945] [main/DEBUG] [mixin/]: Instancing new MixinPlatformAgentDefault for SecureJarResource(chat_heads)
[20Aug2026 13:29:41.945] [main/DEBUG] [mixin/]: MixinPlatformAgentDefault accepted container SecureJarResource(chat_heads)
[20Aug2026 13:29:41.945] [main/DEBUG] [mixin/]: Processing prepare() for PlatformAgent[MixinPlatformAgentDefault:SecureJarResource(chat_heads)]
[20Aug2026 13:29:41.945] [main/DEBUG] [mixin/]: Registering mixin config: chat_heads.mixins.json
[20Aug2026 13:29:41.946] [main/DEBUG] [mixin/]: Registering mixin config: chat_heads.forge.mixins.json
[20Aug2026 13:29:41.946] [main/DEBUG] [mixin/]: Adding mixin platform agents for container SecureJarResource(the_wonderland)
[20Aug2026 13:29:41.947] [main/DEBUG] [mixin/]: Instancing new MixinPlatformAgentMinecraftForge for SecureJarResource(the_wonderland)
[20Aug2026 13:29:41.947] [main/DEBUG] [mixin/]: MixinPlatformAgentMinecraftForge rejected container SecureJarResource(the_wonderland)
[20Aug2026 13:29:41.947] [main/DEBUG] [mixin/]: Instancing new MixinPlatformAgentDefault for SecureJarResource(the_wonderland)
[20Aug2026 13:29:41.947] [main/DEBUG] [mixin/]: MixinPlatformAgentDefault accepted container SecureJarResource(the_wonderland)
[20Aug2026 13:29:41.947] [main/DEBUG] [mixin/]: Processing prepare() for PlatformAgent[MixinPlatformAgentDefault:SecureJarResource(the_wonderland)]
[20Aug2026 13:29:41.947] [main/DEBUG] [mixin/]: Adding mixin platform agents for container SecureJarResource(forge)
[20Aug2026 13:29:41.947] [main/DEBUG] [mixin/]: Instancing new MixinPlatformAgentMinecraftForge for SecureJarResource(forge)
[20Aug2026 13:29:41.947] [main/DEBUG] [mixin/]: MixinPlatformAgentMinecraftForge rejected container SecureJarResource(forge)
[20Aug2026 13:29:41.947] [main/DEBUG] [mixin/]: Instancing new MixinPlatformAgentDefault for SecureJarResource(forge)
[20Aug2026 13:29:41.947] [main/DEBUG] [mixin/]: MixinPlatformAgentDefault accepted container SecureJarResource(forge)
[20Aug2026 13:29:41.947] [main/DEBUG] [mixin/]: Processing prepare() for PlatformAgent[MixinPlatformAgentDefault:SecureJarResource(forge)]
[20Aug2026 13:29:41.947] [main/DEBUG] [mixin/]: Adding mixin platform agents for container SecureJarResource(varietree)
[20Aug2026 13:29:41.947] [main/DEBUG] [mixin/]: Instancing new MixinPlatformAgentMinecraftForge for SecureJarResource(varietree)
[20Aug2026 13:29:41.948] [main/DEBUG] [mixin/]: MixinPlatformAgentMinecraftForge rejected container SecureJarResource(varietree)
[20Aug2026 13:29:41.948] [main/DEBUG] [mixin/]: Instancing new MixinPlatformAgentDefault for SecureJarResource(varietree)
[20Aug2026 13:29:41.948] [main/DEBUG] [mixin/]: MixinPlatformAgentDefault accepted container SecureJarResource(varietree)
[20Aug2026 13:29:41.948] [main/DEBUG] [mixin/]: Processing prepare() for PlatformAgent[MixinPlatformAgentDefault:SecureJarResource(varietree)]
[20Aug2026 13:29:41.948] [main/DEBUG] [mixin/]: Adding mixin platform agents for container SecureJarResource(embeddium)
[20Aug2026 13:29:41.948] [main/DEBUG] [mixin/]: Instancing new MixinPlatformAgentMinecraftForge for SecureJarResource(embeddium)
[20Aug2026 13:29:41.948] [main/DEBUG] [mixin/]: MixinPlatformAgentMinecraftForge rejected container SecureJarResource(embeddium)
[20Aug2026 13:29:41.948] [main/DEBUG] [mixin/]: Instancing new MixinPlatformAgentDefault for SecureJarResource(embeddium)
[20Aug2026 13:29:41.948] [main/DEBUG] [mixin/]: MixinPlatformAgentDefault accepted container SecureJarResource(embeddium)
[20Aug2026 13:29:41.948] [main/DEBUG] [mixin/]: Processing prepare() for PlatformAgent[MixinPlatformAgentDefault:SecureJarResource(embeddium)]
[20Aug2026 13:29:41.948] [main/DEBUG] [mixin/]: Registering mixin config: embeddium.mixins.json
[20Aug2026 13:29:41.949] [main/DEBUG] [mixin/]: Adding mixin platform agents for container SecureJarResource(durabilitytooltip)
[20Aug2026 13:29:41.949] [main/DEBUG] [mixin/]: Instancing new MixinPlatformAgentMinecraftForge for SecureJarResource(durabilitytooltip)
[20Aug2026 13:29:41.950] [main/DEBUG] [mixin/]: MixinPlatformAgentMinecraftForge rejected container SecureJarResource(durabilitytooltip)
[20Aug2026 13:29:41.950] [main/DEBUG] [mixin/]: Instancing new MixinPlatformAgentDefault for SecureJarResource(durabilitytooltip)
[20Aug2026 13:29:41.950] [main/DEBUG] [mixin/]: MixinPlatformAgentDefault accepted container SecureJarResource(durabilitytooltip)
[20Aug2026 13:29:41.950] [main/DEBUG] [mixin/]: Processing prepare() for PlatformAgent[MixinPlatformAgentDefault:SecureJarResource(durabilitytooltip)]
[20Aug2026 13:29:41.950] [main/DEBUG] [mixin/]: Adding mixin platform agents for container SecureJarResource(presencefootsteps)
[20Aug2026 13:29:41.950] [main/DEBUG] [mixin/]: Instancing new MixinPlatformAgentMinecraftForge for SecureJarResource(presencefootsteps)
[20Aug2026 13:29:41.950] [main/DEBUG] [mixin/]: MixinPlatformAgentMinecraftForge rejected container SecureJarResource(presencefootsteps)
[20Aug2026 13:29:41.950] [main/DEBUG] [mixin/]: Instancing new MixinPlatformAgentDefault for SecureJarResource(presencefootsteps)
[20Aug2026 13:29:41.950] [main/DEBUG] [mixin/]: MixinPlatformAgentDefault accepted container SecureJarResource(presencefootsteps)
[20Aug2026 13:29:41.950] [main/DEBUG] [mixin/]: Processing prepare() for PlatformAgent[MixinPlatformAgentDefault:SecureJarResource(presencefootsteps)]
[20Aug2026 13:29:41.950] [main/DEBUG] [mixin/]: Registering mixin config: presencefootsteps.mixin.json
[20Aug2026 13:29:41.952] [main/DEBUG] [mixin/]: Adding mixin platform agents for container SecureJarResource(mclib)
[20Aug2026 13:29:41.952] [main/DEBUG] [mixin/]: Instancing new MixinPlatformAgentMinecraftForge for SecureJarResource(mclib)
[20Aug2026 13:29:41.952] [main/DEBUG] [mixin/]: MixinPlatformAgentMinecraftForge rejected container SecureJarResource(mclib)
[20Aug2026 13:29:41.952] [main/DEBUG] [mixin/]: Instancing new MixinPlatformAgentDefault for SecureJarResource(mclib)
[20Aug2026 13:29:41.952] [main/DEBUG] [mixin/]: MixinPlatformAgentDefault accepted container SecureJarResource(mclib)
[20Aug2026 13:29:41.952] [main/DEBUG] [mixin/]: Processing prepare() for PlatformAgent[MixinPlatformAgentDefault:SecureJarResource(mclib)]
[20Aug2026 13:29:41.952] [main/DEBUG] [mixin/]: Adding mixin platform agents for container SecureJarResource(jankson)
[20Aug2026 13:29:41.952] [main/DEBUG] [mixin/]: Instancing new MixinPlatformAgentMinecraftForge for SecureJarResource(jankson)
[20Aug2026 13:29:41.952] [main/DEBUG] [mixin/]: MixinPlatformAgentMinecraftForge rejected container SecureJarResource(jankson)
[20Aug2026 13:29:41.952] [main/DEBUG] [mixin/]: Instancing new MixinPlatformAgentDefault for SecureJarResource(jankson)
[20Aug2026 13:29:41.952] [main/DEBUG] [mixin/]: MixinPlatformAgentDefault accepted container SecureJarResource(jankson)
[20Aug2026 13:29:41.952] [main/DEBUG] [mixin/]: Processing prepare() for PlatformAgent[MixinPlatformAgentDefault:SecureJarResource(jankson)]
[20Aug2026 13:29:41.952] [main/DEBUG] [mixin/]: Adding mixin platform agents for container SecureJarResource(mixinextras)
[20Aug2026 13:29:41.952] [main/DEBUG] [mixin/]: Instancing new MixinPlatformAgentMinecraftForge for SecureJarResource(mixinextras)
[20Aug2026 13:29:41.953] [main/DEBUG] [mixin/]: MixinPlatformAgentMinecraftForge rejected container SecureJarResource(mixinextras)
[20Aug2026 13:29:41.953] [main/DEBUG] [mixin/]: Instancing new MixinPlatformAgentDefault for SecureJarResource(mixinextras)
[20Aug2026 13:29:41.953] [main/DEBUG] [mixin/]: MixinPlatformAgentDefault accepted container SecureJarResource(mixinextras)
[20Aug2026 13:29:41.953] [main/DEBUG] [mixin/]: Processing prepare() for PlatformAgent[MixinPlatformAgentDefault:SecureJarResource(mixinextras)]
[20Aug2026 13:29:41.953] [main/DEBUG] [mixin/]: Registering mixin config: mixinextras.init.mixins.json
[20Aug2026 13:29:41.954] [main/DEBUG] [mixin/]: Adding mixin platform agents for container SecureJarResource(MixinExtras)
[20Aug2026 13:29:41.954] [main/DEBUG] [mixin/]: Instancing new MixinPlatformAgentMinecraftForge for SecureJarResource(MixinExtras)
[20Aug2026 13:29:41.954] [main/DEBUG] [mixin/]: MixinPlatformAgentMinecraftForge rejected container SecureJarResource(MixinExtras)
[20Aug2026 13:29:41.954] [main/DEBUG] [mixin/]: Instancing new MixinPlatformAgentDefault for SecureJarResource(MixinExtras)
[20Aug2026 13:29:41.954] [main/DEBUG] [mixin/]: MixinPlatformAgentDefault accepted container SecureJarResource(MixinExtras)
[20Aug2026 13:29:41.954] [main/DEBUG] [mixin/]: Processing prepare() for PlatformAgent[MixinPlatformAgentDefault:SecureJarResource(MixinExtras)]
[20Aug2026 13:29:41.954] [main/DEBUG] [mixin/]: inject() running with 34 agents
[20Aug2026 13:29:41.954] [main/DEBUG] [mixin/]: Processing inject() for PlatformAgent[MixinPlatformAgentDefault:ModLauncher Root Container(ModLauncher:4f56a0a2)]
[20Aug2026 13:29:41.954] [main/DEBUG] [mixin/]: Processing inject() for PlatformAgent[MixinPlatformAgentDefault:SecureJarResource(minecraft)]
[20Aug2026 13:29:41.954] [main/DEBUG] [mixin/]: Processing inject() for PlatformAgent[MixinPlatformAgentDefault:SecureJarResource(voicechat)]
[20Aug2026 13:29:41.954] [main/DEBUG] [mixin/]: Processing inject() for PlatformAgent[MixinPlatformAgentDefault:SecureJarResource(doubledoors)]
[20Aug2026 13:29:41.954] [main/DEBUG] [mixin/]: Processing inject() for PlatformAgent[MixinPlatformAgentDefault:SecureJarResource(extragore)]
[20Aug2026 13:29:41.954] [main/DEBUG] [mixin/]: Processing inject() for PlatformAgent[MixinPlatformAgentDefault:SecureJarResource(ambientsounds)]
[20Aug2026 13:29:41.954] [main/DEBUG] [mixin/]: Processing inject() for PlatformAgent[MixinPlatformAgentDefault:SecureJarResource(supermartijn642configlib)]
[20Aug2026 13:29:41.954] [main/DEBUG] [mixin/]: Processing inject() for PlatformAgent[MixinPlatformAgentDefault:SecureJarResource(nochatreports)]
[20Aug2026 13:29:41.954] [main/DEBUG] [mixin/]: Processing inject() for PlatformAgent[MixinPlatformAgentDefault:SecureJarResource(geckolib)]
[20Aug2026 13:29:41.954] [main/DEBUG] [mixin/]: Processing inject() for PlatformAgent[MixinPlatformAgentDefault:SecureJarResource(creativecore)]
[20Aug2026 13:29:41.954] [main/DEBUG] [mixin/]: Processing inject() for PlatformAgent[MixinPlatformAgentDefault:SecureJarResource(cleanswing)]
[20Aug2026 13:29:41.954] [main/DEBUG] [mixin/]: Processing inject() for PlatformAgent[MixinPlatformAgentDefault:SecureJarResource(modelfix)]
[20Aug2026 13:29:41.955] [main/DEBUG] [mixin/]: Processing inject() for PlatformAgent[MixinPlatformAgentDefault:SecureJarResource(sound_physics_remastered)]
[20Aug2026 13:29:41.955] [main/DEBUG] [mixin/]: Processing inject() for PlatformAgent[MixinPlatformAgentDefault:SecureJarResource(its_not_real)]
[20Aug2026 13:29:41.955] [main/DEBUG] [mixin/]: Processing inject() for PlatformAgent[MixinPlatformAgentDefault:SecureJarResource(collective)]
[20Aug2026 13:29:41.955] [main/DEBUG] [mixin/]: Processing inject() for PlatformAgent[MixinPlatformAgentDefault:SecureJarResource(enhancedvisuals)]
[20Aug2026 13:29:41.955] [main/DEBUG] [mixin/]: Processing inject() for PlatformAgent[MixinPlatformAgentDefault:SecureJarResource(betterthirdperson)]
[20Aug2026 13:29:41.955] [main/DEBUG] [mixin/]: Processing inject() for PlatformAgent[MixinPlatformAgentDefault:SecureJarResource(badmobs)]
[20Aug2026 13:29:41.955] [main/DEBUG] [mixin/]: Processing inject() for PlatformAgent[MixinPlatformAgentDefault:SecureJarResource(architectury)]
[20Aug2026 13:29:41.955] [main/DEBUG] [mixin/]: Processing inject() for PlatformAgent[MixinPlatformAgentDefault:SecureJarResource(fallingtrees)]
[20Aug2026 13:29:41.955] [main/DEBUG] [mixin/]: Processing inject() for PlatformAgent[MixinPlatformAgentDefault:SecureJarResource(jamlib)]
[20Aug2026 13:29:41.955] [main/DEBUG] [mixin/]: Processing inject() for PlatformAgent[MixinPlatformAgentDefault:SecureJarResource(pandalib)]
[20Aug2026 13:29:41.955] [main/DEBUG] [mixin/]: Processing inject() for PlatformAgent[MixinPlatformAgentDefault:SecureJarResource(rightclickharvest)]
[20Aug2026 13:29:41.955] [main/DEBUG] [mixin/]: Processing inject() for PlatformAgent[MixinPlatformAgentDefault:SecureJarResource(chat_heads)]
[20Aug2026 13:29:41.955] [main/DEBUG] [mixin/]: Processing inject() for PlatformAgent[MixinPlatformAgentDefault:SecureJarResource(the_wonderland)]
[20Aug2026 13:29:41.955] [main/DEBUG] [mixin/]: Processing inject() for PlatformAgent[MixinPlatformAgentDefault:SecureJarResource(forge)]
[20Aug2026 13:29:41.955] [main/DEBUG] [mixin/]: Processing inject() for PlatformAgent[MixinPlatformAgentDefault:SecureJarResource(varietree)]
[20Aug2026 13:29:41.955] [main/DEBUG] [mixin/]: Processing inject() for PlatformAgent[MixinPlatformAgentDefault:SecureJarResource(embeddium)]
[20Aug2026 13:29:41.955] [main/DEBUG] [mixin/]: Processing inject() for PlatformAgent[MixinPlatformAgentDefault:SecureJarResource(durabilitytooltip)]
[20Aug2026 13:29:41.955] [main/DEBUG] [mixin/]: Processing inject() for PlatformAgent[MixinPlatformAgentDefault:SecureJarResource(presencefootsteps)]
[20Aug2026 13:29:41.955] [main/DEBUG] [mixin/]: Processing inject() for PlatformAgent[MixinPlatformAgentDefault:SecureJarResource(mclib)]
[20Aug2026 13:29:41.955] [main/DEBUG] [mixin/]: Processing inject() for PlatformAgent[MixinPlatformAgentDefault:SecureJarResource(jankson)]
[20Aug2026 13:29:41.955] [main/DEBUG] [mixin/]: Processing inject() for PlatformAgent[MixinPlatformAgentDefault:SecureJarResource(mixinextras)]
[20Aug2026 13:29:41.955] [main/DEBUG] [mixin/]: Processing inject() for PlatformAgent[MixinPlatformAgentDefault:SecureJarResource(MixinExtras)]
[20Aug2026 13:29:41.979] [main/DEBUG] [mixin/]: Error cleaning class output directory: .mixin.out
[20Aug2026 13:29:41.980] [main/DEBUG] [mixin/]: Preparing mixins for MixinEnvironment[PREINIT]
[20Aug2026 13:29:41.988] [main/INFO] [mixin/]: Successfully loaded Mixin Connector [com.sonicether.soundphysics.MixinConnector]
[20Aug2026 13:29:41.990] [main/INFO] [cpw.mods.modlauncher.LaunchServiceHandler/MODLAUNCHER]: Launching target 'forgeserver' with arguments [nogui]
[20Aug2026 13:29:41.994] [main/DEBUG] [mixin/]: Preparing mixins for MixinEnvironment[DEFAULT]
[20Aug2026 13:29:41.994] [main/DEBUG] [mixin/]: Selecting config doubledoors_forge.mixins.json
[20Aug2026 13:29:42.001] [main/DEBUG] [mixin/]: Selecting config ambientsounds.mixins.json
[20Aug2026 13:29:42.003] [main/DEBUG] [mixin/]: Selecting config mixins/common/nochatreports.mixins.json
[20Aug2026 13:29:42.004] [main/DEBUG] [mixin/]: Selecting config mixins/forge/nochatreports-forge.mixins.json
[20Aug2026 13:29:42.006] [main/DEBUG] [mixin/]: Selecting config geckolib.mixins.json
[20Aug2026 13:29:42.007] [main/DEBUG] [mixin/]: Selecting config creativecore.mixins.json
[20Aug2026 13:29:42.008] [main/DEBUG] [mixin/]: Selecting config creativecore.forge.mixins.json
[20Aug2026 13:29:42.008] [main/DEBUG] [mixin/]: Selecting config modelfix.mixins.json
[20Aug2026 13:29:42.009] [main/DEBUG] [mixin/]: Selecting config collective_forge.mixins.json
[20Aug2026 13:29:42.009] [main/DEBUG] [mixin/]: Selecting config enhancedvisuals.mixins.json
[20Aug2026 13:29:42.010] [main/DEBUG] [mixin/]: Selecting config betterthirdperson.mixins.json
[20Aug2026 13:29:42.010] [main/DEBUG] [mixin/]: Selecting config architectury.mixins.json
[20Aug2026 13:29:42.012] [main/DEBUG] [mixin/]: Selecting config architectury-common.mixins.json
[20Aug2026 13:29:42.013] [main/DEBUG] [mixin/]: Selecting config fallingtrees-common.mixins.json
[20Aug2026 13:29:42.014] [main/DEBUG] [mixin/]: Selecting config fallingtrees.mixins.json
[20Aug2026 13:29:42.015] [main/DEBUG] [mixin/]: Selecting config pandalib-common.mixins.json
[20Aug2026 13:29:42.016] [main/WARN] [mixin/]: Reference map 'pandalib-common-common-refmap.json' for pandalib-common.mixins.json could not be read. If this is a development environment you can ignore this message
[20Aug2026 13:29:42.016] [main/DEBUG] [mixin/]: Selecting config pandalib.mixins.json
[20Aug2026 13:29:42.017] [main/DEBUG] [mixin/]: Selecting config rightclickharvest.mixins.json
[20Aug2026 13:29:42.018] [main/DEBUG] [mixin/]: Selecting config chat_heads.mixins.json
[20Aug2026 13:29:42.019] [main/DEBUG] [mixin/]: Selecting config chat_heads.forge.mixins.json
[20Aug2026 13:29:42.022] [main/WARN] [mixin/]: Reference map '' for chat_heads.forge.mixins.json could not be read. If this is a development environment you can ignore this message
[20Aug2026 13:29:42.022] [main/DEBUG] [mixin/]: Selecting config embeddium.mixins.json
[20Aug2026 13:29:42.035] [main/INFO] [Embeddium/]: Loaded configuration file for Embeddium: 75 options available, 0 override(s) found
[20Aug2026 13:29:42.048] [main/DEBUG] [mixin/]: Selecting config presencefootsteps.mixin.json
[20Aug2026 13:29:42.051] [main/DEBUG] [mixin/]: Selecting config mixinextras.init.mixins.json
[20Aug2026 13:29:42.098] [main/DEBUG] [MixinExtras|Service/]: com.llamalad7.mixinextras.service.MixinExtrasServiceImpl(version=0.5.0) is taking over from null
[20Aug2026 13:29:42.126] [main/DEBUG] [mixin/]: Registering new injector for @Inject with org.spongepowered.asm.mixin.injection.struct.CallbackInjectionInfo
[20Aug2026 13:29:42.127] [main/DEBUG] [mixin/]: Registering new injector for @ModifyArg with org.spongepowered.asm.mixin.injection.struct.ModifyArgInjectionInfo
[20Aug2026 13:29:42.128] [main/DEBUG] [mixin/]: Registering new injector for @ModifyArgs with org.spongepowered.asm.mixin.injection.struct.ModifyArgsInjectionInfo
[20Aug2026 13:29:42.130] [main/DEBUG] [mixin/]: Registering new injector for @Redirect with org.spongepowered.asm.mixin.injection.struct.RedirectInjectionInfo
[20Aug2026 13:29:42.131] [main/DEBUG] [mixin/]: Registering new injector for @ModifyVariable with org.spongepowered.asm.mixin.injection.struct.ModifyVariableInjectionInfo
[20Aug2026 13:29:42.132] [main/DEBUG] [mixin/]: Registering new injector for @ModifyConstant with org.spongepowered.asm.mixin.injection.struct.ModifyConstantInjectionInfo
[20Aug2026 13:29:42.143] [main/DEBUG] [mixin/]: Selecting config sound_physics_remastered.mixins.json
[20Aug2026 13:29:42.144] [main/DEBUG] [mixin/]: Preparing doubledoors_forge.mixins.json (4)
[20Aug2026 13:29:42.178] [main/DEBUG] [mixin/]: Preparing ambientsounds.mixins.json (2)
[20Aug2026 13:29:42.178] [main/DEBUG] [mixin/]: Preparing mixins/common/nochatreports.mixins.json (28)
[20Aug2026 13:29:42.209] [main/DEBUG] [mixin/]: Preparing mixins/forge/nochatreports-forge.mixins.json (4)
[20Aug2026 13:29:42.209] [main/DEBUG] [mixin/]: Preparing geckolib.mixins.json (1)
[20Aug2026 13:29:42.209] [main/DEBUG] [mixin/]: Preparing creativecore.mixins.json (8)
[20Aug2026 13:29:42.223] [main/DEBUG] [mixin/]: Preparing creativecore.forge.mixins.json (3)
[20Aug2026 13:29:42.225] [main/DEBUG] [mixin/]: Preparing modelfix.mixins.json (2)
[20Aug2026 13:29:42.225] [main/DEBUG] [mixin/]: Preparing collective_forge.mixins.json (5)
[20Aug2026 13:29:42.232] [main/DEBUG] [mixin/]: Preparing enhancedvisuals.mixins.json (10)
[20Aug2026 13:29:42.277] [main/DEBUG] [mixin/]: Preparing betterthirdperson.mixins.json (6)
[20Aug2026 13:29:42.277] [main/DEBUG] [mixin/]: Preparing architectury.mixins.json (9)
[20Aug2026 13:29:42.287] [main/DEBUG] [mixin/]: Preparing architectury-common.mixins.json (10)
[20Aug2026 13:29:42.296] [main/DEBUG] [net.minecraftforge.coremod.transformer.CoreModBaseTransformer/COREMOD]: Transforming net/minecraft/world/item/BucketItem
[20Aug2026 13:29:42.308] [main/DEBUG] [net.minecraftforge.coremod.transformer.CoreModBaseTransformer/COREMOD]: Transforming net/minecraft/world/entity/EntityType
[20Aug2026 13:29:42.466] [main/DEBUG] [net.minecraftforge.coremod.transformer.CoreModBaseTransformer/COREMOD]: Transforming net/minecraft/world/level/block/LiquidBlock
[20Aug2026 13:29:42.472] [main/DEBUG] [mixin/]: Preparing fallingtrees-common.mixins.json (2)
[20Aug2026 13:29:42.475] [main/DEBUG] [mixin/]: Preparing fallingtrees.mixins.json (0)
[20Aug2026 13:29:42.475] [main/DEBUG] [mixin/]: Preparing pandalib-common.mixins.json (0)
[20Aug2026 13:29:42.475] [main/DEBUG] [mixin/]: Preparing pandalib.mixins.json (1)
[20Aug2026 13:29:42.477] [main/DEBUG] [mixin/]: Preparing rightclickharvest.mixins.json (2)
[20Aug2026 13:29:42.498] [main/DEBUG] [mixin/]: Preparing chat_heads.mixins.json (16)
[20Aug2026 13:29:42.498] [main/DEBUG] [mixin/]: Preparing chat_heads.forge.mixins.json (4)
[20Aug2026 13:29:42.499] [main/DEBUG] [mixin/]: Preparing embeddium.mixins.json (0)
[20Aug2026 13:29:42.499] [main/DEBUG] [mixin/]: Preparing presencefootsteps.mixin.json (5)
[20Aug2026 13:29:42.499] [main/DEBUG] [mixin/]: Preparing mixinextras.init.mixins.json (0)
[20Aug2026 13:29:42.499] [main/DEBUG] [mixin/]: Preparing sound_physics_remastered.mixins.json (11)
[20Aug2026 13:29:42.524] [main/DEBUG] [mixin/]: Prepared 48 mixins in 0.529 sec (11.0ms avg) (0ms load, 0ms transform, 0ms plugin)
[20Aug2026 13:29:42.547] [main/INFO] [MixinExtras|Service/]: Initializing MixinExtras via com.llamalad7.mixinextras.service.MixinExtrasServiceImpl(version=0.5.0).
[20Aug2026 13:29:42.549] [main/DEBUG] [mixin/]: Registering new injector for @SugarWrapper with com.llamalad7.mixinextras.sugar.impl.SugarWrapperInjectionInfo
[20Aug2026 13:29:42.549] [main/DEBUG] [mixin/]: Registering new injector for @FactoryRedirectWrapper with com.llamalad7.mixinextras.wrapper.factory.FactoryRedirectWrapperInjectionInfo
[20Aug2026 13:29:42.550] [main/DEBUG] [mixin/]: Registering new injector for @ExpressionInjectorWrapper with com.llamalad7.mixinextras.expression.impl.wrapper.ExpressionInjectorWrapperInjectionInfo
[20Aug2026 13:29:42.562] [main/INFO] [mixin/]: Mixing server.MixinDedicatedServer from mixins/common/nochatreports.mixins.json into net.minecraft.server.dedicated.DedicatedServer
[20Aug2026 13:29:42.620] [main/DEBUG] [io.netty.util.internal.logging.InternalLoggerFactory/]: Using SLF4J as the default logging framework
[20Aug2026 13:29:42.622] [main/DEBUG] [io.netty.util.ResourceLeakDetector/]: -Dio.netty.leakDetection.level: simple
[20Aug2026 13:29:42.622] [main/DEBUG] [io.netty.util.ResourceLeakDetector/]: -Dio.netty.leakDetection.targetRecords: 4
[20Aug2026 13:29:42.807] [main/DEBUG] [oshi.util.FileUtil/]: No oshi.properties file found from ClassLoader cpw.mods.modlauncher.TransformingClassLoader@118dcbbd
[20Aug2026 13:29:42.808] [main/DEBUG] [oshi.util.FileUtil/]: No oshi.properties file found from ClassLoader jdk.internal.loader.ClassLoaders$AppClassLoader@4783da3f
[20Aug2026 13:29:43.369] [main/DEBUG] [oshi.util.FileUtil/]: No oshi.architecture.properties file found from ClassLoader cpw.mods.modlauncher.TransformingClassLoader@118dcbbd
[20Aug2026 13:29:43.370] [main/DEBUG] [oshi.util.FileUtil/]: No oshi.architecture.properties file found from ClassLoader jdk.internal.loader.ClassLoaders$AppClassLoader@4783da3f
[20Aug2026 13:29:43.772] [main/DEBUG] [mixin/]: Mixing inject.MixinGameEvent from architectury-common.mixins.json into net.minecraft.world.level.gameevent.GameEvent
[20Aug2026 13:29:43.782] [main/DEBUG] [mixin/]: Mixing SoundEventMixin from sound_physics_remastered.mixins.json into net.minecraft.sounds.SoundEvent
[20Aug2026 13:29:43.817] [main/DEBUG] [mixin/]: Mixing inject.MixinBlock from architectury-common.mixins.json into net.minecraft.world.level.block.Block
[20Aug2026 13:29:43.828] [main/DEBUG] [mixin/]: Mixing BlockBehaviourMixin from fallingtrees-common.mixins.json into net.minecraft.world.level.block.state.BlockBehaviour
[20Aug2026 13:29:43.861] [main/DEBUG] [mixin/]: Mixing EntityAccessor from enhancedvisuals.mixins.json into net.minecraft.world.entity.Entity
[20Aug2026 13:29:43.867] [main/DEBUG] [mixin/]: Mixing EntityMixin from sound_physics_remastered.mixins.json into net.minecraft.world.entity.Entity
[20Aug2026 13:29:43.935] [main/DEBUG] [mixin/]: Mixing MixinPlayer from enhancedvisuals.mixins.json into net.minecraft.world.entity.player.Player
[20Aug2026 13:29:44.018] [main/DEBUG] [mixin/]: Mixing RegistryManagerMixin from pandalib.mixins.json into net.minecraftforge.registries.RegistryManager
[20Aug2026 13:29:44.049] [main/DEBUG] [mixin/]: Mixing inject.MixinFluid from architectury-common.mixins.json into net.minecraft.world.level.material.Fluid
[20Aug2026 13:29:44.055] [main/DEBUG] [mixin/]: Mixing inject.MixinItem from architectury-common.mixins.json into net.minecraft.world.item.Item
[20Aug2026 13:29:44.074] [main/DEBUG] [net.minecraftforge.coremod.transformer.CoreModBaseTransformer/COREMOD]: Transforming net/minecraft/world/entity/EntityType
[20Aug2026 13:29:44.124] [main/DEBUG] [mixin/]: Mixing inject.MixinEntityType from architectury-common.mixins.json into net.minecraft.world.entity.EntityType
[20Aug2026 13:29:44.219] [main/DEBUG] [mixin/]: Mixing ShapesMixin from creativecore.mixins.json into net.minecraft.world.phys.shapes.Shapes
[20Aug2026 13:29:44.302] [main/DEBUG] [mixin/]: Mixing VoxelShapeAccessor from creativecore.mixins.json into net.minecraft.world.phys.shapes.VoxelShape
[20Aug2026 13:29:44.504] [main/DEBUG] [net.minecraftforge.coremod.transformer.CoreModBaseTransformer/COREMOD]: Transforming net/minecraft/world/level/block/LiquidBlock
[20Aug2026 13:29:44.504] [main/DEBUG] [mixin/]: Mixing inject.MixinLiquidBlock from architectury-common.mixins.json into net.minecraft.world.level.block.LiquidBlock
[20Aug2026 13:29:44.536] [main/DEBUG] [net.minecraftforge.coremod.transformer.CoreModBaseTransformer/COREMOD]: Transforming net/minecraft/world/level/block/StairBlock
[20Aug2026 13:29:44.547] [main/DEBUG] [mixin/]: Mixing CropBlockAccessor from rightclickharvest.mixins.json into net.minecraft.world.level.block.CropBlock
[20Aug2026 13:29:44.554] [main/DEBUG] [mixin/]: Mixing DoorBlockMixin from doubledoors_forge.mixins.json into net.minecraft.world.level.block.DoorBlock
[20Aug2026 13:29:44.585] [main/DEBUG] [mixin/]: Mixing TrapDoorBlockMixin from doubledoors_forge.mixins.json into net.minecraft.world.level.block.TrapDoorBlock
[20Aug2026 13:29:44.598] [main/DEBUG] [mixin/]: Mixing FenceGateBlockMixin from doubledoors_forge.mixins.json into net.minecraft.world.level.block.FenceGateBlock
[20Aug2026 13:29:44.618] [main/DEBUG] [net.minecraftforge.coremod.transformer.CoreModBaseTransformer/COREMOD]: Transforming net/minecraft/world/level/block/FlowerPotBlock
[20Aug2026 13:29:44.851] [main/DEBUG] [mixin/]: Mixing MixinFallingBlockEntity from architectury.mixins.json into net.minecraft.world.entity.item.FallingBlockEntity
[20Aug2026 13:29:44.871] [main/DEBUG] [mixin/]: Mixing BlockEntityMixin from collective_forge.mixins.json into net.minecraft.world.level.block.entity.BlockEntity
[20Aug2026 13:29:45.322] [main/DEBUG] [mixin/]: Mixing ProjectileMixin from enhancedvisuals.mixins.json into net.minecraft.world.entity.projectile.Projectile
[20Aug2026 13:29:45.411] [main/DEBUG] [net.minecraftforge.coremod.transformer.CoreModBaseTransformer/COREMOD]: Transforming net/minecraft/world/item/ItemStack
[20Aug2026 13:29:45.985] [main/DEBUG] [mixin/]: Mixing MixinLightningBolt from architectury-common.mixins.json into net.minecraft.world.entity.LightningBolt
[20Aug2026 13:29:46.113] [main/DEBUG] [net.minecraftforge.coremod.transformer.CoreModBaseTransformer/COREMOD]: Transforming net/minecraft/world/entity/animal/frog/Tadpole
[20Aug2026 13:29:46.197] [main/DEBUG] [net.minecraftforge.coremod.transformer.CoreModBaseTransformer/COREMOD]: Transforming net/minecraft/world/item/BucketItem
[20Aug2026 13:29:46.197] [main/DEBUG] [mixin/]: Mixing inject.MixinBucketItem from architectury-common.mixins.json into net.minecraft.world.item.BucketItem
[20Aug2026 13:29:46.217] [main/DEBUG] [mixin/]: Mixing BoneMealItemMixin from collective_forge.mixins.json into net.minecraft.world.item.BoneMealItem
[20Aug2026 13:29:46.224] [main/DEBUG] [net.minecraftforge.coremod.transformer.CoreModBaseTransformer/COREMOD]: Transforming net/minecraft/world/item/ItemStack
[20Aug2026 13:29:46.285] [main/DEBUG] [mixin/]: Mixing inject.MixinItemProperties from architectury-common.mixins.json into net.minecraft.world.item.Item$Properties
[20Aug2026 13:29:46.896] [main/DEBUG] [net.minecraftforge.coremod.transformer.CoreModBaseTransformer/COREMOD]: Transforming net/minecraft/world/entity/monster/Spider
[20Aug2026 13:29:46.951] [main/DEBUG] [net.minecraftforge.coremod.transformer.CoreModBaseTransformer/COREMOD]: Transforming net/minecraft/world/entity/monster/Zombie
[20Aug2026 13:29:46.988] [main/DEBUG] [net.minecraftforge.coremod.transformer.CoreModBaseTransformer/COREMOD]: Transforming net/minecraft/world/entity/monster/ZombieVillager
[20Aug2026 13:29:47.056] [main/DEBUG] [net.minecraftforge.coremod.transformer.CoreModBaseTransformer/COREMOD]: Transforming net/minecraft/world/entity/monster/Evoker$EvokerSummonSpellGoal
[20Aug2026 13:29:47.293] [main/DEBUG] [net.minecraftforge.coremod.transformer.CoreModBaseTransformer/COREMOD]: Transforming net/minecraft/world/entity/animal/horse/SkeletonTrapGoal
[20Aug2026 13:29:47.317] [main/DEBUG] [net.minecraftforge.coremod.transformer.CoreModBaseTransformer/COREMOD]: Transforming net/minecraft/world/entity/monster/Strider
[20Aug2026 13:29:47.349] [main/INFO] [mixin/]: Mixing common.MixinFriendlyByteBuf from mixins/common/nochatreports.mixins.json into net.minecraft.network.FriendlyByteBuf
[20Aug2026 13:29:47.352] [main/INFO] [mixin/]: Renaming synthetic method lambda$onWriteJsonWithCodec$1(Ljava/lang/Object;Ljava/lang/String;)Lio/netty/handler/codec/EncoderException; to md337b0f$lambda$onWriteJsonWithCodec$1$0 in mixins/common/nochatreports.mixins.json:common.MixinFriendlyByteBuf
[20Aug2026 13:29:47.353] [main/INFO] [mixin/]: Renaming synthetic method lambda$onReadJsonWithCodec$0(Ljava/lang/String;)Lio/netty/handler/codec/DecoderException; to md337b0f$lambda$onReadJsonWithCodec$0$1 in mixins/common/nochatreports.mixins.json:common.MixinFriendlyByteBuf
[20Aug2026 13:29:47.421] [main/DEBUG] [mixin/]: Mixing ServerPlayerMixin from rightclickharvest.mixins.json into net.minecraft.server.level.ServerPlayer
[20Aug2026 13:29:47.496] [main/DEBUG] [net.minecraftforge.coremod.transformer.CoreModBaseTransformer/COREMOD]: Transforming net/minecraft/world/entity/npc/Villager
[20Aug2026 13:29:47.588] [main/DEBUG] [mixin/]: Mixing inject.MixinFoodPropertiesBuilder from architectury-common.mixins.json into net.minecraft.world.food.FoodProperties$Builder
[20Aug2026 13:29:47.592] [main/DEBUG] [net.minecraftforge.coremod.transformer.CoreModBaseTransformer/COREMOD]: Transforming net/minecraft/world/effect/MobEffectInstance
[20Aug2026 13:29:47.641] [main/INFO] [mixin/]: Mixing server.MixinServerGamePacketListenerImpl from mixins/common/nochatreports.mixins.json into net.minecraft.server.network.ServerGamePacketListenerImpl
[20Aug2026 13:29:48.082] [main/DEBUG] [net.minecraftforge.coremod.transformer.CoreModBaseTransformer/COREMOD]: Transforming net/minecraft/world/level/levelgen/structure/Structure
[20Aug2026 13:29:48.114] [main/DEBUG] [net.minecraftforge.coremod.transformer.CoreModBaseTransformer/COREMOD]: Transforming net/minecraft/world/level/levelgen/structure/structures/OceanRuinPieces$OceanRuinPiece
[20Aug2026 13:29:48.124] [main/DEBUG] [net.minecraftforge.coremod.transformer.CoreModBaseTransformer/COREMOD]: Transforming net/minecraft/world/level/levelgen/structure/structures/SwampHutPiece
[20Aug2026 13:29:48.131] [main/DEBUG] [net.minecraftforge.coremod.transformer.CoreModBaseTransformer/COREMOD]: Transforming net/minecraft/world/level/levelgen/structure/structures/OceanMonumentPieces$OceanMonumentPiece
[20Aug2026 13:29:48.146] [main/DEBUG] [net.minecraftforge.coremod.transformer.CoreModBaseTransformer/COREMOD]: Transforming net/minecraft/world/level/levelgen/structure/structures/WoodlandMansionPieces$WoodlandMansionPiece
[20Aug2026 13:29:48.233] [main/DEBUG] [net.minecraftforge.coremod.transformer.CoreModBaseTransformer/COREMOD]: Transforming net/minecraft/world/level/biome/Biome
[20Aug2026 13:29:48.501] [main/DEBUG] [io.netty.util.internal.PlatformDependent0/]: -Dio.netty.noUnsafe: false
[20Aug2026 13:29:48.502] [main/DEBUG] [io.netty.util.internal.PlatformDependent0/]: Java version: 21
[20Aug2026 13:29:48.502] [main/DEBUG] [io.netty.util.internal.PlatformDependent0/]: sun.misc.Unsafe.theUnsafe: available
[20Aug2026 13:29:48.503] [main/DEBUG] [io.netty.util.internal.PlatformDependent0/]: sun.misc.Unsafe.copyMemory: available
[20Aug2026 13:29:48.503] [main/DEBUG] [io.netty.util.internal.PlatformDependent0/]: sun.misc.Unsafe.storeFence: available
[20Aug2026 13:29:48.503] [main/DEBUG] [io.netty.util.internal.PlatformDependent0/]: java.nio.Buffer.address: available
[20Aug2026 13:29:48.503] [main/DEBUG] [io.netty.util.internal.PlatformDependent0/]: direct buffer constructor: unavailable
java.lang.NoSuchMethodException: java.nio.DirectByteBuffer.<init>(long,int)
	at java.lang.Class.getConstructor0(Class.java:3761) ~[?:?]
	at java.lang.Class.getDeclaredConstructor(Class.java:2930) ~[?:?]
	at io.netty.util.internal.PlatformDependent0$5.run(PlatformDependent0.java:287) ~[netty-common-4.1.82.Final.jar%2382!/:4.1.82.Final]
	at java.security.AccessController.doPrivileged(AccessController.java:319) ~[?:?]
	at io.netty.util.internal.PlatformDependent0.<clinit>(PlatformDependent0.java:282) ~[netty-common-4.1.82.Final.jar%2382!/:4.1.82.Final]
	at io.netty.util.internal.PlatformDependent.isAndroid(PlatformDependent.java:333) ~[netty-common-4.1.82.Final.jar%2382!/:4.1.82.Final]
	at io.netty.util.internal.PlatformDependent.<clinit>(PlatformDependent.java:88) ~[netty-common-4.1.82.Final.jar%2382!/:4.1.82.Final]
	at io.netty.util.ConstantPool.<init>(ConstantPool.java:34) ~[netty-common-4.1.82.Final.jar%2382!/:4.1.82.Final]
	at io.netty.util.AttributeKey$1.<init>(AttributeKey.java:27) ~[netty-common-4.1.82.Final.jar%2382!/:4.1.82.Final]
	at io.netty.util.AttributeKey.<clinit>(AttributeKey.java:27) ~[netty-common-4.1.82.Final.jar%2382!/:4.1.82.Final]
	at net.minecraftforge.network.NetworkConstants.<clinit>(NetworkConstants.java:34) ~[forge-1.20.1-47.4.10-universal.jar%23164!/:?]
	at net.minecraftforge.network.NetworkHooks.init(NetworkHooks.java:52) ~[forge-1.20.1-47.4.10-universal.jar%23164!/:?]
	at net.minecraft.server.Bootstrap.m_135870_(Bootstrap.java:62) ~[server-1.20.1-20230612.114412-srg.jar%23159!/:?]
	at net.minecraft.server.Main.main(Main.java:121) ~[server-1.20.1-20230612.114412-srg.jar%23159!/:?]
	at jdk.internal.reflect.DirectMethodHandleAccessor.invoke(DirectMethodHandleAccessor.java:103) ~[?:?]
	at java.lang.reflect.Method.invoke(Method.java:580) ~[?:?]
	at net.minecraftforge.fml.loading.targets.CommonLaunchHandler.runTarget(CommonLaunchHandler.java:111) ~[fmlloader-1.20.1-47.4.10.jar%2369!/:?]
	at net.minecraftforge.fml.loading.targets.CommonLaunchHandler.serverService(CommonLaunchHandler.java:103) ~[fmlloader-1.20.1-47.4.10.jar%2369!/:?]
	at net.minecraftforge.fml.loading.targets.CommonServerLaunchHandler.lambda$makeService$0(CommonServerLaunchHandler.java:27) ~[fmlloader-1.20.1-47.4.10.jar%2369!/:?]
	at cpw.mods.modlauncher.LaunchServiceHandlerDecorator.launch(LaunchServiceHandlerDecorator.java:30) ~[modlauncher-10.0.9.jar%2355!/:?]
	at cpw.mods.modlauncher.LaunchServiceHandler.launch(LaunchServiceHandler.java:53) ~[modlauncher-10.0.9.jar%2355!/:?]
	at cpw.mods.modlauncher.LaunchServiceHandler.launch(LaunchServiceHandler.java:71) ~[modlauncher-10.0.9.jar%2355!/:?]
	at cpw.mods.modlauncher.Launcher.run(Launcher.java:108) ~[modlauncher-10.0.9.jar%2355!/:?]
	at cpw.mods.modlauncher.Launcher.main(Launcher.java:78) ~[modlauncher-10.0.9.jar%2355!/:?]
	at cpw.mods.modlauncher.BootstrapLaunchConsumer.accept(BootstrapLaunchConsumer.java:26) ~[modlauncher-10.0.9.jar%2355!/:?]
	at cpw.mods.modlauncher.BootstrapLaunchConsumer.accept(BootstrapLaunchConsumer.java:23) ~[modlauncher-10.0.9.jar%2355!/:?]
	at cpw.mods.bootstraplauncher.BootstrapLauncher.main(BootstrapLauncher.java:141) ~[bootstraplauncher-1.1.2.jar:?]
[20Aug2026 13:29:48.505] [main/DEBUG] [io.netty.util.internal.PlatformDependent0/]: java.nio.Bits.unaligned: available, true
[20Aug2026 13:29:48.506] [main/DEBUG] [io.netty.util.internal.PlatformDependent0/]: jdk.internal.misc.Unsafe.allocateUninitializedArray(int): unavailable
java.lang.IllegalAccessException: class io.netty.util.internal.PlatformDependent0$7 (in module io.netty.common) cannot access class jdk.internal.misc.Unsafe (in module java.base) because module java.base does not export jdk.internal.misc to module io.netty.common
	at jdk.internal.reflect.Reflection.newIllegalAccessException(Reflection.java:394) ~[?:?]
	at java.lang.reflect.AccessibleObject.checkAccess(AccessibleObject.java:714) ~[?:?]
	at java.lang.reflect.Method.invoke(Method.java:571) ~[?:?]
	at io.netty.util.internal.PlatformDependent0$7.run(PlatformDependent0.java:410) ~[netty-common-4.1.82.Final.jar%2382!/:4.1.82.Final]
	at java.security.AccessController.doPrivileged(AccessController.java:319) ~[?:?]
	at io.netty.util.internal.PlatformDependent0.<clinit>(PlatformDependent0.java:401) ~[netty-common-4.1.82.Final.jar%2382!/:4.1.82.Final]
	at io.netty.util.internal.PlatformDependent.isAndroid(PlatformDependent.java:333) ~[netty-common-4.1.82.Final.jar%2382!/:4.1.82.Final]
	at io.netty.util.internal.PlatformDependent.<clinit>(PlatformDependent.java:88) ~[netty-common-4.1.82.Final.jar%2382!/:4.1.82.Final]
	at io.netty.util.ConstantPool.<init>(ConstantPool.java:34) ~[netty-common-4.1.82.Final.jar%2382!/:4.1.82.Final]
	at io.netty.util.AttributeKey$1.<init>(AttributeKey.java:27) ~[netty-common-4.1.82.Final.jar%2382!/:4.1.82.Final]
	at io.netty.util.AttributeKey.<clinit>(AttributeKey.java:27) ~[netty-common-4.1.82.Final.jar%2382!/:4.1.82.Final]
	at net.minecraftforge.network.NetworkConstants.<clinit>(NetworkConstants.java:34) ~[forge-1.20.1-47.4.10-universal.jar%23164!/:?]
	at net.minecraftforge.network.NetworkHooks.init(NetworkHooks.java:52) ~[forge-1.20.1-47.4.10-universal.jar%23164!/:?]
	at net.minecraft.server.Bootstrap.m_135870_(Bootstrap.java:62) ~[server-1.20.1-20230612.114412-srg.jar%23159!/:?]
	at net.minecraft.server.Main.main(Main.java:121) ~[server-1.20.1-20230612.114412-srg.jar%23159!/:?]
	at jdk.internal.reflect.DirectMethodHandleAccessor.invoke(DirectMethodHandleAccessor.java:103) ~[?:?]
	at java.lang.reflect.Method.invoke(Method.java:580) ~[?:?]
	at net.minecraftforge.fml.loading.targets.CommonLaunchHandler.runTarget(CommonLaunchHandler.java:111) ~[fmlloader-1.20.1-47.4.10.jar%2369!/:?]
	at net.minecraftforge.fml.loading.targets.CommonLaunchHandler.serverService(CommonLaunchHandler.java:103) ~[fmlloader-1.20.1-47.4.10.jar%2369!/:?]
	at net.minecraftforge.fml.loading.targets.CommonServerLaunchHandler.lambda$makeService$0(CommonServerLaunchHandler.java:27) ~[fmlloader-1.20.1-47.4.10.jar%2369!/:?]
	at cpw.mods.modlauncher.LaunchServiceHandlerDecorator.launch(LaunchServiceHandlerDecorator.java:30) ~[modlauncher-10.0.9.jar%2355!/:?]
	at cpw.mods.modlauncher.LaunchServiceHandler.launch(LaunchServiceHandler.java:53) ~[modlauncher-10.0.9.jar%2355!/:?]
	at cpw.mods.modlauncher.LaunchServiceHandler.launch(LaunchServiceHandler.java:71) ~[modlauncher-10.0.9.jar%2355!/:?]
	at cpw.mods.modlauncher.Launcher.run(Launcher.java:108) ~[modlauncher-10.0.9.jar%2355!/:?]
	at cpw.mods.modlauncher.Launcher.main(Launcher.java:78) ~[modlauncher-10.0.9.jar%2355!/:?]
	at cpw.mods.modlauncher.BootstrapLaunchConsumer.accept(BootstrapLaunchConsumer.java:26) ~[modlauncher-10.0.9.jar%2355!/:?]
	at cpw.mods.modlauncher.BootstrapLaunchConsumer.accept(BootstrapLaunchConsumer.java:23) ~[modlauncher-10.0.9.jar%2355!/:?]
	at cpw.mods.bootstraplauncher.BootstrapLauncher.main(BootstrapLauncher.java:141) ~[bootstraplauncher-1.1.2.jar:?]
[20Aug2026 13:29:48.507] [main/DEBUG] [io.netty.util.internal.PlatformDependent0/]: java.nio.DirectByteBuffer.<init>(long, int): unavailable
[20Aug2026 13:29:48.507] [main/DEBUG] [io.netty.util.internal.PlatformDependent/]: sun.misc.Unsafe: available
[20Aug2026 13:29:48.508] [main/DEBUG] [io.netty.util.internal.PlatformDependent/]: maxDirectMemory: 4294967296 bytes (maybe)
[20Aug2026 13:29:48.508] [main/DEBUG] [io.netty.util.internal.PlatformDependent/]: -Dio.netty.tmpdir: C:\Users\user\AppData\Local\Temp (java.io.tmpdir)
[20Aug2026 13:29:48.508] [main/DEBUG] [io.netty.util.internal.PlatformDependent/]: -Dio.netty.bitMode: 64 (sun.arch.data.model)
[20Aug2026 13:29:48.508] [main/DEBUG] [io.netty.util.internal.PlatformDependent/]: Platform: Windows
[20Aug2026 13:29:48.509] [main/DEBUG] [io.netty.util.internal.PlatformDependent/]: -Dio.netty.maxDirectMemory: -1 bytes
[20Aug2026 13:29:48.509] [main/DEBUG] [io.netty.util.internal.PlatformDependent/]: -Dio.netty.uninitializedArrayAllocationThreshold: -1
[20Aug2026 13:29:48.510] [main/DEBUG] [io.netty.util.internal.CleanerJava9/]: java.nio.ByteBuffer.cleaner(): available
[20Aug2026 13:29:48.510] [main/DEBUG] [io.netty.util.internal.PlatformDependent/]: -Dio.netty.noPreferDirect: false
[20Aug2026 13:29:48.562] [main/DEBUG] [net.minecraftforge.network.NetworkHooks/]: Loading Network data for FML net version: FML3
[20Aug2026 13:29:48.583] [main/DEBUG] [net.minecraftforge.common.ForgeI18n/CORE]: Loading I18N data entries: 6434
[20Aug2026 13:29:48.606] [main/DEBUG] [net.minecraftforge.fml.ModWorkManager/LOADING]: Using 12 threads for parallel mod-loading
[20Aug2026 13:29:48.613] [main/DEBUG] [net.minecraftforge.fml.javafmlmod.FMLJavaModLanguageProvider/LOADING]: Loading FMLModContainer from classloader cpw.mods.modlauncher.TransformingClassLoader@118dcbbd - got cpw.mods.cl.ModuleClassLoader@1ded7b14
[20Aug2026 13:29:48.615] [main/DEBUG] [net.minecraftforge.fml.javafmlmod.FMLModContainer/LOADING]: Creating FMLModContainer instance for de.maxhenkel.voicechat.ForgeVoiceChatAPIDummyMod
[20Aug2026 13:29:48.617] [main/DEBUG] [net.minecraftforge.fml.javafmlmod.FMLJavaModLanguageProvider/LOADING]: Loading FMLModContainer from classloader cpw.mods.modlauncher.TransformingClassLoader@118dcbbd - got cpw.mods.cl.ModuleClassLoader@1ded7b14
[20Aug2026 13:29:48.617] [main/DEBUG] [net.minecraftforge.fml.javafmlmod.FMLModContainer/LOADING]: Creating FMLModContainer instance for de.maxhenkel.voicechat.ForgeVoicechatMod
[20Aug2026 13:29:48.618] [main/DEBUG] [net.minecraftforge.fml.javafmlmod.FMLJavaModLanguageProvider/LOADING]: Loading FMLModContainer from classloader cpw.mods.modlauncher.TransformingClassLoader@118dcbbd - got cpw.mods.cl.ModuleClassLoader@1ded7b14
[20Aug2026 13:29:48.618] [main/DEBUG] [net.minecraftforge.fml.javafmlmod.FMLModContainer/LOADING]: Creating FMLModContainer instance for com.natamus.doubledoors.ModForge
[20Aug2026 13:29:48.618] [main/DEBUG] [net.minecraftforge.fml.javafmlmod.FMLJavaModLanguageProvider/LOADING]: Loading FMLModContainer from classloader cpw.mods.modlauncher.TransformingClassLoader@118dcbbd - got cpw.mods.cl.ModuleClassLoader@1ded7b14
[20Aug2026 13:29:48.618] [main/DEBUG] [net.minecraftforge.fml.javafmlmod.FMLModContainer/LOADING]: Creating FMLModContainer instance for com.eruannie_9.extragore.ExtraGore
[20Aug2026 13:29:48.618] [main/DEBUG] [net.minecraftforge.fml.javafmlmod.FMLJavaModLanguageProvider/LOADING]: Loading FMLModContainer from classloader cpw.mods.modlauncher.TransformingClassLoader@118dcbbd - got cpw.mods.cl.ModuleClassLoader@1ded7b14
[20Aug2026 13:29:48.619] [main/DEBUG] [net.minecraftforge.fml.javafmlmod.FMLModContainer/LOADING]: Creating FMLModContainer instance for team.creative.ambientsounds.AmbientSounds
[20Aug2026 13:29:48.619] [main/DEBUG] [net.minecraftforge.fml.javafmlmod.FMLJavaModLanguageProvider/LOADING]: Loading FMLModContainer from classloader cpw.mods.modlauncher.TransformingClassLoader@118dcbbd - got cpw.mods.cl.ModuleClassLoader@1ded7b14
[20Aug2026 13:29:48.619] [main/DEBUG] [net.minecraftforge.fml.javafmlmod.FMLModContainer/LOADING]: Creating FMLModContainer instance for com.supermartijn642.configlib.ConfigLib
[20Aug2026 13:29:48.620] [main/DEBUG] [net.minecraftforge.fml.javafmlmod.FMLJavaModLanguageProvider/LOADING]: Loading FMLModContainer from classloader cpw.mods.modlauncher.TransformingClassLoader@118dcbbd - got cpw.mods.cl.ModuleClassLoader@1ded7b14
[20Aug2026 13:29:48.620] [main/DEBUG] [net.minecraftforge.fml.javafmlmod.FMLModContainer/LOADING]: Creating FMLModContainer instance for com.aizistral.nochatreports.forge.NoChatReports
[20Aug2026 13:29:48.621] [main/DEBUG] [net.minecraftforge.fml.javafmlmod.FMLJavaModLanguageProvider/LOADING]: Loading FMLModContainer from classloader cpw.mods.modlauncher.TransformingClassLoader@118dcbbd - got cpw.mods.cl.ModuleClassLoader@1ded7b14
[20Aug2026 13:29:48.621] [main/DEBUG] [net.minecraftforge.fml.javafmlmod.FMLModContainer/LOADING]: Creating FMLModContainer instance for software.bernie.example.GeckoLibMod
[20Aug2026 13:29:48.621] [main/DEBUG] [net.minecraftforge.fml.javafmlmod.FMLJavaModLanguageProvider/LOADING]: Loading FMLModContainer from classloader cpw.mods.modlauncher.TransformingClassLoader@118dcbbd - got cpw.mods.cl.ModuleClassLoader@1ded7b14
[20Aug2026 13:29:48.621] [main/DEBUG] [net.minecraftforge.fml.javafmlmod.FMLModContainer/LOADING]: Creating FMLModContainer instance for team.creative.creativecore.CreativeCore
[20Aug2026 13:29:48.622] [main/DEBUG] [net.minecraftforge.fml.javafmlmod.FMLJavaModLanguageProvider/LOADING]: Loading FMLModContainer from classloader cpw.mods.modlauncher.TransformingClassLoader@118dcbbd - got cpw.mods.cl.ModuleClassLoader@1ded7b14
[20Aug2026 13:29:48.622] [main/DEBUG] [net.minecraftforge.fml.javafmlmod.FMLModContainer/LOADING]: Creating FMLModContainer instance for com.ldtteam.cleanswing.CleanSwing
[20Aug2026 13:29:48.623] [main/DEBUG] [net.minecraftforge.fml.javafmlmod.FMLJavaModLanguageProvider/LOADING]: Loading FMLModContainer from classloader cpw.mods.modlauncher.TransformingClassLoader@118dcbbd - got cpw.mods.cl.ModuleClassLoader@1ded7b14
[20Aug2026 13:29:48.623] [main/DEBUG] [net.minecraftforge.fml.javafmlmod.FMLModContainer/LOADING]: Creating FMLModContainer instance for net.mehvahdjukaar.modelfix.forge.ModelFixForge
[20Aug2026 13:29:48.624] [main/DEBUG] [net.minecraftforge.fml.javafmlmod.FMLJavaModLanguageProvider/LOADING]: Loading FMLModContainer from classloader cpw.mods.modlauncher.TransformingClassLoader@118dcbbd - got cpw.mods.cl.ModuleClassLoader@1ded7b14
[20Aug2026 13:29:48.624] [main/DEBUG] [net.minecraftforge.fml.javafmlmod.FMLModContainer/LOADING]: Creating FMLModContainer instance for com.sonicether.soundphysics.ForgeSoundPhysicsMod
[20Aug2026 13:29:48.624] [main/DEBUG] [net.minecraftforge.fml.javafmlmod.FMLJavaModLanguageProvider/LOADING]: Loading FMLModContainer from classloader cpw.mods.modlauncher.TransformingClassLoader@118dcbbd - got cpw.mods.cl.ModuleClassLoader@1ded7b14
[20Aug2026 13:29:48.624] [main/DEBUG] [net.minecraftforge.fml.javafmlmod.FMLModContainer/LOADING]: Creating FMLModContainer instance for net.mcreator.why.ItsNotRealMod
[20Aug2026 13:29:48.625] [main/DEBUG] [net.minecraftforge.fml.javafmlmod.FMLJavaModLanguageProvider/LOADING]: Loading FMLModContainer from classloader cpw.mods.modlauncher.TransformingClassLoader@118dcbbd - got cpw.mods.cl.ModuleClassLoader@1ded7b14
[20Aug2026 13:29:48.625] [main/DEBUG] [net.minecraftforge.fml.javafmlmod.FMLModContainer/LOADING]: Creating FMLModContainer instance for com.natamus.collective.CollectiveForge
[20Aug2026 13:29:48.625] [main/DEBUG] [net.minecraftforge.fml.javafmlmod.FMLJavaModLanguageProvider/LOADING]: Loading FMLModContainer from classloader cpw.mods.modlauncher.TransformingClassLoader@118dcbbd - got cpw.mods.cl.ModuleClassLoader@1ded7b14
[20Aug2026 13:29:48.625] [main/DEBUG] [net.minecraftforge.fml.javafmlmod.FMLModContainer/LOADING]: Creating FMLModContainer instance for team.creative.enhancedvisuals.EnhancedVisuals
[20Aug2026 13:29:48.627] [main/DEBUG] [net.minecraftforge.fml.javafmlmod.FMLJavaModLanguageProvider/LOADING]: Loading FMLModContainer from classloader cpw.mods.modlauncher.TransformingClassLoader@118dcbbd - got cpw.mods.cl.ModuleClassLoader@1ded7b14
[20Aug2026 13:29:48.627] [main/DEBUG] [net.minecraftforge.fml.javafmlmod.FMLModContainer/LOADING]: Creating FMLModContainer instance for io.socol.betterthirdperson.BetterThirdPerson
[20Aug2026 13:29:48.627] [main/DEBUG] [net.minecraftforge.fml.javafmlmod.FMLJavaModLanguageProvider/LOADING]: Loading FMLModContainer from classloader cpw.mods.modlauncher.TransformingClassLoader@118dcbbd - got cpw.mods.cl.ModuleClassLoader@1ded7b14
[20Aug2026 13:29:48.627] [main/DEBUG] [net.minecraftforge.fml.javafmlmod.FMLModContainer/LOADING]: Creating FMLModContainer instance for net.darkhax.badmobs.BadMobs
[20Aug2026 13:29:48.628] [main/DEBUG] [net.minecraftforge.fml.javafmlmod.FMLJavaModLanguageProvider/LOADING]: Loading FMLModContainer from classloader cpw.mods.modlauncher.TransformingClassLoader@118dcbbd - got cpw.mods.cl.ModuleClassLoader@1ded7b14
[20Aug2026 13:29:48.628] [main/DEBUG] [net.minecraftforge.fml.javafmlmod.FMLModContainer/LOADING]: Creating FMLModContainer instance for dev.architectury.forge.ArchitecturyForge
[20Aug2026 13:29:48.628] [main/DEBUG] [net.minecraftforge.fml.javafmlmod.FMLJavaModLanguageProvider/LOADING]: Loading FMLModContainer from classloader cpw.mods.modlauncher.TransformingClassLoader@118dcbbd - got cpw.mods.cl.ModuleClassLoader@1ded7b14
[20Aug2026 13:29:48.628] [main/DEBUG] [net.minecraftforge.fml.javafmlmod.FMLModContainer/LOADING]: Creating FMLModContainer instance for me.pandamods.fallingtrees.forge.FallingTreesForge
[20Aug2026 13:29:48.629] [main/DEBUG] [net.minecraftforge.fml.javafmlmod.FMLJavaModLanguageProvider/LOADING]: Loading FMLModContainer from classloader cpw.mods.modlauncher.TransformingClassLoader@118dcbbd - got cpw.mods.cl.ModuleClassLoader@1ded7b14
[20Aug2026 13:29:48.629] [main/DEBUG] [net.minecraftforge.fml.javafmlmod.FMLModContainer/LOADING]: Creating FMLModContainer instance for io.github.jamalam360.jamlib.forge.JamLibForge
[20Aug2026 13:29:48.629] [main/DEBUG] [net.minecraftforge.fml.javafmlmod.FMLJavaModLanguageProvider/LOADING]: Loading FMLModContainer from classloader cpw.mods.modlauncher.TransformingClassLoader@118dcbbd - got cpw.mods.cl.ModuleClassLoader@1ded7b14
[20Aug2026 13:29:48.629] [main/DEBUG] [net.minecraftforge.fml.javafmlmod.FMLModContainer/LOADING]: Creating FMLModContainer instance for me.pandamods.pandalib.forge.PandaLibForge
[20Aug2026 13:29:48.629] [main/DEBUG] [net.minecraftforge.fml.javafmlmod.FMLJavaModLanguageProvider/LOADING]: Loading FMLModContainer from classloader cpw.mods.modlauncher.TransformingClassLoader@118dcbbd - got cpw.mods.cl.ModuleClassLoader@1ded7b14
[20Aug2026 13:29:48.630] [main/DEBUG] [net.minecraftforge.fml.javafmlmod.FMLModContainer/LOADING]: Creating FMLModContainer instance for io.github.jamalam360.rightclickharvest.forge.RightClickHarvestForge
[20Aug2026 13:29:48.630] [main/DEBUG] [net.minecraftforge.fml.javafmlmod.FMLJavaModLanguageProvider/LOADING]: Loading FMLModContainer from classloader cpw.mods.modlauncher.TransformingClassLoader@118dcbbd - got cpw.mods.cl.ModuleClassLoader@1ded7b14
[20Aug2026 13:29:48.630] [main/DEBUG] [net.minecraftforge.fml.javafmlmod.FMLModContainer/LOADING]: Creating FMLModContainer instance for dzwdz.chat_heads.forge.ChatHeadsForge
[20Aug2026 13:29:48.630] [main/DEBUG] [net.minecraftforge.fml.javafmlmod.FMLJavaModLanguageProvider/LOADING]: Loading FMLModContainer from classloader cpw.mods.modlauncher.TransformingClassLoader@118dcbbd - got cpw.mods.cl.ModuleClassLoader@1ded7b14
[20Aug2026 13:29:48.630] [main/DEBUG] [net.minecraftforge.fml.javafmlmod.FMLModContainer/LOADING]: Creating FMLModContainer instance for net.mcreator.thewonderland.TheWonderlandMod
[20Aug2026 13:29:48.631] [main/DEBUG] [net.minecraftforge.fml.javafmlmod.FMLJavaModLanguageProvider/LOADING]: Loading FMLModContainer from classloader cpw.mods.modlauncher.TransformingClassLoader@118dcbbd - got cpw.mods.cl.ModuleClassLoader@1ded7b14
[20Aug2026 13:29:48.631] [main/DEBUG] [net.minecraftforge.fml.javafmlmod.FMLModContainer/LOADING]: Creating FMLModContainer instance for net.minecraftforge.common.ForgeMod
[20Aug2026 13:29:48.632] [main/DEBUG] [net.minecraftforge.fml.javafmlmod.FMLJavaModLanguageProvider/LOADING]: Loading FMLModContainer from classloader cpw.mods.modlauncher.TransformingClassLoader@118dcbbd - got cpw.mods.cl.ModuleClassLoader@1ded7b14
[20Aug2026 13:29:48.632] [main/DEBUG] [net.minecraftforge.fml.javafmlmod.FMLModContainer/LOADING]: Creating FMLModContainer instance for com.paulerleone.varietree.Varietree
[20Aug2026 13:29:48.633] [main/DEBUG] [net.minecraftforge.fml.javafmlmod.FMLJavaModLanguageProvider/LOADING]: Loading FMLModContainer from classloader cpw.mods.modlauncher.TransformingClassLoader@118dcbbd - got cpw.mods.cl.ModuleClassLoader@1ded7b14
[20Aug2026 13:29:48.633] [main/DEBUG] [net.minecraftforge.fml.javafmlmod.FMLModContainer/LOADING]: Creating FMLModContainer instance for me.jellysquid.mods.sodium.client.SodiumClientMod
[20Aug2026 13:29:48.634] [main/DEBUG] [net.minecraftforge.fml.javafmlmod.FMLJavaModLanguageProvider/LOADING]: Loading FMLModContainer from classloader cpw.mods.modlauncher.TransformingClassLoader@118dcbbd - got cpw.mods.cl.ModuleClassLoader@1ded7b14
[20Aug2026 13:29:48.634] [main/DEBUG] [net.minecraftforge.fml.javafmlmod.FMLModContainer/LOADING]: Creating FMLModContainer instance for me.jellysquid.mods.sodium.client.RubidiumStub
[20Aug2026 13:29:48.634] [main/DEBUG] [net.minecraftforge.fml.javafmlmod.FMLJavaModLanguageProvider/LOADING]: Loading FMLModContainer from classloader cpw.mods.modlauncher.TransformingClassLoader@118dcbbd - got cpw.mods.cl.ModuleClassLoader@1ded7b14
[20Aug2026 13:29:48.634] [main/DEBUG] [net.minecraftforge.fml.javafmlmod.FMLModContainer/LOADING]: Creating FMLModContainer instance for com.supermartijn642.durabilitytooltip.DurabilityTooltip
[20Aug2026 13:29:48.635] [main/DEBUG] [net.minecraftforge.fml.javafmlmod.FMLJavaModLanguageProvider/LOADING]: Loading FMLModContainer from classloader cpw.mods.modlauncher.TransformingClassLoader@118dcbbd - got cpw.mods.cl.ModuleClassLoader@1ded7b14
[20Aug2026 13:29:48.635] [main/DEBUG] [net.minecraftforge.fml.javafmlmod.FMLModContainer/LOADING]: Creating FMLModContainer instance for eu.ha3.presencefootsteps.PresenceFootsteps
[20Aug2026 13:29:48.647] [modloading-worker-0/DEBUG] [net.minecraftforge.fml.javafmlmod.AutomaticEventSubscriber/LOADING]: Attempting to inject @EventBusSubscriber classes into the eventbus for voicechat_api
[20Aug2026 13:29:48.648] [modloading-worker-0/INFO] [NoChatReports/]: KONNICHIWA ZA WARUDO!
[20Aug2026 13:29:48.648] [modloading-worker-0/INFO] [NoChatReports/]: Default JVM text encoding is: UTF-8
[20Aug2026 13:29:48.654] [modloading-worker-0/DEBUG] [net.minecraftforge.fml.javafmlmod.AutomaticEventSubscriber/LOADING]: Attempting to inject @EventBusSubscriber classes into the eventbus for sound_physics_remastered
[20Aug2026 13:29:48.655] [modloading-worker-0/INFO] [NoChatReports/]: Reading config file NoChatReports/NCR-Common.json...
[20Aug2026 13:29:48.659] [modloading-worker-0/INFO] [Collective/]: Loading Collective version 8.20.
[20Aug2026 13:29:48.661] [modloading-worker-0/INFO] [NoChatReports/]: Writing config file NoChatReports/NCR-Common.json...
[20Aug2026 13:29:48.661] [modloading-worker-0/DEBUG] [net.minecraftforge.fml.javafmlmod.AutomaticEventSubscriber/LOADING]: Attempting to inject @EventBusSubscriber classes into the eventbus for voicechat
[20Aug2026 13:29:48.662] [modloading-worker-0/DEBUG] [net.minecraftforge.fml.javafmlmod.AutomaticEventSubscriber/LOADING]: Attempting to inject @EventBusSubscriber classes into the eventbus for supermartijn642configlib
[20Aug2026 13:29:48.665] [modloading-worker-0/DEBUG] [net.minecraftforge.fml.javafmlmod.AutomaticEventSubscriber/LOADING]: Attempting to inject @EventBusSubscriber classes into the eventbus for nochatreports
[20Aug2026 13:29:48.665] [modloading-worker-0/DEBUG] [net.minecraftforge.fml.javafmlmod.AutomaticEventSubscriber/LOADING]: Auto-subscribing com.aizistral.nochatreports.forge.NoChatReports$Events to FORGE
[20Aug2026 13:29:48.666] [modloading-worker-0/DEBUG] [net.minecraftforge.fml.javafmlmod.AutomaticEventSubscriber/LOADING]: Attempting to inject @EventBusSubscriber classes into the eventbus for betterthirdperson
[20Aug2026 13:29:48.666] [modloading-worker-0/DEBUG] [net.minecraftforge.fml.javafmlmod.AutomaticEventSubscriber/LOADING]: Attempting to inject @EventBusSubscriber classes into the eventbus for cleanswing
[20Aug2026 13:29:48.669] [modloading-worker-0/DEBUG] [enhancedvisuals/]: Created network enhancedvisuals:main
[20Aug2026 13:29:48.678] [modloading-worker-0/DEBUG] [net.minecraftforge.fml.javafmlmod.AutomaticEventSubscriber/LOADING]: Attempting to inject @EventBusSubscriber classes into the eventbus for badmobs
[20Aug2026 13:29:48.684] [modloading-worker-0/DEBUG] [net.minecraftforge.fml.config.ConfigTracker/CONFIG]: Config file extragore-common.toml for extragore tracking
[20Aug2026 13:29:48.687] [modloading-worker-0/DEBUG] [net.minecraftforge.fml.config.ConfigTracker/CONFIG]: Config file modelfix-client.toml for modelfix tracking
[20Aug2026 13:29:48.687] [modloading-worker-0/DEBUG] [net.minecraftforge.fml.javafmlmod.AutomaticEventSubscriber/LOADING]: Attempting to inject @EventBusSubscriber classes into the eventbus for modelfix
[20Aug2026 13:29:48.687] [modloading-worker-0/INFO] [JamLib/]: Initializing JamLib on Forge
[20Aug2026 13:29:48.690] [modloading-worker-0/DEBUG] [net.minecraftforge.fml.javafmlmod.AutomaticEventSubscriber/LOADING]: Attempting to inject @EventBusSubscriber classes into the eventbus for extragore
[20Aug2026 13:29:48.690] [modloading-worker-0/DEBUG] [net.minecraftforge.fml.javafmlmod.AutomaticEventSubscriber/LOADING]: Auto-subscribing com.eruannie_9.extragore.events.EntityHurtEvent to FORGE
[20Aug2026 13:29:48.695] [modloading-worker-0/DEBUG] [net.minecraftforge.fml.javafmlmod.AutomaticEventSubscriber/LOADING]: Attempting to inject @EventBusSubscriber classes into the eventbus for geckolib
[20Aug2026 13:29:48.696] [modloading-worker-0/DEBUG] [net.minecraftforge.fml.javafmlmod.AutomaticEventSubscriber/LOADING]: Auto-subscribing software.bernie.example.GeckoLibMod to FORGE
[20Aug2026 13:29:48.696] [modloading-worker-0/DEBUG] [net.minecraftforge.fml.javafmlmod.AutomaticEventSubscriber/LOADING]: Auto-subscribing software.bernie.example.CommonListener to MOD
[20Aug2026 13:29:48.701] [modloading-worker-0/DEBUG] [net.minecraftforge.fml.javafmlmod.AutomaticEventSubscriber/LOADING]: Attempting to inject @EventBusSubscriber classes into the eventbus for jamlib
[20Aug2026 13:29:48.701] [modloading-worker-0/DEBUG] [net.minecraftforge.fml.javafmlmod.AutomaticEventSubscriber/LOADING]: Attempting to inject @EventBusSubscriber classes into the eventbus for chat_heads
[20Aug2026 13:29:48.721] [modloading-worker-0/INFO] [fallingtrees | Config/]: Successfully loaded config 'fallingtrees_common'
[20Aug2026 13:29:48.723] [modloading-worker-0/DEBUG] [me.pandamods.pandalib.platform.Services/]: Loaded me.pandamods.pandalib.forge.platform.NetworkHelperImpl@12f5e5e4 for service interface me.pandamods.pandalib.platform.services.NetworkHelper
[20Aug2026 13:29:48.725] [modloading-worker-0/DEBUG] [me.pandamods.pandalib.platform.Services/]: Loaded me.pandamods.pandalib.forge.platform.RegistrationHelperImpl@495c9d78 for service interface me.pandamods.pandalib.platform.services.RegistrationHelper
[20Aug2026 13:29:48.727] [modloading-worker-0/DEBUG] [me.pandamods.pandalib.platform.Services/]: Loaded me.pandamods.pandalib.forge.platform.GameHelperImpl@66187586 for service interface me.pandamods.pandalib.platform.services.GameHelper
[20Aug2026 13:29:48.727] [modloading-worker-0/INFO] [fallingtrees | Config/]: Successfully saved config 'fallingtrees_common'
[20Aug2026 13:29:48.729] [modloading-worker-0/DEBUG] [me.pandamods.pandalib.platform.Services/]: Loaded me.pandamods.pandalib.forge.platform.ModLoaderHelperImpl@3e909f9 for service interface me.pandamods.pandalib.platform.services.ModLoaderHelper
[20Aug2026 13:29:48.729] [modloading-worker-0/DEBUG] [mixin/]: Mixing MixinLevelEvent from architectury.mixins.json into net.minecraftforge.event.level.LevelEvent
[20Aug2026 13:29:48.739] [modloading-worker-0/DEBUG] [net.minecraftforge.versions.forge.ForgeVersion/CORE]: Forge Version package package net.minecraftforge.versions.forge, Forge, version 47.4 from cpw.mods.modlauncher.TransformingClassLoader@118dcbbd
[20Aug2026 13:29:48.739] [modloading-worker-0/DEBUG] [net.minecraftforge.versions.forge.ForgeVersion/CORE]: Found Forge version 47.4.10
[20Aug2026 13:29:48.739] [modloading-worker-0/DEBUG] [net.minecraftforge.versions.forge.ForgeVersion/CORE]: Found Forge spec 47.4
[20Aug2026 13:29:48.739] [modloading-worker-0/DEBUG] [net.minecraftforge.versions.forge.ForgeVersion/CORE]: Found Forge group net.minecraftforge
[20Aug2026 13:29:48.740] [modloading-worker-0/DEBUG] [net.minecraftforge.versions.mcp.MCPVersion/CORE]: MCP Version package package net.minecraftforge.versions.mcp, Minecraft, version 1.20.1 from cpw.mods.modlauncher.TransformingClassLoader@118dcbbd
[20Aug2026 13:29:48.741] [modloading-worker-0/DEBUG] [net.minecraftforge.versions.mcp.MCPVersion/CORE]: Found MC version information 1.20.1
[20Aug2026 13:29:48.741] [modloading-worker-0/DEBUG] [net.minecraftforge.versions.mcp.MCPVersion/CORE]: Found MCP version information 20230612.114412
[20Aug2026 13:29:48.741] [modloading-worker-0/INFO] [net.minecraftforge.common.ForgeMod/FORGEMOD]: Forge mod loading, version 47.4.10, for MC 1.20.1 with MCP 20230612.114412
[20Aug2026 13:29:48.741] [modloading-worker-0/INFO] [net.minecraftforge.common.MinecraftForge/FORGE]: MinecraftForge v47.4.10 Initialized
[20Aug2026 13:29:48.748] [modloading-worker-0/DEBUG] [net.minecraftforge.fml.javafmlmod.AutomaticEventSubscriber/LOADING]: Attempting to inject @EventBusSubscriber classes into the eventbus for pandalib
[20Aug2026 13:29:48.755] [modloading-worker-0/DEBUG] [net.minecraftforge.fml.javafmlmod.AutomaticEventSubscriber/LOADING]: Attempting to inject @EventBusSubscriber classes into the eventbus for varietree
[20Aug2026 13:29:48.771] [modloading-worker-0/DEBUG] [net.minecraftforge.fml.javafmlmod.AutomaticEventSubscriber/LOADING]: Attempting to inject @EventBusSubscriber classes into the eventbus for embeddium
[20Aug2026 13:29:48.772] [modloading-worker-0/DEBUG] [net.minecraftforge.fml.javafmlmod.AutomaticEventSubscriber/LOADING]: Attempting to inject @EventBusSubscriber classes into the eventbus for rubidium
[20Aug2026 13:29:48.774] [modloading-worker-0/INFO] [JamLib/]: Updated config file at C:\Users\user\Desktop\Modded\config\rightclickharvest.json5
[20Aug2026 13:29:48.775] [modloading-worker-0/DEBUG] [creativecore/]: Created network creativecore:main
[20Aug2026 13:29:48.775] [modloading-worker-0/INFO] [Right Click Harvest/]: Initializing Right Click Harvest on FORGE
[20Aug2026 13:29:48.780] [modloading-worker-0/DEBUG] [net.minecraftforge.fml.javafmlmod.AutomaticEventSubscriber/LOADING]: Attempting to inject @EventBusSubscriber classes into the eventbus for ambientsounds
[20Aug2026 13:29:48.780] [modloading-worker-0/DEBUG] [net.minecraftforge.fml.javafmlmod.AutomaticEventSubscriber/LOADING]: Attempting to inject @EventBusSubscriber classes into the eventbus for enhancedvisuals
[20Aug2026 13:29:48.780] [modloading-worker-0/DEBUG] [net.minecraftforge.fml.javafmlmod.AutomaticEventSubscriber/LOADING]: Attempting to inject @EventBusSubscriber classes into the eventbus for presencefootsteps
[20Aug2026 13:29:48.781] [modloading-worker-0/DEBUG] [net.minecraftforge.fml.javafmlmod.AutomaticEventSubscriber/LOADING]: Attempting to inject @EventBusSubscriber classes into the eventbus for rightclickharvest
[20Aug2026 13:29:48.784] [modloading-worker-0/DEBUG] [net.minecraftforge.fml.javafmlmod.AutomaticEventSubscriber/LOADING]: Attempting to inject @EventBusSubscriber classes into the eventbus for fallingtrees
[20Aug2026 13:29:48.784] [modloading-worker-0/DEBUG] [net.minecraftforge.fml.javafmlmod.AutomaticEventSubscriber/LOADING]: Attempting to inject @EventBusSubscriber classes into the eventbus for creativecore
[20Aug2026 13:29:48.791] [modloading-worker-0/DEBUG] [net.minecraftforge.fml.config.ConfigTracker/CONFIG]: Config file forge-client.toml for forge tracking
[20Aug2026 13:29:48.791] [modloading-worker-0/DEBUG] [net.minecraftforge.fml.config.ConfigTracker/CONFIG]: Config file forge-server.toml for forge tracking
[20Aug2026 13:29:48.792] [modloading-worker-0/DEBUG] [net.minecraftforge.fml.ModLoadingContext/]: Attempted to register an empty config for type COMMON on mod forge
[20Aug2026 13:29:48.794] [modloading-worker-0/DEBUG] [mixin/]: Mixing ExplosionAccessor from enhancedvisuals.mixins.json into net.minecraft.world.level.Explosion
[20Aug2026 13:29:48.794] [modloading-worker-0/DEBUG] [mixin/]: Mixing MixinExplosion from enhancedvisuals.mixins.json into net.minecraft.world.level.Explosion
[20Aug2026 13:29:48.814] [modloading-worker-0/DEBUG] [net.minecraftforge.fml.javafmlmod.AutomaticEventSubscriber/LOADING]: Attempting to inject @EventBusSubscriber classes into the eventbus for architectury
[20Aug2026 13:29:48.814] [modloading-worker-0/DEBUG] [net.minecraftforge.fml.javafmlmod.AutomaticEventSubscriber/LOADING]: Attempting to inject @EventBusSubscriber classes into the eventbus for forge
[20Aug2026 13:29:48.814] [modloading-worker-0/DEBUG] [net.minecraftforge.fml.javafmlmod.AutomaticEventSubscriber/LOADING]: Auto-subscribing dev.architectury.registry.level.entity.trade.forge.TradeRegistryImpl to FORGE
[20Aug2026 13:29:48.814] [modloading-worker-0/DEBUG] [net.minecraftforge.fml.javafmlmod.AutomaticEventSubscriber/LOADING]: Auto-subscribing net.minecraftforge.common.ForgeSpawnEggItem$CommonHandler to MOD
[20Aug2026 13:29:48.817] [modloading-worker-0/DEBUG] [net.minecraftforge.fml.javafmlmod.AutomaticEventSubscriber/LOADING]: Auto-subscribing dev.architectury.registry.forge.ReloadListenerRegistryImpl to FORGE
[20Aug2026 13:29:48.819] [modloading-worker-0/DEBUG] [net.minecraftforge.fml.javafmlmod.AutomaticEventSubscriber/LOADING]: Auto-subscribing dev.architectury.networking.forge.NetworkManagerImpl to FORGE
[20Aug2026 13:29:48.823] [modloading-worker-0/DEBUG] [net.minecraftforge.fml.javafmlmod.AutomaticEventSubscriber/LOADING]: Attempting to inject @EventBusSubscriber classes into the eventbus for durabilitytooltip
[20Aug2026 13:29:48.825] [modloading-worker-0/INFO] [dev.architectury.networking.forge.NetworkManagerImpl/]: Registering C2S receiver with id architectury:sync_ids
[20Aug2026 13:29:48.844] [modloading-worker-0/DEBUG] [net.minecraftforge.fml.javafmlmod.AutomaticEventSubscriber/LOADING]: Attempting to inject @EventBusSubscriber classes into the eventbus for its_not_real
[20Aug2026 13:29:48.844] [modloading-worker-0/DEBUG] [net.minecraftforge.fml.javafmlmod.AutomaticEventSubscriber/LOADING]: Auto-subscribing net.mcreator.why.world.features.StructureFeature to FORGE
[20Aug2026 13:29:48.845] [modloading-worker-0/DEBUG] [net.minecraftforge.fml.javafmlmod.AutomaticEventSubscriber/LOADING]: Auto-subscribing net.mcreator.why.world.dimension.YourHellDimension to FORGE
[20Aug2026 13:29:48.846] [modloading-worker-0/DEBUG] [net.minecraftforge.fml.javafmlmod.AutomaticEventSubscriber/LOADING]: Auto-subscribing net.mcreator.why.world.dimension.YourHellDimension$DimensionSpecialEffectsHandler to MOD
[20Aug2026 13:29:48.847] [modloading-worker-0/DEBUG] [net.minecraftforge.fml.javafmlmod.AutomaticEventSubscriber/LOADING]: Auto-subscribing net.mcreator.why.world.dimension.NullDimension to FORGE
[20Aug2026 13:29:48.848] [modloading-worker-0/DEBUG] [net.minecraftforge.fml.javafmlmod.AutomaticEventSubscriber/LOADING]: Auto-subscribing net.mcreator.why.world.dimension.NullDimension$DimensionSpecialEffectsHandler to MOD
[20Aug2026 13:29:48.848] [modloading-worker-0/DEBUG] [net.minecraftforge.fml.javafmlmod.AutomaticEventSubscriber/LOADING]: Auto-subscribing net.mcreator.why.world.dimension.GrasslandsDimension to FORGE
[20Aug2026 13:29:48.849] [modloading-worker-0/DEBUG] [net.minecraftforge.fml.javafmlmod.AutomaticEventSubscriber/LOADING]: Auto-subscribing net.mcreator.why.world.dimension.GrasslandsDimension$DimensionSpecialEffectsHandler to MOD
[20Aug2026 13:29:48.850] [modloading-worker-0/DEBUG] [net.minecraftforge.fml.javafmlmod.AutomaticEventSubscriber/LOADING]: Auto-subscribing net.mcreator.why.procedures.WhenSleepScareProcedure to FORGE
[20Aug2026 13:29:48.852] [modloading-worker-0/DEBUG] [net.minecraftforge.fml.javafmlmod.AutomaticEventSubscriber/LOADING]: Auto-subscribing net.mcreator.why.procedures.WhenKilledProcedure to FORGE
[20Aug2026 13:29:48.853] [modloading-worker-0/DEBUG] [net.minecraftforge.fml.javafmlmod.AutomaticEventSubscriber/LOADING]: Auto-subscribing net.mcreator.why.procedures.WhenHurtProcedure to FORGE
[20Aug2026 13:29:48.855] [modloading-worker-0/DEBUG] [net.minecraftforge.fml.javafmlmod.AutomaticEventSubscriber/LOADING]: Auto-subscribing net.mcreator.why.procedures.WhenHurt2Procedure to FORGE
[20Aug2026 13:29:48.856] [modloading-worker-0/DEBUG] [net.minecraftforge.fml.javafmlmod.AutomaticEventSubscriber/LOADING]: Auto-subscribing net.mcreator.why.procedures.SentinelTraceProcedure to FORGE
[20Aug2026 13:29:48.857] [modloading-worker-0/DEBUG] [net.minecraftforge.fml.javafmlmod.AutomaticEventSubscriber/LOADING]: Auto-subscribing net.mcreator.why.procedures.RandomSoundsPlayerTickProcedure to FORGE
[20Aug2026 13:29:48.859] [modloading-worker-0/DEBUG] [net.minecraftforge.fml.javafmlmod.AutomaticEventSubscriber/LOADING]: Auto-subscribing net.mcreator.why.procedures.PlayertickNOTREALProcedure to FORGE
[20Aug2026 13:29:48.860] [modloading-worker-0/DEBUG] [net.minecraftforge.fml.javafmlmod.AutomaticEventSubscriber/LOADING]: Auto-subscribing net.mcreator.why.procedures.PlayerTickProcedure to FORGE
[20Aug2026 13:29:48.862] [modloading-worker-0/DEBUG] [net.minecraftforge.fml.javafmlmod.AutomaticEventSubscriber/LOADING]: Auto-subscribing net.mcreator.why.procedures.PlayerTickInGrasslandProcedure to FORGE
[20Aug2026 13:29:48.864] [modloading-worker-0/DEBUG] [net.minecraftforge.fml.javafmlmod.AutomaticEventSubscriber/LOADING]: Auto-subscribing net.mcreator.why.procedures.PeekSpawnsProcedure to FORGE
[20Aug2026 13:29:48.866] [modloading-worker-0/DEBUG] [net.minecraftforge.fml.javafmlmod.AutomaticEventSubscriber/LOADING]: Auto-subscribing net.mcreator.why.procedures.NoSpawnsProcedure to FORGE
[20Aug2026 13:29:48.868] [modloading-worker-0/DEBUG] [net.minecraftforge.fml.javafmlmod.AutomaticEventSubscriber/LOADING]: Auto-subscribing net.mcreator.why.procedures.NoSpawnInGrasslandProcedure to FORGE
[20Aug2026 13:29:48.869] [modloading-worker-0/DEBUG] [net.minecraftforge.fml.javafmlmod.AutomaticEventSubscriber/LOADING]: Auto-subscribing net.mcreator.why.procedures.NoSpawnInDimensionProcedure to FORGE
[20Aug2026 13:29:48.871] [modloading-worker-0/DEBUG] [net.minecraftforge.fml.javafmlmod.AutomaticEventSubscriber/LOADING]: Auto-subscribing net.mcreator.why.procedures.NoDeathInGrasslandProcedure to FORGE
[20Aug2026 13:29:48.872] [modloading-worker-0/DEBUG] [net.minecraftforge.fml.javafmlmod.AutomaticEventSubscriber/LOADING]: Auto-subscribing net.mcreator.why.procedures.NoDeathInDimensionProcedure to FORGE
[20Aug2026 13:29:48.873] [modloading-worker-0/DEBUG] [net.minecraftforge.fml.javafmlmod.AutomaticEventSubscriber/LOADING]: Auto-subscribing net.mcreator.why.procedures.NoDeathHereProcedure to FORGE
[20Aug2026 13:29:48.873] [modloading-worker-0/DEBUG] [net.minecraftforge.fml.javafmlmod.AutomaticEventSubscriber/LOADING]: Auto-subscribing net.mcreator.why.procedures.NoDamageInGrasslandProcedure to FORGE
[20Aug2026 13:29:48.875] [modloading-worker-0/DEBUG] [net.minecraftforge.fml.javafmlmod.AutomaticEventSubscriber/LOADING]: Auto-subscribing net.mcreator.why.procedures.NoDamageInDimensionProcedure to FORGE
[20Aug2026 13:29:48.876] [modloading-worker-0/DEBUG] [net.minecraftforge.fml.javafmlmod.AutomaticEventSubscriber/LOADING]: Auto-subscribing net.mcreator.why.procedures.NoDamageHereProcedure to FORGE
[20Aug2026 13:29:48.877] [modloading-worker-0/DEBUG] [net.minecraftforge.fml.javafmlmod.AutomaticEventSubscriber/LOADING]: Auto-subscribing net.mcreator.why.procedures.MessageProcedure to FORGE
[20Aug2026 13:29:48.878] [modloading-worker-0/DEBUG] [net.minecraftforge.fml.javafmlmod.AutomaticEventSubscriber/LOADING]: Auto-subscribing net.mcreator.why.procedures.KillAnimal1in1000Procedure to FORGE
[20Aug2026 13:29:48.879] [modloading-worker-0/DEBUG] [net.minecraftforge.fml.javafmlmod.AutomaticEventSubscriber/LOADING]: Auto-subscribing net.mcreator.why.procedures.INRStalkTraceProcedure to FORGE
[20Aug2026 13:29:48.881] [modloading-worker-0/DEBUG] [net.minecraftforge.fml.javafmlmod.AutomaticEventSubscriber/LOADING]: Auto-subscribing net.mcreator.why.procedures.INRScareTraceProcedure to FORGE
[20Aug2026 13:29:48.882] [modloading-worker-0/DEBUG] [net.minecraftforge.fml.javafmlmod.AutomaticEventSubscriber/LOADING]: Auto-subscribing net.mcreator.why.procedures.INRRunTraceProcedure to FORGE
[20Aug2026 13:29:48.883] [modloading-worker-0/DEBUG] [net.minecraftforge.fml.javafmlmod.AutomaticEventSubscriber/LOADING]: Auto-subscribing net.mcreator.why.procedures.FalseBlockStuffProcedure to FORGE
[20Aug2026 13:29:48.884] [modloading-worker-0/DEBUG] [net.minecraftforge.fml.javafmlmod.AutomaticEventSubscriber/LOADING]: Auto-subscribing net.mcreator.why.procedures.EntitySpawnProcedure to FORGE
[20Aug2026 13:29:48.886] [modloading-worker-0/DEBUG] [net.minecraftforge.fml.javafmlmod.AutomaticEventSubscriber/LOADING]: Auto-subscribing net.mcreator.why.procedures.CooldownfixProcedure to FORGE
[20Aug2026 13:29:48.887] [modloading-worker-0/DEBUG] [net.minecraftforge.fml.javafmlmod.AutomaticEventSubscriber/LOADING]: Auto-subscribing net.mcreator.why.network.ItsNotRealModVariables to MOD
[20Aug2026 13:29:48.892] [modloading-worker-0/DEBUG] [net.minecraftforge.fml.javafmlmod.AutomaticEventSubscriber/LOADING]: Auto-subscribing net.mcreator.why.network.ItsNotRealModVariables$PlayerVariablesProvider to FORGE
[20Aug2026 13:29:48.896] [modloading-worker-0/DEBUG] [net.minecraftforge.fml.javafmlmod.AutomaticEventSubscriber/LOADING]: Auto-subscribing net.mcreator.why.network.ItsNotRealModVariables$EventBusVariableHandlers to FORGE
[20Aug2026 13:29:48.900] [modloading-worker-0/DEBUG] [net.minecraftforge.fml.javafmlmod.AutomaticEventSubscriber/LOADING]: Auto-subscribing net.mcreator.why.network.CloseEyesMessage to MOD
[20Aug2026 13:29:48.902] [modloading-worker-0/DEBUG] [net.minecraftforge.fml.javafmlmod.AutomaticEventSubscriber/LOADING]: Auto-subscribing net.mcreator.why.init.ItsNotRealModEntities to MOD
[20Aug2026 13:29:48.903] [modloading-worker-0/DEBUG] [net.minecraftforge.fml.javafmlmod.AutomaticEventSubscriber/LOADING]: Auto-subscribing net.mcreator.why.init.ItsNotRealModConfigs to MOD
[20Aug2026 13:29:48.904] [modloading-worker-0/DEBUG] [net.minecraftforge.fml.javafmlmod.AutomaticEventSubscriber/LOADING]: Auto-subscribing net.mcreator.why.init.EntityAnimationFactory to FORGE
[20Aug2026 13:29:48.974] [modloading-worker-0/DEBUG] [net.minecraftforge.fml.javafmlmod.AutomaticEventSubscriber/LOADING]: Attempting to inject @EventBusSubscriber classes into the eventbus for collective
[20Aug2026 13:29:48.974] [modloading-worker-0/DEBUG] [net.minecraftforge.fml.javafmlmod.AutomaticEventSubscriber/LOADING]: Attempting to inject @EventBusSubscriber classes into the eventbus for doubledoors
[20Aug2026 13:29:48.975] [modloading-worker-0/DEBUG] [net.minecraftforge.fml.javafmlmod.AutomaticEventSubscriber/LOADING]: Auto-subscribing com.natamus.collective.forge.events.RegisterCollectiveForgeEvents to FORGE
[20Aug2026 13:29:49.024] [modloading-worker-0/DEBUG] [net.minecraftforge.fml.javafmlmod.AutomaticEventSubscriber/LOADING]: Attempting to inject @EventBusSubscriber classes into the eventbus for the_wonderland
[20Aug2026 13:29:49.025] [modloading-worker-0/DEBUG] [net.minecraftforge.fml.javafmlmod.AutomaticEventSubscriber/LOADING]: Auto-subscribing net.mcreator.thewonderland.world.teleporter.WonderlandTeleporter to MOD
[20Aug2026 13:29:49.030] [modloading-worker-0/DEBUG] [net.minecraftforge.fml.javafmlmod.AutomaticEventSubscriber/LOADING]: Auto-subscribing net.mcreator.thewonderland.world.teleporter.WinterWonderlandTeleporter to MOD
[20Aug2026 13:29:49.033] [modloading-worker-0/DEBUG] [net.minecraftforge.fml.javafmlmod.AutomaticEventSubscriber/LOADING]: Auto-subscribing net.mcreator.thewonderland.world.teleporter.WhatOnceWasTeleporter to MOD
[20Aug2026 13:29:49.036] [modloading-worker-0/DEBUG] [net.minecraftforge.fml.javafmlmod.AutomaticEventSubscriber/LOADING]: Auto-subscribing net.mcreator.thewonderland.world.teleporter.TunnelsTeleporter to MOD
[20Aug2026 13:29:49.039] [modloading-worker-0/DEBUG] [net.minecraftforge.fml.javafmlmod.AutomaticEventSubscriber/LOADING]: Auto-subscribing net.mcreator.thewonderland.world.teleporter.TortureTeleporter to MOD
[20Aug2026 13:29:49.041] [modloading-worker-0/DEBUG] [net.minecraftforge.fml.javafmlmod.AutomaticEventSubscriber/LOADING]: Auto-subscribing net.mcreator.thewonderland.world.teleporter.TheVaultTeleporter to MOD
[20Aug2026 13:29:49.043] [modloading-worker-0/DEBUG] [net.minecraftforge.fml.javafmlmod.AutomaticEventSubscriber/LOADING]: Auto-subscribing net.mcreator.thewonderland.world.teleporter.TheSlipTeleporter to MOD
[20Aug2026 13:29:49.046] [modloading-worker-0/DEBUG] [net.minecraftforge.fml.javafmlmod.AutomaticEventSubscriber/LOADING]: Auto-subscribing net.mcreator.thewonderland.world.teleporter.SnowyBridgesTeleporter to MOD
[20Aug2026 13:29:49.048] [modloading-worker-0/DEBUG] [net.minecraftforge.fml.javafmlmod.AutomaticEventSubscriber/LOADING]: Auto-subscribing net.mcreator.thewonderland.world.teleporter.SequenceTeleporter to MOD
[20Aug2026 13:29:49.051] [modloading-worker-0/DEBUG] [net.minecraftforge.fml.javafmlmod.AutomaticEventSubscriber/LOADING]: Auto-subscribing net.mcreator.thewonderland.world.teleporter.ReservoirTeleporter to MOD
[20Aug2026 13:29:49.054] [modloading-worker-0/DEBUG] [net.minecraftforge.fml.javafmlmod.AutomaticEventSubscriber/LOADING]: Auto-subscribing net.mcreator.thewonderland.world.teleporter.RemembranceTeleporter to MOD
[20Aug2026 13:29:49.058] [modloading-worker-0/DEBUG] [net.minecraftforge.fml.javafmlmod.AutomaticEventSubscriber/LOADING]: Auto-subscribing net.mcreator.thewonderland.world.teleporter.MazeTeleporter to MOD
[20Aug2026 13:29:49.060] [modloading-worker-0/DEBUG] [net.minecraftforge.fml.javafmlmod.AutomaticEventSubscriber/LOADING]: Auto-subscribing net.mcreator.thewonderland.world.teleporter.JungleWarehouseTeleporter to MOD
[20Aug2026 13:29:49.063] [modloading-worker-0/DEBUG] [net.minecraftforge.fml.javafmlmod.AutomaticEventSubscriber/LOADING]: Auto-subscribing net.mcreator.thewonderland.world.teleporter.InconsistencyTeleporter to MOD
[20Aug2026 13:29:49.066] [modloading-worker-0/DEBUG] [net.minecraftforge.fml.javafmlmod.AutomaticEventSubscriber/LOADING]: Auto-subscribing net.mcreator.thewonderland.world.teleporter.EndlessLibraryTeleporter to MOD
[20Aug2026 13:29:49.070] [modloading-worker-0/DEBUG] [net.minecraftforge.fml.javafmlmod.AutomaticEventSubscriber/LOADING]: Auto-subscribing net.mcreator.thewonderland.world.teleporter.EndlessHouseTeleporter to MOD
[20Aug2026 13:29:49.073] [modloading-worker-0/DEBUG] [net.minecraftforge.fml.javafmlmod.AutomaticEventSubscriber/LOADING]: Auto-subscribing net.mcreator.thewonderland.world.teleporter.EndlessFieldTeleporter to MOD
[20Aug2026 13:29:49.076] [modloading-worker-0/DEBUG] [net.minecraftforge.fml.javafmlmod.AutomaticEventSubscriber/LOADING]: Auto-subscribing net.mcreator.thewonderland.world.teleporter.DreamworldTeleporter to MOD
[20Aug2026 13:29:49.078] [modloading-worker-0/DEBUG] [net.minecraftforge.fml.javafmlmod.AutomaticEventSubscriber/LOADING]: Auto-subscribing net.mcreator.thewonderland.world.teleporter.DepthsTeleporter to MOD
[20Aug2026 13:29:49.080] [modloading-worker-0/DEBUG] [net.minecraftforge.fml.javafmlmod.AutomaticEventSubscriber/LOADING]: Auto-subscribing net.mcreator.thewonderland.world.teleporter.CornersTeleporter to MOD
[20Aug2026 13:29:49.082] [modloading-worker-0/DEBUG] [net.minecraftforge.fml.javafmlmod.AutomaticEventSubscriber/LOADING]: Auto-subscribing net.mcreator.thewonderland.world.teleporter.CatacombsTeleporter to MOD
[20Aug2026 13:29:49.085] [modloading-worker-0/DEBUG] [net.minecraftforge.fml.javafmlmod.AutomaticEventSubscriber/LOADING]: Auto-subscribing net.mcreator.thewonderland.world.teleporter.BrickwaysTeleporter to MOD
[20Aug2026 13:29:49.088] [modloading-worker-0/DEBUG] [net.minecraftforge.fml.javafmlmod.AutomaticEventSubscriber/LOADING]: Auto-subscribing net.mcreator.thewonderland.world.teleporter.BedrockHallwaysTeleporter to MOD
[20Aug2026 13:29:49.091] [modloading-worker-0/DEBUG] [net.minecraftforge.fml.javafmlmod.AutomaticEventSubscriber/LOADING]: Auto-subscribing net.mcreator.thewonderland.world.teleporter.AnswerDimensionTeleporter to MOD
[20Aug2026 13:29:49.095] [modloading-worker-0/DEBUG] [net.minecraftforge.fml.javafmlmod.AutomaticEventSubscriber/LOADING]: Auto-subscribing net.mcreator.thewonderland.world.teleporter.AbyssTeleporter to MOD
[20Aug2026 13:29:49.097] [modloading-worker-0/DEBUG] [net.minecraftforge.fml.javafmlmod.AutomaticEventSubscriber/LOADING]: Auto-subscribing net.mcreator.thewonderland.world.features.StructureFeature to FORGE
[20Aug2026 13:29:49.098] [modloading-worker-0/DEBUG] [net.minecraftforge.fml.javafmlmod.AutomaticEventSubscriber/LOADING]: Auto-subscribing net.mcreator.thewonderland.world.dimension.WonderlandDimension to FORGE
[20Aug2026 13:29:49.099] [modloading-worker-0/DEBUG] [net.minecraftforge.fml.javafmlmod.AutomaticEventSubscriber/LOADING]: Auto-subscribing net.mcreator.thewonderland.world.dimension.WonderlandDimension$DimensionSpecialEffectsHandler to MOD
[20Aug2026 13:29:49.100] [modloading-worker-0/DEBUG] [net.minecraftforge.fml.javafmlmod.AutomaticEventSubscriber/LOADING]: Auto-subscribing net.mcreator.thewonderland.world.dimension.WinterWonderlandDimension to FORGE
[20Aug2026 13:29:49.102] [modloading-worker-0/DEBUG] [net.minecraftforge.fml.javafmlmod.AutomaticEventSubscriber/LOADING]: Auto-subscribing net.mcreator.thewonderland.world.dimension.WinterWonderlandDimension$DimensionSpecialEffectsHandler to MOD
[20Aug2026 13:29:49.102] [modloading-worker-0/DEBUG] [net.minecraftforge.fml.javafmlmod.AutomaticEventSubscriber/LOADING]: Auto-subscribing net.mcreator.thewonderland.world.dimension.WhatOnceWasDimension to FORGE
[20Aug2026 13:29:49.103] [modloading-worker-0/DEBUG] [net.minecraftforge.fml.javafmlmod.AutomaticEventSubscriber/LOADING]: Auto-subscribing net.mcreator.thewonderland.world.dimension.WhatOnceWasDimension$DimensionSpecialEffectsHandler to MOD
[20Aug2026 13:29:49.104] [modloading-worker-0/DEBUG] [net.minecraftforge.fml.javafmlmod.AutomaticEventSubscriber/LOADING]: Auto-subscribing net.mcreator.thewonderland.world.dimension.TunnelsDimension to FORGE
[20Aug2026 13:29:49.105] [modloading-worker-0/DEBUG] [net.minecraftforge.fml.javafmlmod.AutomaticEventSubscriber/LOADING]: Auto-subscribing net.mcreator.thewonderland.world.dimension.TunnelsDimension$DimensionSpecialEffectsHandler to MOD
[20Aug2026 13:29:49.106] [modloading-worker-0/DEBUG] [net.minecraftforge.fml.javafmlmod.AutomaticEventSubscriber/LOADING]: Auto-subscribing net.mcreator.thewonderland.world.dimension.TortureDimension to FORGE
[20Aug2026 13:29:49.107] [modloading-worker-0/DEBUG] [net.minecraftforge.fml.javafmlmod.AutomaticEventSubscriber/LOADING]: Auto-subscribing net.mcreator.thewonderland.world.dimension.TortureDimension$DimensionSpecialEffectsHandler to MOD
[20Aug2026 13:29:49.108] [modloading-worker-0/DEBUG] [net.minecraftforge.fml.javafmlmod.AutomaticEventSubscriber/LOADING]: Auto-subscribing net.mcreator.thewonderland.world.dimension.TheVaultDimension to FORGE
[20Aug2026 13:29:49.109] [modloading-worker-0/DEBUG] [net.minecraftforge.fml.javafmlmod.AutomaticEventSubscriber/LOADING]: Auto-subscribing net.mcreator.thewonderland.world.dimension.TheVaultDimension$DimensionSpecialEffectsHandler to MOD
[20Aug2026 13:29:49.110] [modloading-worker-0/DEBUG] [net.minecraftforge.fml.javafmlmod.AutomaticEventSubscriber/LOADING]: Auto-subscribing net.mcreator.thewonderland.world.dimension.TheSlipDimension to FORGE
[20Aug2026 13:29:49.111] [modloading-worker-0/DEBUG] [net.minecraftforge.fml.javafmlmod.AutomaticEventSubscriber/LOADING]: Auto-subscribing net.mcreator.thewonderland.world.dimension.TheSlipDimension$DimensionSpecialEffectsHandler to MOD
[20Aug2026 13:29:49.111] [modloading-worker-0/DEBUG] [net.minecraftforge.fml.javafmlmod.AutomaticEventSubscriber/LOADING]: Auto-subscribing net.mcreator.thewonderland.world.dimension.SnowyBridgesDimension to FORGE
[20Aug2026 13:29:49.112] [modloading-worker-0/DEBUG] [net.minecraftforge.fml.javafmlmod.AutomaticEventSubscriber/LOADING]: Auto-subscribing net.mcreator.thewonderland.world.dimension.SnowyBridgesDimension$DimensionSpecialEffectsHandler to MOD
[20Aug2026 13:29:49.113] [modloading-worker-0/DEBUG] [net.minecraftforge.fml.javafmlmod.AutomaticEventSubscriber/LOADING]: Auto-subscribing net.mcreator.thewonderland.world.dimension.SequenceDimension to FORGE
[20Aug2026 13:29:49.114] [modloading-worker-0/DEBUG] [net.minecraftforge.fml.javafmlmod.AutomaticEventSubscriber/LOADING]: Auto-subscribing net.mcreator.thewonderland.world.dimension.SequenceDimension$DimensionSpecialEffectsHandler to MOD
[20Aug2026 13:29:49.114] [modloading-worker-0/DEBUG] [net.minecraftforge.fml.javafmlmod.AutomaticEventSubscriber/LOADING]: Auto-subscribing net.mcreator.thewonderland.world.dimension.ReservoirDimension to FORGE
[20Aug2026 13:29:49.115] [modloading-worker-0/DEBUG] [net.minecraftforge.fml.javafmlmod.AutomaticEventSubscriber/LOADING]: Auto-subscribing net.mcreator.thewonderland.world.dimension.ReservoirDimension$DimensionSpecialEffectsHandler to MOD
[20Aug2026 13:29:49.115] [modloading-worker-0/DEBUG] [net.minecraftforge.fml.javafmlmod.AutomaticEventSubscriber/LOADING]: Auto-subscribing net.mcreator.thewonderland.world.dimension.RemembranceDimension to FORGE
[20Aug2026 13:29:49.116] [modloading-worker-0/DEBUG] [net.minecraftforge.fml.javafmlmod.AutomaticEventSubscriber/LOADING]: Auto-subscribing net.mcreator.thewonderland.world.dimension.RemembranceDimension$DimensionSpecialEffectsHandler to MOD
[20Aug2026 13:29:49.116] [modloading-worker-0/DEBUG] [net.minecraftforge.fml.javafmlmod.AutomaticEventSubscriber/LOADING]: Auto-subscribing net.mcreator.thewonderland.world.dimension.MazeDimension to FORGE
[20Aug2026 13:29:49.118] [modloading-worker-0/DEBUG] [net.minecraftforge.fml.javafmlmod.AutomaticEventSubscriber/LOADING]: Auto-subscribing net.mcreator.thewonderland.world.dimension.MazeDimension$DimensionSpecialEffectsHandler to MOD
[20Aug2026 13:29:49.118] [modloading-worker-0/DEBUG] [net.minecraftforge.fml.javafmlmod.AutomaticEventSubscriber/LOADING]: Auto-subscribing net.mcreator.thewonderland.world.dimension.JungleWarehouseDimension to FORGE
[20Aug2026 13:29:49.119] [modloading-worker-0/DEBUG] [net.minecraftforge.fml.javafmlmod.AutomaticEventSubscriber/LOADING]: Auto-subscribing net.mcreator.thewonderland.world.dimension.JungleWarehouseDimension$DimensionSpecialEffectsHandler to MOD
[20Aug2026 13:29:49.120] [modloading-worker-0/DEBUG] [net.minecraftforge.fml.javafmlmod.AutomaticEventSubscriber/LOADING]: Auto-subscribing net.mcreator.thewonderland.world.dimension.InconsistencyDimension to FORGE
[20Aug2026 13:29:49.121] [modloading-worker-0/DEBUG] [net.minecraftforge.fml.javafmlmod.AutomaticEventSubscriber/LOADING]: Auto-subscribing net.mcreator.thewonderland.world.dimension.InconsistencyDimension$DimensionSpecialEffectsHandler to MOD
[20Aug2026 13:29:49.121] [modloading-worker-0/DEBUG] [net.minecraftforge.fml.javafmlmod.AutomaticEventSubscriber/LOADING]: Auto-subscribing net.mcreator.thewonderland.world.dimension.EndlessLibraryDimension to FORGE
[20Aug2026 13:29:49.122] [modloading-worker-0/DEBUG] [net.minecraftforge.fml.javafmlmod.AutomaticEventSubscriber/LOADING]: Auto-subscribing net.mcreator.thewonderland.world.dimension.EndlessLibraryDimension$DimensionSpecialEffectsHandler to MOD
[20Aug2026 13:29:49.123] [modloading-worker-0/DEBUG] [net.minecraftforge.fml.javafmlmod.AutomaticEventSubscriber/LOADING]: Auto-subscribing net.mcreator.thewonderland.world.dimension.EndlessHouseDimension to FORGE
[20Aug2026 13:29:49.123] [modloading-worker-0/DEBUG] [net.minecraftforge.fml.javafmlmod.AutomaticEventSubscriber/LOADING]: Auto-subscribing net.mcreator.thewonderland.world.dimension.EndlessHouseDimension$DimensionSpecialEffectsHandler to MOD
[20Aug2026 13:29:49.124] [modloading-worker-0/DEBUG] [net.minecraftforge.fml.javafmlmod.AutomaticEventSubscriber/LOADING]: Auto-subscribing net.mcreator.thewonderland.world.dimension.EndlessFieldDimension to FORGE
[20Aug2026 13:29:49.125] [modloading-worker-0/DEBUG] [net.minecraftforge.fml.javafmlmod.AutomaticEventSubscriber/LOADING]: Auto-subscribing net.mcreator.thewonderland.world.dimension.EndlessFieldDimension$DimensionSpecialEffectsHandler to MOD
[20Aug2026 13:29:49.125] [modloading-worker-0/DEBUG] [net.minecraftforge.fml.javafmlmod.AutomaticEventSubscriber/LOADING]: Auto-subscribing net.mcreator.thewonderland.world.dimension.DreamworldDimension to FORGE
[20Aug2026 13:29:49.126] [modloading-worker-0/DEBUG] [net.minecraftforge.fml.javafmlmod.AutomaticEventSubscriber/LOADING]: Auto-subscribing net.mcreator.thewonderland.world.dimension.DreamworldDimension$DimensionSpecialEffectsHandler to MOD
[20Aug2026 13:29:49.126] [modloading-worker-0/DEBUG] [net.minecraftforge.fml.javafmlmod.AutomaticEventSubscriber/LOADING]: Auto-subscribing net.mcreator.thewonderland.world.dimension.DepthsDimension to FORGE
[20Aug2026 13:29:49.127] [modloading-worker-0/DEBUG] [net.minecraftforge.fml.javafmlmod.AutomaticEventSubscriber/LOADING]: Auto-subscribing net.mcreator.thewonderland.world.dimension.DepthsDimension$DimensionSpecialEffectsHandler to MOD
[20Aug2026 13:29:49.127] [modloading-worker-0/DEBUG] [net.minecraftforge.fml.javafmlmod.AutomaticEventSubscriber/LOADING]: Auto-subscribing net.mcreator.thewonderland.world.dimension.CornersDimension to FORGE
[20Aug2026 13:29:49.128] [modloading-worker-0/DEBUG] [net.minecraftforge.fml.javafmlmod.AutomaticEventSubscriber/LOADING]: Auto-subscribing net.mcreator.thewonderland.world.dimension.CornersDimension$DimensionSpecialEffectsHandler to MOD
[20Aug2026 13:29:49.129] [modloading-worker-0/DEBUG] [net.minecraftforge.fml.javafmlmod.AutomaticEventSubscriber/LOADING]: Auto-subscribing net.mcreator.thewonderland.world.dimension.CatacombsDimension to FORGE
[20Aug2026 13:29:49.130] [modloading-worker-0/DEBUG] [net.minecraftforge.fml.javafmlmod.AutomaticEventSubscriber/LOADING]: Auto-subscribing net.mcreator.thewonderland.world.dimension.CatacombsDimension$DimensionSpecialEffectsHandler to MOD
[20Aug2026 13:29:49.130] [modloading-worker-0/DEBUG] [net.minecraftforge.fml.javafmlmod.AutomaticEventSubscriber/LOADING]: Auto-subscribing net.mcreator.thewonderland.world.dimension.BrickwaysDimension to FORGE
[20Aug2026 13:29:49.131] [modloading-worker-0/DEBUG] [net.minecraftforge.fml.javafmlmod.AutomaticEventSubscriber/LOADING]: Auto-subscribing net.mcreator.thewonderland.world.dimension.BrickwaysDimension$DimensionSpecialEffectsHandler to MOD
[20Aug2026 13:29:49.132] [modloading-worker-0/DEBUG] [net.minecraftforge.fml.javafmlmod.AutomaticEventSubscriber/LOADING]: Auto-subscribing net.mcreator.thewonderland.world.dimension.BedrockHallwaysDimension to FORGE
[20Aug2026 13:29:49.133] [modloading-worker-0/DEBUG] [net.minecraftforge.fml.javafmlmod.AutomaticEventSubscriber/LOADING]: Auto-subscribing net.mcreator.thewonderland.world.dimension.BedrockHallwaysDimension$DimensionSpecialEffectsHandler to MOD
[20Aug2026 13:29:49.133] [modloading-worker-0/DEBUG] [net.minecraftforge.fml.javafmlmod.AutomaticEventSubscriber/LOADING]: Auto-subscribing net.mcreator.thewonderland.world.dimension.AnswerDimensionDimension to FORGE
[20Aug2026 13:29:49.135] [modloading-worker-0/DEBUG] [net.minecraftforge.fml.javafmlmod.AutomaticEventSubscriber/LOADING]: Auto-subscribing net.mcreator.thewonderland.world.dimension.AnswerDimensionDimension$DimensionSpecialEffectsHandler to MOD
[20Aug2026 13:29:49.136] [modloading-worker-0/DEBUG] [net.minecraftforge.fml.javafmlmod.AutomaticEventSubscriber/LOADING]: Auto-subscribing net.mcreator.thewonderland.world.dimension.AbyssDimension to FORGE
[20Aug2026 13:29:49.137] [modloading-worker-0/DEBUG] [net.minecraftforge.fml.javafmlmod.AutomaticEventSubscriber/LOADING]: Auto-subscribing net.mcreator.thewonderland.world.dimension.AbyssDimension$DimensionSpecialEffectsHandler to MOD
[20Aug2026 13:29:49.137] [modloading-worker-0/DEBUG] [net.minecraftforge.fml.javafmlmod.AutomaticEventSubscriber/LOADING]: Auto-subscribing net.mcreator.thewonderland.procedures.WonderlandRecipiesProcedure to FORGE
[20Aug2026 13:29:49.139] [modloading-worker-0/DEBUG] [net.minecraftforge.fml.javafmlmod.AutomaticEventSubscriber/LOADING]: Auto-subscribing net.mcreator.thewonderland.procedures.PlayerTickProcedure to FORGE
[20Aug2026 13:29:49.142] [modloading-worker-0/DEBUG] [net.minecraftforge.fml.javafmlmod.AutomaticEventSubscriber/LOADING]: Auto-subscribing net.mcreator.thewonderland.procedures.PlayerSleepsInWonderlandProcedure to FORGE
[20Aug2026 13:29:49.143] [modloading-worker-0/DEBUG] [net.minecraftforge.fml.javafmlmod.AutomaticEventSubscriber/LOADING]: Auto-subscribing net.mcreator.thewonderland.procedures.PlayerGoesToBedProcedure to FORGE
[20Aug2026 13:29:49.145] [modloading-worker-0/DEBUG] [net.minecraftforge.fml.javafmlmod.AutomaticEventSubscriber/LOADING]: Auto-subscribing net.mcreator.thewonderland.procedures.NoOneChatProcedure to FORGE
[20Aug2026 13:29:49.146] [modloading-worker-0/DEBUG] [net.minecraftforge.fml.javafmlmod.AutomaticEventSubscriber/LOADING]: Auto-subscribing net.mcreator.thewonderland.procedures.InsomniaSpawningProcedure to FORGE
[20Aug2026 13:29:49.148] [modloading-worker-0/DEBUG] [net.minecraftforge.fml.javafmlmod.AutomaticEventSubscriber/LOADING]: Auto-subscribing net.mcreator.thewonderland.network.TheWonderlandModVariables to MOD
[20Aug2026 13:29:49.150] [modloading-worker-0/DEBUG] [net.minecraftforge.fml.javafmlmod.AutomaticEventSubscriber/LOADING]: Auto-subscribing net.mcreator.thewonderland.network.TheWonderlandModVariables$EventBusVariableHandlers to FORGE
[20Aug2026 13:29:49.153] [modloading-worker-0/DEBUG] [net.minecraftforge.fml.javafmlmod.AutomaticEventSubscriber/LOADING]: Auto-subscribing net.mcreator.thewonderland.init.TheWonderlandModEntities to MOD
[20Aug2026 13:29:49.154] [modloading-worker-0/DEBUG] [net.minecraftforge.fml.javafmlmod.AutomaticEventSubscriber/LOADING]: Auto-subscribing net.mcreator.thewonderland.init.TheWonderlandModConfigs to MOD
[20Aug2026 13:29:49.155] [modloading-worker-0/DEBUG] [net.minecraftforge.fml.javafmlmod.AutomaticEventSubscriber/LOADING]: Auto-subscribing net.mcreator.thewonderland.init.EntityAnimationFactory to FORGE
[20Aug2026 13:29:49.156] [modloading-worker-0/DEBUG] [net.minecraftforge.fml.javafmlmod.AutomaticEventSubscriber/LOADING]: Auto-subscribing net.mcreator.thewonderland.command.WonderlandDebugCommand to FORGE
[20Aug2026 13:29:49.158] [main/DEBUG] [net.minecraftforge.fml.DeferredWorkQueue/LOADING]: Dispatching synchronous work for work queue CONSTRUCT: 2 jobs
[20Aug2026 13:29:49.161] [main/DEBUG] [net.minecraftforge.fml.config.ConfigTracker/CONFIG]: Config file ITS NOT REAL.toml for its_not_real tracking
[20Aug2026 13:29:49.164] [main/DEBUG] [net.minecraftforge.fml.config.ConfigTracker/CONFIG]: Config file Wonderland Configuration.toml for the_wonderland tracking
[20Aug2026 13:29:49.165] [main/DEBUG] [net.minecraftforge.fml.DeferredWorkQueue/LOADING]: Synchronous work queue completed in 5.196 ms
[20Aug2026 13:29:49.360] [main/DEBUG] [net.minecraftforge.common.capabilities.CapabilityManager/CAPABILITIES]: Attempting to automatically register: Lnet/minecraftforge/energy/IEnergyStorage;
[20Aug2026 13:29:49.361] [main/DEBUG] [net.minecraftforge.common.capabilities.CapabilityManager/CAPABILITIES]: Attempting to automatically register: Lnet/minecraftforge/fluids/capability/IFluidHandler;
[20Aug2026 13:29:49.361] [main/DEBUG] [net.minecraftforge.common.capabilities.CapabilityManager/CAPABILITIES]: Attempting to automatically register: Lnet/minecraftforge/fluids/capability/IFluidHandlerItem;
[20Aug2026 13:29:49.361] [main/DEBUG] [net.minecraftforge.common.capabilities.CapabilityManager/CAPABILITIES]: Attempting to automatically register: Lnet/minecraftforge/items/IItemHandler;
[20Aug2026 13:29:49.611] [Thread-2/WARN] [Collective/]: [Update] Collective has an update available: 8.20 -> 8.39
[20Aug2026 13:29:49.839] [main/DEBUG] [net.minecraftforge.fml.config.ConfigTracker/CONFIG]: Loading configs type COMMON
[20Aug2026 13:29:49.841] [main/DEBUG] [net.minecraftforge.fml.config.ConfigFileTypeHandler/CONFIG]: Built TOML config for C:\Users\user\Desktop\Modded\config\extragore-common.toml
[20Aug2026 13:29:49.844] [main/DEBUG] [net.minecraftforge.fml.config.ConfigFileTypeHandler/CONFIG]: Loaded TOML config file C:\Users\user\Desktop\Modded\config\extragore-common.toml
[20Aug2026 13:29:49.847] [main/DEBUG] [net.minecraftforge.fml.config.ConfigFileTypeHandler/CONFIG]: Watching TOML config file C:\Users\user\Desktop\Modded\config\extragore-common.toml for changes
[20Aug2026 13:29:49.852] [main/DEBUG] [net.minecraftforge.fml.config.ConfigFileTypeHandler/CONFIG]: Built TOML config for C:\Users\user\Desktop\Modded\config\ITS NOT REAL.toml
[20Aug2026 13:29:49.853] [main/DEBUG] [net.minecraftforge.fml.config.ConfigFileTypeHandler/CONFIG]: Loaded TOML config file C:\Users\user\Desktop\Modded\config\ITS NOT REAL.toml
[20Aug2026 13:29:49.854] [main/DEBUG] [net.minecraftforge.fml.config.ConfigFileTypeHandler/CONFIG]: Watching TOML config file C:\Users\user\Desktop\Modded\config\ITS NOT REAL.toml for changes
[20Aug2026 13:29:49.856] [main/DEBUG] [net.minecraftforge.fml.config.ConfigFileTypeHandler/CONFIG]: Built TOML config for C:\Users\user\Desktop\Modded\config\Wonderland Configuration.toml
[20Aug2026 13:29:49.856] [Thread-3/DEBUG] [net.minecraftforge.fml.config.ConfigFileTypeHandler/CONFIG]: Config file extragore-common.toml changed, sending notifies
[20Aug2026 13:29:49.857] [main/DEBUG] [net.minecraftforge.fml.config.ConfigFileTypeHandler/CONFIG]: Loaded TOML config file C:\Users\user\Desktop\Modded\config\Wonderland Configuration.toml
[20Aug2026 13:29:49.857] [main/DEBUG] [net.minecraftforge.fml.config.ConfigFileTypeHandler/CONFIG]: Watching TOML config file C:\Users\user\Desktop\Modded\config\Wonderland Configuration.toml for changes
[20Aug2026 13:29:49.863] [modloading-worker-0/INFO] [voicechat/]: [voicechat] Compatibility version 20
[20Aug2026 13:29:49.869] [Thread-3/DEBUG] [net.minecraftforge.fml.config.ConfigFileTypeHandler/CONFIG]: Config file Wonderland Configuration.toml changed, sending notifies
[20Aug2026 13:29:49.884] [Forge Version Check/INFO] [net.minecraftforge.fml.VersionChecker/]: [voicechat] Starting version check at https://update.maxhenkel.de/forge/voicechat
[20Aug2026 13:29:49.920] [modloading-worker-0/INFO] [mixin/]: Mixing server.MixinPlayerList from mixins/common/nochatreports.mixins.json into net.minecraft.server.players.PlayerList
[20Aug2026 13:29:49.941] [modloading-worker-0/INFO] [voicechat/]: [voicechat] Loading plugins
[20Aug2026 13:29:49.947] [modloading-worker-0/INFO] [voicechat/]: [voicechat] Loaded 1 plugin(s)
[20Aug2026 13:29:49.948] [modloading-worker-0/INFO] [voicechat/]: [voicechat] Initializing plugins
[20Aug2026 13:29:49.961] [modloading-worker-0/INFO] [Sound Physics - General/]: Initializing Simple Voice Chat integration
[20Aug2026 13:29:49.961] [modloading-worker-0/INFO] [voicechat/]: [voicechat] Initialized 1 plugin(s)
[20Aug2026 13:29:49.964] [modloading-worker-0/INFO] [voicechat/]: [voicechat] Registering events for 'sound_physics_remastered'
[20Aug2026 13:29:49.985] [main/DEBUG] [net.minecraftforge.fml.DeferredWorkQueue/LOADING]: Dispatching synchronous work for work queue COMMON_SETUP: 2 jobs
[20Aug2026 13:29:49.986] [main/DEBUG] [net.minecraftforge.fml.DeferredWorkQueue/LOADING]: Synchronous work queue completed in 608.9 μs
[20Aug2026 13:29:49.993] [main/DEBUG] [net.minecraftforge.fml.DeferredWorkQueue/LOADING]: Dispatching synchronous work for work queue COMPLETE: 2 jobs
[20Aug2026 13:29:50.009] [main/DEBUG] [net.minecraftforge.fml.config.ConfigTracker/CONFIG]: Config file badmobs-common.toml for badmobs tracking
[20Aug2026 13:29:50.013] [main/DEBUG] [net.minecraftforge.fml.config.ConfigFileTypeHandler/CONFIG]: Built TOML config for C:\Users\user\Desktop\Modded\config\badmobs-common.toml
[20Aug2026 13:29:50.020] [main/DEBUG] [net.minecraftforge.fml.config.ConfigFileTypeHandler/CONFIG]: Loaded TOML config file C:\Users\user\Desktop\Modded\config\badmobs-common.toml
[20Aug2026 13:29:50.021] [main/DEBUG] [net.minecraftforge.fml.config.ConfigFileTypeHandler/CONFIG]: Watching TOML config file C:\Users\user\Desktop\Modded\config\badmobs-common.toml for changes
[20Aug2026 13:29:50.037] [main/DEBUG] [net.minecraftforge.fml.DeferredWorkQueue/LOADING]: Synchronous work queue completed in 43.17 ms
[20Aug2026 13:29:50.061] [Thread-3/DEBUG] [net.minecraftforge.fml.config.ConfigFileTypeHandler/CONFIG]: Config file badmobs-common.toml changed, sending notifies
[20Aug2026 13:29:50.856] [main/INFO] [com.mojang.authlib.yggdrasil.YggdrasilAuthenticationService/]: Environment: authHost='https://authserver.mojang.com', accountsHost='https://api.mojang.com', sessionHost='https://sessionserver.mojang.com', servicesHost='https://api.minecraftservices.com', name='PROD'
[20Aug2026 13:29:51.119] [Forge Version Check/DEBUG] [net.minecraftforge.fml.VersionChecker/]: [voicechat] Received version check data:
{"1.21":{"1.21-2.5.20":"Added Vietnamese translation"},"1.20":{"1.20-2.4.9":"Fixed group not getting deleted when disconnecting\nFixed group in LeaveGroupEvent always null\nFixed builtin resource pack format version"},"26.1":{"2.6.14+26.1.1":"Allow 26.1.x"},"1.18":{"1.18-2.1.17":"Updated Forge\nFixed sound physics compatibility","1.18-2.1.22":"Fixed untranslated command feedback"},"1.19":{"1.19-2.4.8":"Added audio senders to the voice chat API"},"1.21.11":{"1.21.11-2.6.22":"Fixed some speakers breaking voice chat audio\nFixed race condition when quickly disconnecting and reconnecting\nFixed voice chat breaking if Minecrafts audio system is not initialized\nFixed potential OpenAL resource leaks\nFixed incorrect OpenAL version detection"},"1.21.10":{"1.21.10-2.6.22":"Fixed some speakers breaking voice chat audio\nFixed race condition when quickly disconnecting and reconnecting\nFixed voice chat breaking if Minecrafts audio system is not initialized\nFixed potential OpenAL resource leaks\nFixed incorrect OpenAL version detection"},"1.21.7":{"1.21.7-2.5.34":"Updated German translation"},"1.21.6":{"1.21.6-2.5.32":"Added \"Default microphone\" and \"Default speaker\" options\nFixed antivirus software detecting the jar as a trojan (This was a false positive)"},"1.21.9":{"1.21.9-2.6.4":"Updated to 1.21.9"},"1.21.8":{"1.21.8-2.6.22":"Fixed some speakers breaking voice chat audio\nFixed race condition when quickly disconnecting and reconnecting\nFixed voice chat breaking if Minecrafts audio system is not initialized\nFixed potential OpenAL resource leaks\nFixed incorrect OpenAL version detection"},"1.20.4":{"1.20.4-2.5.22":"Updated Traditional Chinese translation\nAdded Portuguese translation\nUpdated Ukrainian translation","1.20.4-2.4.32":"Fixed compatibility with Sound Physics Remastered\nUpdated French translation"},"1.21.3":{"1.21.3-2.5.31":"Improved handling of invalid bind addresses\nFixed bind_address being used in LAN worlds\nUpdated Swedish translation"},"promos":{"1.19.3-recommended":"1.19.3-2.4.11","1.20-recommended":"1.20-2.4.9","1.19.1-recommended":"1.19.1-2.4.8","1.19.4-recommended":"1.19.4-2.4.32","1.19.2-recommended":"1.19.2-2.6.22","1.21.11-recommended":"1.21.11-2.6.22","1.21.8-recommended":"1.21.8-2.6.22","1.21-latest":"1.21-2.5.20","1.21.1-recommended":"1.21.1-2.6.22","1.21.4-recommended":"1.21.4-2.6.22","1.20-latest":"1.20-2.4.9","1.21.5-recommended":"1.21.5-2.6.22","26.2-latest":"2.6.22+26.2","1.21.11-latest":"1.21.11-2.6.22","1.20.1-latest":"1.20.1-2.6.22","26.2-recommended":"2.6.22+26.2","1.16.4-latest":"1.16.4-1.1.7","1.19.3-latest":"1.19.3-2.4.11","1.15.2-recommended":"1.15.2-1.0.2","1.19.1-latest":"1.19.1-2.4.8","1.18.1-latest":"1.18.1-2.2.52","1.21.4-latest":"1.21.4-2.6.22","1.21.3-latest":"1.21.3-2.5.31","1.18.2-latest":"1.18.2-2.6.22","1.21.5-latest":"1.21.5-2.6.22","1.21.1-latest":"1.21.1-2.6.22","1.21.6-latest":"1.21.6-2.5.32","26.1.2-latest":"2.6.22+26.1.2","1.12.2-latest":"1.12.2-2.6.22","26.1.1-latest":"2.6.15+26.1.1","1.12.2-recommended":"1.12.2-2.6.22","1.19-latest":"1.19-2.4.8","1.17.1-recommended":"1.17.1-2.4.32","26.1-latest":"2.6.14+26.1.1","1.21.9-latest":"1.21.9-2.6.4","1.18-latest":"1.18-2.1.22","1.21.8-latest":"1.21.8-2.6.22","1.20.4-recommended":"1.20.4-2.4.32","1.21.7-latest":"1.21.7-2.5.34","1.16.5-recommended":"1.16.5-2.6.22","1.16.4-recommended":"1.16.4-1.1.7","1.20.1-recommended":"1.20.1-2.6.22","1.16.3-recommended":"1.16.3-1.0.1","1.15.2-latest":"1.15.2-1.0.2","1.20.2-recommended":"1.20.2-2.4.32","1.18.2-recommended":"1.18.2-2.6.22","1.17.1-latest":"1.17.1-2.5.12","1.21.10-latest":"1.21.10-2.6.22","1.18.1-recommended":"1.18.1-2.2.52","1.16.3-latest":"1.16.3-1.0.1","26.1.2-recommended":"2.6.22+26.1.2","1.20.2-latest":"1.20.2-2.5.12","1.21.10-recommended":"1.21.10-2.6.22","1.19.2-latest":"1.19.2-2.6.22","1.19.4-latest":"1.19.4-2.5.12","1.16.5-latest":"1.16.5-2.6.22","1.19-recommended":"1.19-2.4.8","1.18-recommended":"1.18-2.1.17","1.20.4-latest":"1.20.4-2.5.22","1.20.6-latest":"1.20.6-2.5.22"},"1.20.6":{"1.20.6-2.5.22":"Updated Traditional Chinese translation\nAdded Portuguese translation\nUpdated Ukrainian translation"},"1.21.5":{"1.21.5-2.6.22":"Fixed some speakers breaking voice chat audio\nFixed race condition when quickly disconnecting and reconnecting\nFixed voice chat breaking if Minecrafts audio system is not initialized\nFixed potential OpenAL resource leaks\nFixed incorrect OpenAL version detection"},"1.21.4":{"1.21.4-2.6.22":"Fixed some speakers breaking voice chat audio\nFixed race condition when quickly disconnecting and reconnecting\nFixed voice chat breaking if Minecrafts audio system is not initialized\nFixed potential OpenAL resource leaks\nFixed incorrect OpenAL version detection"},"26.2":{"2.6.22+26.2":"Fixed some speakers breaking voice chat audio\nFixed race condition when quickly disconnecting and reconnecting\nFixed voice chat breaking if Minecrafts audio system is not initialized\nFixed potential OpenAL resource leaks\nFixed incorrect OpenAL version detection"},"1.20.2":{"1.20.2-2.4.32":"Fixed compatibility with Sound Physics Remastered\nUpdated French translation","1.20.2-2.5.12":"Improved cloth config GUI translations"},"1.21.1":{"1.21.1-2.6.22":"Fixed some speakers breaking voice chat audio\nFixed race condition when quickly disconnecting and reconnecting\nFixed voice chat breaking if Minecrafts audio system is not initialized\nFixed potential OpenAL resource leaks\nFixed incorrect OpenAL version detection"},"1.20.1":{"1.20.1-2.6.22":"Fixed some speakers breaking voice chat audio\nFixed race condition when quickly disconnecting and reconnecting\nFixed voice chat breaking if Minecrafts audio system is not initialized\nFixed potential OpenAL resource leaks\nFixed incorrect OpenAL version detection"},"26.1.1":{"2.6.15+26.1.1":"Added Esperanto translation\nFall back to Java microphone implementation when using ALSoft >= 1.25.0"},"26.1.2":{"2.6.22+26.1.2":"Fixed some speakers breaking voice chat audio\nFixed race condition when quickly disconnecting and reconnecting\nFixed voice chat breaking if Minecrafts audio system is not initialized\nFixed potential OpenAL resource leaks\nFixed incorrect OpenAL version detection"},"1.16.4":{"1.16.4-1.1.7":"Fixed ConcurrentModificationException when client times out"},"1.19.1":{"1.19.1-2.4.8":"Added audio senders to the voice chat API"},"1.18.2":{"1.18.2-2.6.22":"Fixed some speakers breaking voice chat audio\nFixed race condition when quickly disconnecting and reconnecting\nFixed voice chat breaking if Minecrafts audio system is not initialized\nFixed potential OpenAL resource leaks\nFixed incorrect OpenAL version detection"},"1.16.5":{"1.16.5-2.6.22":"Fixed some speakers breaking voice chat audio\nFixed race condition when quickly disconnecting and reconnecting\nFixed voice chat breaking if Minecrafts audio system is not initialized\nFixed potential OpenAL resource leaks\nFixed incorrect OpenAL version detection"},"1.19.2":{"1.19.2-2.6.22":"Fixed some speakers breaking voice chat audio\nFixed race condition when quickly disconnecting and reconnecting\nFixed voice chat breaking if Minecrafts audio system is not initialized\nFixed potential OpenAL resource leaks\nFixed incorrect OpenAL version detection"},"1.19.3":{"1.19.3-2.4.11":"Added config accessors to the API"},"1.19.4":{"1.19.4-2.4.32":"Fixed compatibility with Sound Physics Remastered\nUpdated French translation","1.19.4-2.5.12":"Improved cloth config GUI translations"},"1.15.2":{"1.15.2-1.0.2":"Fix crash on servers"},"1.17.1":{"1.17.1-2.4.32":"Fixed compatibility with Sound Physics Remastered\nUpdated French translation","1.17.1-2.5.12":"Improved cloth config GUI translations"},"1.16.3":{"1.16.3-1.0.1":"Fixed voice chat not working on servers with port"},"1.18.1":{"1.18.1-2.2.52":"Improved service loader compatibility\nFixed issues with QuestCraft\nFixed disconnected state being controlled by the client"},"1.12.2":{"1.12.2-2.6.22":"Fixed some speakers breaking voice chat audio\nFixed race condition when quickly disconnecting and reconnecting\nFixed voice chat breaking if Minecrafts audio system is not initialized\nFixed potential OpenAL resource leaks\nFixed incorrect OpenAL version detection"},"homepage":"https://modrepo.de/minecraft/voicechat"}
[20Aug2026 13:29:51.120] [Forge Version Check/INFO] [net.minecraftforge.fml.VersionChecker/]: [voicechat] Found status: OUTDATED Current: 1.20.1-2.6.16 Target: 1.20.1-2.6.22
[20Aug2026 13:29:51.123] [Forge Version Check/INFO] [net.minecraftforge.fml.VersionChecker/]: [sound_physics_remastered] Starting version check at https://update.maxhenkel.de/forge/sound_physics_remastered
[20Aug2026 13:29:51.385] [Forge Version Check/DEBUG] [net.minecraftforge.fml.VersionChecker/]: [sound_physics_remastered] Received version check data:
{"1.21":{"1.21-1.4.6":""},"1.20":{"1.20-1.1.1":"Updated to 1.20"},"26.1":{"1.5.1+26.1":"Updated to 26.1"},"1.18":{"1.18-1.0.3":"Tweaked config values"},"1.19":{"1.19-1.0.15":"Disabled moving sounds by default due to performance impact"},"1.21.11":{"1.21.11-1.5.1":"Updated to 1.21.11"},"1.21.10":{"1.21.10-1.5.1":"Updated to 1.21.10"},"1.21.7":{"1.21.7-1.4.14":"Updated to 1.21.7"},"1.21.6":{"1.21.6-1.4.14":"Fixed mixin crash"},"1.21.9":{"1.21.9-1.5.1":"Fixed direction evaluation being inaccurate at long distances"},"1.21.8":{"1.21.8-1.5.1":"Fixed direction evaluation being inaccurate at long distances"},"1.20.4":{"1.20.4-1.4.5":"Updated Simplified Chinese translation","1.20.4-1.3.0":""},"1.21.3":{"1.21.3-1.4.7":"Fixed issues with sounds being played far away\nFixed lag when being far away from 0, 0"},"promos":{"1.18.1-latest":"1.18.1-1.0.6","1.21.4-latest":"1.21.4-1.5.1","1.21.3-latest":"1.21.3-1.4.7","1.18.2-latest":"1.18.2-1.0.6","1.20-recommended":"1.20-1.1.1","1.19.3-recommended":"1.19.3-1.0.18","1.19.1-recommended":"1.19.1-1.0.15","1.21.5-latest":"1.21.5-1.5.1","1.21.1-latest":"1.21.1-1.5.1","1.21.6-latest":"1.21.6-1.4.14","26.1.2-latest":"1.5.1+26.1.2","26.1.1-latest":"1.5.1+26.1.1","1.19.4-recommended":"1.19.4-1.1.1","1.19-latest":"1.19-1.0.15","1.17.1-recommended":"1.17.1-1.0.6","1.19.2-recommended":"1.19.2-1.3.0","26.1-latest":"1.5.1+26.1","1.21.9-latest":"1.21.9-1.5.1","1.18-latest":"1.18-1.0.3","1.21.8-latest":"1.21.8-1.5.1","1.20.4-recommended":"1.20.4-1.3.0","1.21.7-latest":"1.21.7-1.4.14","1.21-latest":"1.21-1.4.6","1.20.1-recommended":"1.20.1-1.3.0","1.20.2-recommended":"1.20.2-1.3.0","1.20-latest":"1.20-1.1.1","1.18.2-recommended":"1.18.2-1.0.6","26.2-latest":"1.5.1+26.2","1.17.1-latest":"1.17.1-1.0.6","1.21.11-latest":"1.21.11-1.5.1","1.21.10-latest":"1.21.10-1.5.1","1.18.1-recommended":"1.18.1-1.0.6","1.20.1-latest":"1.20.1-1.5.1","1.20.2-latest":"1.20.2-1.3.1","1.19.2-latest":"1.19.2-1.4.5","1.19.4-latest":"1.19.4-1.2.1","1.19.3-latest":"1.19.3-1.1.0","1.19-recommended":"1.19-1.0.15","1.18-recommended":"1.18-1.0.3","1.20.4-latest":"1.20.4-1.4.5","1.19.1-latest":"1.19.1-1.0.15","1.20.6-latest":"1.20.6-1.4.5"},"1.20.6":{"1.20.6-1.4.5":"Updated Simplified Chinese translation"},"1.21.5":{"1.21.5-1.5.1":"Fixed direction evaluation being inaccurate at long distances"},"1.21.4":{"1.21.4-1.5.1":"Fixed direction evaluation being inaccurate at long distances"},"26.2":{"1.5.1+26.2":"Updated to 26.2"},"1.20.2":{"1.20.2-1.3.1":"Updated dependencies\nFixed mod icon size","1.20.2-1.3.0":""},"1.21.1":{"1.21.1-1.5.1":"Fixed direction evaluation being inaccurate at long distances"},"1.20.1":{"1.20.1-1.5.1":"Fixed direction evaluation being inaccurate at long distances","1.20.1-1.3.0":""},"26.1.1":{"1.5.1+26.1.1":"Added support for 26.1.1"},"26.1.2":{"1.5.1+26.1.2":"Added support for 26.1.2"},"1.18.2":{"1.18.2-1.0.6":"Fixed crash when playing sounds that are null"},"1.19.1":{"1.19.1-1.0.15":"Disabled moving sounds by default due to performance impact"},"1.19.2":{"1.19.2-1.3.0":"","1.19.2-1.4.5":"Updated Simplified Chinese translation"},"1.19.3":{"1.19.3-1.1.0":"Updated ConfigBuilder\nAdded comments to the config\nRemoved sound blacklist regex\nAdded allowed sounds config\nFixed lag when saving in cloth config GUI\nFixed sound distance allowance not working with playsound commands","1.19.3-1.0.18":"Improved performance when having 'update_moving_sounds' enabled"},"1.19.4":{"1.19.4-1.1.1":"Fixed some cloth config settings not saving properly","1.19.4-1.2.1":""},"1.17.1":{"1.17.1-1.0.6":"Fixed crash when playing sounds that are null"},"1.18.1":{"1.18.1-1.0.6":"Fixed crash when playing sounds that are null"},"homepage":"https://www.curseforge.com/minecraft/mc-mods/sound-physics-remastered"}
[20Aug2026 13:29:51.385] [Forge Version Check/INFO] [net.minecraftforge.fml.VersionChecker/]: [sound_physics_remastered] Found status: AHEAD Current: 1.20.1-1.5.1 Target: null
[20Aug2026 13:29:51.386] [Forge Version Check/INFO] [net.minecraftforge.fml.VersionChecker/]: [badmobs] Starting version check at https://updates.blamejared.com/get?n=badmobs&gv=1.20.1
[20Aug2026 13:29:51.427] [main/DEBUG] [mixin/]: Mixing VanillaPackResourcesAccessor from creativecore.mixins.json into net.minecraft.server.packs.VanillaPackResources
[20Aug2026 13:29:51.429] [main/WARN] [net.minecraft.server.packs.VanillaPackResourcesBuilder/]: Assets URL 'union:/C:/Users/user/Desktop/Modded/libraries/net/minecraft/server/1.20.1-20230612.114412/server-1.20.1-20230612.114412-srg.jar%23159!/assets/.mcassetsroot' uses unexpected schema
[20Aug2026 13:29:51.429] [main/WARN] [net.minecraft.server.packs.VanillaPackResourcesBuilder/]: Assets URL 'union:/C:/Users/user/Desktop/Modded/libraries/net/minecraft/server/1.20.1-20230612.114412/server-1.20.1-20230612.114412-srg.jar%23159!/data/.mcassetsroot' uses unexpected schema
[20Aug2026 13:29:51.467] [main/DEBUG] [mixin/]: Mixing PathPackResourcesAccessor from creativecore.mixins.json into net.minecraft.server.packs.PathPackResources
[20Aug2026 13:29:51.479] [main/DEBUG] [net.minecraftforge.server.ServerLifecycleHooks/CORE]: Generating PackInfo named mod:voicechat for mod file C:\Users\user\Desktop\Modded\mods\voicechat-forge-1.20.1-2.6.16.jar
[20Aug2026 13:29:51.479] [main/DEBUG] [net.minecraftforge.server.ServerLifecycleHooks/CORE]: Generating PackInfo named mod:doubledoors for mod file C:\Users\user\Desktop\Modded\mods\doubledoors-1.20.1-7.2.jar
[20Aug2026 13:29:51.480] [main/DEBUG] [net.minecraftforge.server.ServerLifecycleHooks/CORE]: Generating PackInfo named mod:extragore for mod file C:\Users\user\Desktop\Modded\mods\extragore-1.20.1-5.2.3.1.jar
[20Aug2026 13:29:51.480] [main/DEBUG] [net.minecraftforge.server.ServerLifecycleHooks/CORE]: Generating PackInfo named mod:ambientsounds for mod file C:\Users\user\Desktop\Modded\mods\AmbientSounds_FORGE_v6.3.6_mc1.20.1.jar
[20Aug2026 13:29:51.480] [main/DEBUG] [net.minecraftforge.server.ServerLifecycleHooks/CORE]: Generating PackInfo named mod:supermartijn642configlib for mod file C:\Users\user\Desktop\Modded\mods\supermartijn642configlib-1.1.8-forge-mc1.20.jar
[20Aug2026 13:29:51.480] [main/DEBUG] [net.minecraftforge.server.ServerLifecycleHooks/CORE]: Generating PackInfo named mod:nochatreports for mod file C:\Users\user\Desktop\Modded\mods\NoChatReports-FORGE-1.20.1-v2.2.2.jar
[20Aug2026 13:29:51.481] [main/DEBUG] [net.minecraftforge.server.ServerLifecycleHooks/CORE]: Generating PackInfo named mod:geckolib for mod file C:\Users\user\Desktop\Modded\mods\geckolib-forge-1.20.1-4.8.3.jar
[20Aug2026 13:29:51.481] [main/DEBUG] [net.minecraftforge.server.ServerLifecycleHooks/CORE]: Generating PackInfo named mod:creativecore for mod file C:\Users\user\Desktop\Modded\mods\CreativeCore_FORGE_v2.12.36_mc1.20.1.jar
[20Aug2026 13:29:51.481] [main/DEBUG] [net.minecraftforge.server.ServerLifecycleHooks/CORE]: Generating PackInfo named mod:cleanswing for mod file C:\Users\user\Desktop\Modded\mods\cleanswing-1.20-1.8.jar
[20Aug2026 13:29:51.481] [main/DEBUG] [net.minecraftforge.server.ServerLifecycleHooks/CORE]: Generating PackInfo named mod:modelfix for mod file C:\Users\user\Desktop\Modded\mods\modelfix-1.15.jar
[20Aug2026 13:29:51.482] [main/DEBUG] [net.minecraftforge.server.ServerLifecycleHooks/CORE]: Generating PackInfo named mod:sound_physics_remastered for mod file C:\Users\user\Desktop\Modded\mods\sound-physics-remastered-forge-1.20.1-1.5.1.jar
[20Aug2026 13:29:51.482] [main/DEBUG] [net.minecraftforge.server.ServerLifecycleHooks/CORE]: Generating PackInfo named mod:its_not_real for mod file C:\Users\user\Desktop\Modded\mods\its_not_real-1.1.1.1.1.1.1.1.jar
[20Aug2026 13:29:51.482] [main/DEBUG] [net.minecraftforge.server.ServerLifecycleHooks/CORE]: Generating PackInfo named mod:collective for mod file C:\Users\user\Desktop\Modded\mods\collective-1.20.1-8.20.jar
[20Aug2026 13:29:51.482] [main/DEBUG] [net.minecraftforge.server.ServerLifecycleHooks/CORE]: Generating PackInfo named mod:enhancedvisuals for mod file C:\Users\user\Desktop\Modded\mods\EnhancedVisuals_FORGE_v1.8.2_mc1.20.1.jar
[20Aug2026 13:29:51.482] [main/DEBUG] [net.minecraftforge.server.ServerLifecycleHooks/CORE]: Generating PackInfo named mod:betterthirdperson for mod file C:\Users\user\Desktop\Modded\mods\BetterThirdPerson-Forge-1.20-1.9.0.jar
[20Aug2026 13:29:51.483] [main/DEBUG] [net.minecraftforge.server.ServerLifecycleHooks/CORE]: Generating PackInfo named mod:badmobs for mod file C:\Users\user\Desktop\Modded\mods\BadMobs-1.20.1-19.0.4.jar
[20Aug2026 13:29:51.483] [main/DEBUG] [net.minecraftforge.server.ServerLifecycleHooks/CORE]: Generating PackInfo named mod:architectury for mod file C:\Users\user\Desktop\Modded\mods\architectury-9.2.14-forge.jar
[20Aug2026 13:29:51.483] [main/DEBUG] [net.minecraftforge.server.ServerLifecycleHooks/CORE]: Generating PackInfo named mod:fallingtrees for mod file C:\Users\user\Desktop\Modded\mods\fallingtrees-forge-mc1.20-0.13.2-SNAPSHOT.jar
[20Aug2026 13:29:51.483] [main/DEBUG] [net.minecraftforge.server.ServerLifecycleHooks/CORE]: Generating PackInfo named mod:jamlib for mod file C:\Users\user\Desktop\Modded\mods\jamlib-forge-1.3.6+1.20.1.jar
[20Aug2026 13:29:51.483] [main/DEBUG] [net.minecraftforge.server.ServerLifecycleHooks/CORE]: Generating PackInfo named mod:pandalib for mod file C:\Users\user\Desktop\Modded\mods\pandalib-forge-mc1.20-0.5.2-SNAPSHOT.jar
[20Aug2026 13:29:51.483] [main/DEBUG] [net.minecraftforge.server.ServerLifecycleHooks/CORE]: Generating PackInfo named mod:rightclickharvest for mod file C:\Users\user\Desktop\Modded\mods\rightclickharvest-forge-4.6.1+1.20.1.jar
[20Aug2026 13:29:51.484] [main/DEBUG] [net.minecraftforge.server.ServerLifecycleHooks/CORE]: Generating PackInfo named mod:chat_heads for mod file C:\Users\user\Desktop\Modded\mods\chat_heads-0.15.1-forge-1.20.jar
[20Aug2026 13:29:51.484] [main/DEBUG] [net.minecraftforge.server.ServerLifecycleHooks/CORE]: Generating PackInfo named mod:the_wonderland for mod file C:\Users\user\Desktop\Modded\mods\the_wonderland-2.1.4-1.20.1.jar
[20Aug2026 13:29:51.484] [main/DEBUG] [net.minecraftforge.server.ServerLifecycleHooks/CORE]: Generating PackInfo named mod:forge for mod file C:\Users\user\Desktop\Modded\libraries\net\minecraftforge\forge\1.20.1-47.4.10\forge-1.20.1-47.4.10-universal.jar
[20Aug2026 13:29:51.484] [main/DEBUG] [net.minecraftforge.server.ServerLifecycleHooks/CORE]: Generating PackInfo named mod:varietree for mod file C:\Users\user\Desktop\Modded\mods\TreesRevariated.jar
[20Aug2026 13:29:51.484] [main/DEBUG] [net.minecraftforge.server.ServerLifecycleHooks/CORE]: Generating PackInfo named mod:embeddium for mod file C:\Users\user\Desktop\Modded\mods\embeddium-0.3.31+mc1.20.1.jar
[20Aug2026 13:29:51.484] [main/DEBUG] [net.minecraftforge.server.ServerLifecycleHooks/CORE]: Generating PackInfo named mod:durabilitytooltip for mod file C:\Users\user\Desktop\Modded\mods\durabilitytooltip-1.1.6-forge-mc1.20.jar
[20Aug2026 13:29:51.485] [main/DEBUG] [net.minecraftforge.server.ServerLifecycleHooks/CORE]: Generating PackInfo named mod:presencefootsteps for mod file C:\Users\user\Desktop\Modded\mods\PresenceFootsteps-1.20.1-1.9.1-beta.1.jar
[20Aug2026 13:29:51.949] [Forge Version Check/DEBUG] [net.minecraftforge.fml.VersionChecker/]: [badmobs] Received version check data:
{"homepage":"https://www.curseforge.com/minecraft/mc-mods/bad-mobs","promos":{"1.20.1-latest":"19.0.4"}}
[20Aug2026 13:29:51.950] [Forge Version Check/INFO] [net.minecraftforge.fml.VersionChecker/]: [badmobs] Found status: BETA Current: 19.0.4 Target: 19.0.4
[20Aug2026 13:29:51.950] [Forge Version Check/INFO] [net.minecraftforge.fml.VersionChecker/]: [forge] Starting version check at https://files.minecraftforge.net/net/minecraftforge/forge/promotions_slim.json
[20Aug2026 13:29:52.263] [main/DEBUG] [mixin/]: Mixing PrimaryLevelDataMixin from collective_forge.mixins.json into net.minecraft.world.level.storage.PrimaryLevelData
[20Aug2026 13:29:52.284] [main/DEBUG] [mixin/]: Mixing MixinLootDataManager from architectury.mixins.json into net.minecraft.world.level.storage.loot.LootDataManager
[20Aug2026 13:29:52.459] [main/DEBUG] [net.minecraftforge.coremod.transformer.CoreModBaseTransformer/COREMOD]: Transforming net/minecraft/server/commands/SummonCommand
[20Aug2026 13:29:52.836] [Forge Version Check/DEBUG] [net.minecraftforge.fml.VersionChecker/]: [forge] Received version check data:
{
  "homepage": "https://files.minecraftforge.net/net/minecraftforge/forge/",
  "promos": {
    "1.1-latest": "1.3.4.29",
    "1.2.3-latest": "1.4.1.64",
    "1.2.4-latest": "2.0.0.68",
    "1.2.5-latest": "3.4.9.171",
    "1.3.2-latest": "4.3.5.318",
    "1.4.0-latest": "5.0.0.326",
    "1.4.1-latest": "6.0.0.329",
    "1.4.2-latest": "6.0.1.355",
    "1.4.3-latest": "6.2.1.358",
    "1.4.4-latest": "6.3.0.378",
    "1.4.5-latest": "6.4.2.448",
    "1.4.6-latest": "6.5.0.489",
    "1.4.7-latest": "6.6.2.534",
    "1.5-latest": "7.7.0.598",
    "1.5.1-latest": "7.7.2.682",
    "1.5.2-latest": "7.8.1.738",
    "1.5.2-recommended": "7.8.1.738",
    "1.6.1-latest": "8.9.0.775",
    "1.6.2-latest": "9.10.1.871",
    "1.6.2-recommended": "9.10.1.871",
    "1.6.3-latest": "9.11.0.878",
    "1.6.4-latest": "9.11.1.1345",
    "1.6.4-recommended": "9.11.1.1345",
    "1.7.2-latest": "10.12.2.1161",
    "1.7.2-recommended": "10.12.2.1161",
    "1.7.10-latest": "10.13.4.1614",
    "1.7.10-recommended": "10.13.4.1614",
    "1.8-latest": "11.14.4.1577",
    "1.8-recommended": "11.14.4.1563",
    "1.8.8-latest": "11.15.0.1655",
    "1.8.9-latest": "11.15.1.2318",
    "1.8.9-recommended": "11.15.1.2318",
    "1.9-latest": "12.16.1.1938",
    "1.9-recommended": "12.16.1.1887",
    "1.9.4-latest": "12.17.0.2317",
    "1.9.4-recommended": "12.17.0.2317",
    "1.10-latest": "12.18.0.2000",
    "1.10.2-latest": "12.18.3.2511",
    "1.10.2-recommended": "12.18.3.2511",
    "1.11-latest": "13.19.1.2199",
    "1.11-recommended": "13.19.1.2189",
    "1.11.2-latest": "13.20.1.2588",
    "1.11.2-recommended": "13.20.1.2588",
    "1.12-latest": "14.21.1.2443",
    "1.12-recommended": "14.21.1.2387",
    "1.12.1-latest": "14.22.1.2485",
    "1.12.1-recommended": "14.22.1.2478",
    "1.12.2-latest": "14.23.5.2864",
    "1.12.2-recommended": "14.23.5.2859",
    "1.13.2-latest": "25.0.223",
    "1.14.2-latest": "26.0.63",
    "1.14.3-latest": "27.0.60",
    "1.14.4-latest": "28.2.30",
    "1.14.4-recommended": "28.2.26",
    "1.15-latest": "29.0.4",
    "1.15.1-latest": "30.0.51",
    "1.15.2-latest": "31.2.62",
    "1.15.2-recommended": "31.2.57",
    "1.16.1-latest": "32.0.108",
    "1.16.2-latest": "33.0.61",
    "1.16.3-latest": "34.1.42",
    "1.16.3-recommended": "34.1.0",
    "1.16.4-latest": "35.1.37",
    "1.16.4-recommended": "35.1.4",
    "1.16.5-latest": "36.2.42",
    "1.16.5-recommended": "36.2.34",
    "1.17.1-latest": "37.1.1",
    "1.17.1-recommended": "37.1.1",
    "1.18-latest": "38.0.17",
    "1.18.1-latest": "39.1.2",
    "1.18.1-recommended": "39.1.0",
    "1.18.2-recommended": "40.3.0",
    "1.18.2-latest": "40.3.12",
    "1.19-latest": "41.1.0",
    "1.19-recommended": "41.1.0",
    "1.19.1-latest": "42.0.9",
    "1.19.2-recommended": "43.5.0",
    "1.19.2-latest": "43.5.2",
    "1.19.3-latest": "44.1.23",
    "1.19.3-recommended": "44.1.0",
    "1.19.4-recommended": "45.4.0",
    "1.19.4-latest": "45.4.3",
    "1.20-latest": "46.0.14",
    "1.20.1-recommended": "47.4.10",
    "1.20.1-latest": "47.4.23",
    "1.20.2-latest": "48.1.0",
    "1.20.2-recommended": "48.1.0",
    "1.20.3-latest": "49.0.2",
    "1.20.4-latest": "49.2.8",
    "1.20.4-recommended": "49.2.0",
    "1.20.6-latest": "50.2.10",
    "1.20.6-recommended": "50.2.0",
    "1.21-latest": "51.0.33",
    "1.21.1-latest": "52.1.16",
    "1.21.1-recommended": "52.1.0",
    "1.21.3-latest": "53.1.12",
    "1.21.3-recommended": "53.1.0",
    "1.21.4-latest": "54.1.18",
    "1.21.4-recommended": "54.1.14",
    "1.21.5-latest": "55.1.13",
    "1.21.5-recommended": "55.1.0",
    "1.21.6-latest": "56.0.9",
    "1.21.7-latest": "57.0.3",
    "1.21.8-latest": "58.1.22",
    "1.21.8-recommended": "58.1.0",
    "1.21.9-latest": "59.0.5",
    "1.21.10-latest": "60.1.15",
    "1.21.10-recommended": "60.1.0",
    "1.21.11-latest": "61.2.1",
    "1.21.11-recommended": "61.2.0",
    "26.1-latest": "62.0.9",
    "26.1.1-latest": "63.0.2",
    "26.1.2-latest": "64.1.1",
    "26.1.2-recommended": "64.1.0",
    "26.2-latest": "65.1.2",
    "26.2-recommended": "65.1.0"
  }
}
[20Aug2026 13:29:52.837] [Forge Version Check/INFO] [net.minecraftforge.fml.VersionChecker/]: [forge] Found status: UP_TO_DATE Current: 47.4.10 Target: null
[20Aug2026 13:29:52.838] [Forge Version Check/INFO] [net.minecraftforge.fml.VersionChecker/]: [presencefootsteps] Starting version check at https://forge.curseupdate.com/433068/presencefootsteps
[20Aug2026 13:29:52.840] [Worker-Main-8/ERROR] [net.minecraft.tags.TagLoader/]: Couldn't load tag minecraft:obelisk_break as it is missing following references: #minecraft:glass (from its_not_real-1.1.1.1.1.1.1.1.jar)
[20Aug2026 13:29:52.974] [Worker-Main-9/DEBUG] [net.minecraftforge.coremod.transformer.CoreModBaseTransformer/COREMOD]: Transforming net/minecraft/world/entity/raid/Raid
[20Aug2026 13:29:53.190] [main/INFO] [net.minecraft.world.item.crafting.RecipeManager/]: Loaded 7 recipes
[20Aug2026 13:29:53.305] [main/INFO] [net.minecraft.advancements.AdvancementList/]: Loaded 1273 advancements
[20Aug2026 13:29:53.673] [main/DEBUG] [net.minecraftforge.common.ForgeHooks/WP]: Gathering id map for writing to world save world
[20Aug2026 13:29:53.697] [main/DEBUG] [net.minecraftforge.common.ForgeHooks/WP]: ID Map collection complete world
[20Aug2026 13:29:53.751] [Server thread/INFO] [net.minecraft.server.dedicated.DedicatedServer/]: Starting minecraft server version 1.20.1
[20Aug2026 13:29:53.751] [Server thread/INFO] [net.minecraft.server.dedicated.DedicatedServer/]: Loading properties
[20Aug2026 13:29:53.752] [Server thread/INFO] [net.minecraft.server.dedicated.DedicatedServer/]: Default game type: SURVIVAL
[20Aug2026 13:29:53.752] [Server thread/INFO] [net.minecraft.server.MinecraftServer/]: Generating keypair
[20Aug2026 13:29:53.806] [Server thread/INFO] [net.minecraft.server.dedicated.DedicatedServer/]: Starting Minecraft server on 0.0.0.0:25565
[20Aug2026 13:29:53.807] [Server thread/DEBUG] [net.minecraftforge.network.DualStackUtils/]: Detected IPv4 address: "0.0.0.0"
[20Aug2026 13:29:53.816] [Server thread/INFO] [net.minecraft.server.network.ServerConnectionListener/]: Using default channel type
[20Aug2026 13:29:53.827] [Server thread/DEBUG] [io.netty.channel.MultithreadEventLoopGroup/]: -Dio.netty.eventLoopThreads: 24
[20Aug2026 13:29:53.839] [Server thread/DEBUG] [io.netty.util.internal.InternalThreadLocalMap/]: -Dio.netty.threadLocalMap.stringBuilder.initialSize: 1024
[20Aug2026 13:29:53.839] [Server thread/DEBUG] [io.netty.util.internal.InternalThreadLocalMap/]: -Dio.netty.threadLocalMap.stringBuilder.maxSize: 4096
[20Aug2026 13:29:53.843] [Server thread/DEBUG] [io.netty.channel.nio.NioEventLoop/]: -Dio.netty.noKeySetOptimization: false
[20Aug2026 13:29:53.843] [Server thread/DEBUG] [io.netty.channel.nio.NioEventLoop/]: -Dio.netty.selectorAutoRebuildThreshold: 512
[20Aug2026 13:29:53.850] [Server thread/DEBUG] [io.netty.util.internal.PlatformDependent/]: org.jctools-core.MpscChunkedArrayQueue: available
[20Aug2026 13:29:53.887] [Server thread/DEBUG] [io.netty.channel.DefaultChannelId/]: -Dio.netty.processId: 28136 (auto-detected)
[20Aug2026 13:29:53.889] [Server thread/DEBUG] [io.netty.util.NetUtil/]: -Djava.net.preferIPv4Stack: true
[20Aug2026 13:29:53.889] [Server thread/DEBUG] [io.netty.util.NetUtil/]: -Djava.net.preferIPv6Addresses: false
[20Aug2026 13:29:53.891] [Server thread/DEBUG] [io.netty.util.NetUtilInitializations/]: Loopback interface: loopback_0 (Software Loopback Interface 1, 0:0:0:0:0:0:0:1)
[20Aug2026 13:29:53.892] [Server thread/DEBUG] [io.netty.util.NetUtil/]: Failed to get SOMAXCONN from sysctl and file \proc\sys\net\core\somaxconn. Default: 200
[20Aug2026 13:29:53.894] [Server thread/DEBUG] [io.netty.channel.DefaultChannelId/]: -Dio.netty.machineId: 2c:f0:5d:ff:fe:d0:5e:6a (auto-detected)
[20Aug2026 13:29:53.918] [Server thread/DEBUG] [io.netty.buffer.PooledByteBufAllocator/]: -Dio.netty.allocator.numHeapArenas: 24
[20Aug2026 13:29:53.918] [Server thread/DEBUG] [io.netty.buffer.PooledByteBufAllocator/]: -Dio.netty.allocator.numDirectArenas: 24
[20Aug2026 13:29:53.918] [Server thread/DEBUG] [io.netty.buffer.PooledByteBufAllocator/]: -Dio.netty.allocator.pageSize: 8192
[20Aug2026 13:29:53.918] [Server thread/DEBUG] [io.netty.buffer.PooledByteBufAllocator/]: -Dio.netty.allocator.maxOrder: 9
[20Aug2026 13:29:53.918] [Server thread/DEBUG] [io.netty.buffer.PooledByteBufAllocator/]: -Dio.netty.allocator.chunkSize: 4194304
[20Aug2026 13:29:53.918] [Server thread/DEBUG] [io.netty.buffer.PooledByteBufAllocator/]: -Dio.netty.allocator.smallCacheSize: 256
[20Aug2026 13:29:53.918] [Server thread/DEBUG] [io.netty.buffer.PooledByteBufAllocator/]: -Dio.netty.allocator.normalCacheSize: 64
[20Aug2026 13:29:53.918] [Server thread/DEBUG] [io.netty.buffer.PooledByteBufAllocator/]: -Dio.netty.allocator.maxCachedBufferCapacity: 32768
[20Aug2026 13:29:53.918] [Server thread/DEBUG] [io.netty.buffer.PooledByteBufAllocator/]: -Dio.netty.allocator.cacheTrimInterval: 8192
[20Aug2026 13:29:53.918] [Server thread/DEBUG] [io.netty.buffer.PooledByteBufAllocator/]: -Dio.netty.allocator.cacheTrimIntervalMillis: 0
[20Aug2026 13:29:53.919] [Server thread/DEBUG] [io.netty.buffer.PooledByteBufAllocator/]: -Dio.netty.allocator.useCacheForAllThreads: false
[20Aug2026 13:29:53.919] [Server thread/DEBUG] [io.netty.buffer.PooledByteBufAllocator/]: -Dio.netty.allocator.maxCachedByteBuffersPerChunk: 1023
[20Aug2026 13:29:53.927] [Server thread/DEBUG] [io.netty.buffer.ByteBufUtil/]: -Dio.netty.allocator.type: pooled
[20Aug2026 13:29:53.928] [Server thread/DEBUG] [io.netty.buffer.ByteBufUtil/]: -Dio.netty.threadLocalDirectBufferSize: 0
[20Aug2026 13:29:53.928] [Server thread/DEBUG] [io.netty.buffer.ByteBufUtil/]: -Dio.netty.maxThreadLocalCharBufferSize: 16384
[20Aug2026 13:29:53.936] [Server thread/WARN] [net.minecraft.server.dedicated.DedicatedServer/]: **** SERVER IS RUNNING IN OFFLINE/INSECURE MODE!
[20Aug2026 13:29:53.937] [Server thread/WARN] [net.minecraft.server.dedicated.DedicatedServer/]: The server will make no attempt to authenticate usernames. Beware.
[20Aug2026 13:29:53.938] [Server thread/WARN] [net.minecraft.server.dedicated.DedicatedServer/]: While this makes the game possible to play without internet access, it also opens up the ability for hackers to connect with any username they choose.
[20Aug2026 13:29:53.938] [Server thread/WARN] [net.minecraft.server.dedicated.DedicatedServer/]: To change this, set "online-mode" to "true" in the server.properties file.
[20Aug2026 13:29:53.957] [Server thread/DEBUG] [net.minecraftforge.fml.config.ConfigTracker/CONFIG]: Loading configs type SERVER
[20Aug2026 13:29:53.957] [Server thread/DEBUG] [net.minecraftforge.fml.config.ConfigFileTypeHandler/CONFIG]: Built TOML config for .\world\serverconfig\forge-server.toml
[20Aug2026 13:29:53.958] [Server thread/DEBUG] [net.minecraftforge.fml.config.ConfigFileTypeHandler/CONFIG]: Loaded TOML config file .\world\serverconfig\forge-server.toml
[20Aug2026 13:29:53.959] [Server thread/DEBUG] [net.minecraftforge.fml.config.ConfigFileTypeHandler/CONFIG]: Watching TOML config file .\world\serverconfig\forge-server.toml for changes
[20Aug2026 13:29:53.960] [Server thread/DEBUG] [net.minecraftforge.common.ForgeConfig/FORGEMOD]: Loaded forge config file forge-server.toml
[20Aug2026 13:29:54.017] [Server thread/INFO] [net.minecraft.server.dedicated.DedicatedServer/]: Preparing level "world"
[20Aug2026 13:29:54.025] [Server thread/DEBUG] [net.minecraftforge.coremod.transformer.CoreModBaseTransformer/COREMOD]: Transforming net/minecraft/world/level/levelgen/PhantomSpawner
[20Aug2026 13:29:54.030] [Server thread/DEBUG] [net.minecraftforge.coremod.transformer.CoreModBaseTransformer/COREMOD]: Transforming net/minecraft/world/level/levelgen/PatrolSpawner
[20Aug2026 13:29:54.036] [Server thread/DEBUG] [net.minecraftforge.coremod.transformer.CoreModBaseTransformer/COREMOD]: Transforming net/minecraft/world/entity/npc/CatSpawner
[20Aug2026 13:29:54.040] [Server thread/DEBUG] [net.minecraftforge.coremod.transformer.CoreModBaseTransformer/COREMOD]: Transforming net/minecraft/world/entity/ai/village/VillageSiege
[20Aug2026 13:29:54.349] [Forge Version Check/DEBUG] [net.minecraftforge.fml.VersionChecker/]: [presencefootsteps] Received version check data:
{"promos":{"1.16.4-latest":"r29-1.16.4","1.16.5-latest":"r29-1.16.4","1.18.2-latest":"1.18.2-1.5.1","1.18.2-recommended":"1.18.2-1.5.1","1.19.2-latest":"1.19.2-1.6.4.1","1.19.2-recommended":"1.19.2-1.6.4.1","1.19.3-latest":"1.19.3-1.7.1","1.19.3-recommended":"1.19.3-1.7.1","1.19.4-latest":"1.19.4-1.8.0-beta-1","1.20.1-latest":"1.20.1-1.9.1-beta.1","1.20.2-latest":"1.20.2-1.10.1-beta.1","1.20.4-latest":"1.20.4-1.12.0-beta.1","1.21.1-latest":"1.21.1-1.11.1","1.21.1-recommended":"1.21.1-1.11.1","1.21.10-latest":"1.21.10-1.12.2","1.21.10-recommended":"1.21.10-1.12.2","1.21.11-latest":"1.21.11-1.12.3","1.21.11-recommended":"1.21.11-1.12.3","1.21.4-latest":"1.21.4-1.11.1","1.21.4-recommended":"1.21.4-1.11.1","1.21.5-latest":"1.21.5-1.11.1","1.21.5-recommended":"1.21.5-1.11.1","1.21.8-latest":"1.21.8-1.11.2","1.21.8-recommended":"1.21.8-1.11.2"},"homepage":"https://www.curseforge.com/minecraft/mc-mods/presence-footsteps-forge"}
[20Aug2026 13:29:54.350] [Forge Version Check/INFO] [net.minecraftforge.fml.VersionChecker/]: [presencefootsteps] Found status: BETA Current: 1.20.1-1.9.1-beta.1 Target: 1.20.1-1.9.1-beta.1
[20Aug2026 13:29:55.546] [Server thread/INFO] [net.minecraft.server.MinecraftServer/]: Preparing start region for dimension minecraft:overworld
[20Aug2026 13:29:56.280] [Server thread/DEBUG] [mixin/]: Mixing MixinChunkSerializer from architectury.mixins.json into net.minecraft.world.level.chunk.storage.ChunkSerializer
[20Aug2026 13:29:56.927] [Server thread/DEBUG] [net.minecraftforge.coremod.transformer.CoreModBaseTransformer/COREMOD]: Transforming net/minecraft/world/level/levelgen/structure/templatesystem/StructureTemplate
[20Aug2026 13:29:57.980] [Worker-Main-8/INFO] [net.minecraft.server.level.progress.LoggerChunkProgressListener/]: Preparing spawn area: 0%
[20Aug2026 13:29:58.013] [Worker-Main-7/INFO] [net.minecraft.server.level.progress.LoggerChunkProgressListener/]: Preparing spawn area: 0%
[20Aug2026 13:29:58.023] [Worker-Main-2/INFO] [net.minecraft.server.level.progress.LoggerChunkProgressListener/]: Preparing spawn area: 0%
[20Aug2026 13:29:58.035] [Worker-Main-8/INFO] [net.minecraft.server.level.progress.LoggerChunkProgressListener/]: Preparing spawn area: 0%
[20Aug2026 13:29:58.048] [Worker-Main-3/INFO] [net.minecraft.server.level.progress.LoggerChunkProgressListener/]: Preparing spawn area: 0%
[20Aug2026 13:29:58.058] [Worker-Main-9/INFO] [net.minecraft.server.level.progress.LoggerChunkProgressListener/]: Preparing spawn area: 0%
[20Aug2026 13:29:58.549] [Worker-Main-2/INFO] [net.minecraft.server.level.progress.LoggerChunkProgressListener/]: Preparing spawn area: 0%
[20Aug2026 13:29:59.047] [Worker-Main-1/INFO] [net.minecraft.server.level.progress.LoggerChunkProgressListener/]: Preparing spawn area: 3%
[20Aug2026 13:29:59.548] [Worker-Main-8/INFO] [net.minecraft.server.level.progress.LoggerChunkProgressListener/]: Preparing spawn area: 94%
[20Aug2026 13:29:59.577] [Server thread/INFO] [net.minecraft.server.level.progress.LoggerChunkProgressListener/]: Time elapsed: 4031 ms
[20Aug2026 13:29:59.578] [Server thread/INFO] [net.minecraft.server.dedicated.DedicatedServer/]: Done (5.621s)! For help, type "help"
[20Aug2026 13:29:59.578] [Server thread/INFO] [net.minecraft.server.dedicated.DedicatedServer/]: Starting GS4 status listener
[20Aug2026 13:29:59.587] [Server thread/INFO] [net.minecraft.server.rcon.thread.GenericThread/]: Thread Query Listener started
[20Aug2026 13:29:59.587] [Query Listener #1/INFO] [net.minecraft.server.rcon.thread.QueryThreadGs4/]: Query running on 0.0.0.0:25565
[20Aug2026 13:29:59.595] [Server thread/DEBUG] [net.minecraftforge.network.DualStackUtils/]: Detected IPv6 address: "0:0:0:0:0:0:0:0"
[20Aug2026 13:29:59.602] [Server thread/DEBUG] [net.minecraftforge.common.ForgeI18n/CORE]: Loading I18N data entries: 1438
[20Aug2026 13:29:59.608] [Server thread/INFO] [net.minecraftforge.server.permission.PermissionAPI/]: Successfully initialized permission handler forge:default_handler
[20Aug2026 13:29:59.610] [Server thread/WARN] [voicechat/]: [voicechat] Running in offline mode - Voice chat encryption is not secure!
[20Aug2026 13:29:59.617] [Server thread/DEBUG] [voicechat/]: [voicechat] Using default voicechat socket implementation
[20Aug2026 13:29:59.622] [VoiceChatServerThread/INFO] [voicechat/]: [voicechat] Using server-ip as bind address: 0.0.0.0
[20Aug2026 13:29:59.622] [Server thread/DEBUG] [voicechat/]: [voicechat] Synchronizing volume category own_voice with all players
[20Aug2026 13:29:59.623] [VoiceChatServerThread/INFO] [voicechat/]: [voicechat] Voice chat server started at 0.0.0.0:24454
[20Aug2026 13:29:59.625] [Server thread/INFO] [mixin/]: Mixing common.MixinServerStatus from mixins/common/nochatreports.mixins.json into net.minecraft.network.protocol.status.ServerStatus
[20Aug2026 13:29:59.647] [Server thread/DEBUG] [io.netty.buffer.AbstractByteBuf/]: -Dio.netty.buffer.checkAccessible: true
[20Aug2026 13:29:59.647] [Server thread/DEBUG] [io.netty.buffer.AbstractByteBuf/]: -Dio.netty.buffer.checkBounds: true
[20Aug2026 13:29:59.648] [Server thread/DEBUG] [io.netty.util.ResourceLeakDetectorFactory/]: Loaded default ResourceLeakDetector: io.netty.util.ResourceLeakDetector@66d573ed
[20Aug2026 13:29:59.668] [Server thread/DEBUG] [net.minecraftforge.coremod.transformer.CoreModBaseTransformer/COREMOD]: Transforming net/minecraft/world/level/NaturalSpawner
[20Aug2026 13:30:19.088] [Netty Server IO #1/INFO] [mixin/]: Mixing server.MixinServerboundChatCommandPacket from mixins/common/nochatreports.mixins.json into net.minecraft.network.protocol.game.ServerboundChatCommandPacket
[20Aug2026 13:30:19.091] [Netty Server IO #1/INFO] [mixin/]: Mixing server.MixinServerboundChatPacket from mixins/common/nochatreports.mixins.json into net.minecraft.network.protocol.game.ServerboundChatPacket
[20Aug2026 13:30:19.093] [Netty Server IO #1/INFO] [mixin/]: Mixing server.MixinServerboundChatSessionUpdatePacket from mixins/common/nochatreports.mixins.json into net.minecraft.network.protocol.game.ServerboundChatSessionUpdatePacket
[20Aug2026 13:30:19.120] [Netty Server IO #1/DEBUG] [io.netty.util.Recycler/]: -Dio.netty.recycler.maxCapacityPerThread: 4096
[20Aug2026 13:30:19.121] [Netty Server IO #1/DEBUG] [io.netty.util.Recycler/]: -Dio.netty.recycler.ratio: 8
[20Aug2026 13:30:19.121] [Netty Server IO #1/DEBUG] [io.netty.util.Recycler/]: -Dio.netty.recycler.chunkSize: 32
[20Aug2026 13:30:19.121] [Netty Server IO #1/DEBUG] [io.netty.util.Recycler/]: -Dio.netty.recycler.blocking: false
[20Aug2026 13:30:19.155] [Netty Server IO #1/DEBUG] [net.minecraftforge.network.HandshakeHandler/FMLHANDSHAKE]: Starting new modded impl connection. Found 22 messages to dispatch.
[20Aug2026 13:30:19.177] [Server thread/DEBUG] [net.minecraftforge.network.HandshakeHandler/FMLHANDSHAKE]: Sending ticking packet info 'net.minecraftforge.network.HandshakeMessages$S2CModData' to 'fml:handshake' sequence 0
[20Aug2026 13:30:19.225] [Server thread/DEBUG] [net.minecraftforge.network.HandshakeHandler/FMLHANDSHAKE]: Sending ticking packet info 'net.minecraftforge.network.HandshakeMessages$S2CModList' to 'fml:handshake' sequence 1
[20Aug2026 13:30:19.229] [Netty Server IO #1/DEBUG] [net.minecraftforge.network.LoginWrapper/FMLHANDSHAKE]: Recieved login wrapper packet event for channel fml:handshake with index 1
[20Aug2026 13:30:19.230] [Netty Server IO #1/DEBUG] [net.minecraftforge.network.HandshakeHandler/FMLHANDSHAKE]: Received client indexed reply 1 of type net.minecraftforge.network.HandshakeMessages$C2SModListReply
[20Aug2026 13:30:19.231] [Netty Server IO #1/DEBUG] [net.minecraftforge.network.HandshakeHandler/FMLHANDSHAKE]: Received client connection with modlist [minecraft, voicechat, voicechat_api, doubledoors, extragore, ambientsounds, supermartijn642configlib, nochatreports, geckolib, creativecore, cleanswing, trender, modelfix, sound_physics_remastered, its_not_real, collective, enhancedvisuals, entityculling, betterthirdperson, badmobs, architectury, fallingtrees, jamlib, pandalib, rightclickharvest, transition, chat_heads, the_wonderland, forge, varietree, embeddium, rubidium, oculus, durabilitytooltip, essential, presencefootsteps]
[20Aug2026 13:30:19.231] [Netty Server IO #1/DEBUG] [net.minecraftforge.network.NetworkRegistry/NETREGISTRY]: Channel 'pandalib:config_sync' : Version test of '1' from client : ACCEPTED
[20Aug2026 13:30:19.231] [Netty Server IO #1/DEBUG] [net.minecraftforge.network.NetworkRegistry/NETREGISTRY]: Channel 'architectury:network' : Version test of '1' from client : ACCEPTED
[20Aug2026 13:30:19.231] [Netty Server IO #1/DEBUG] [net.minecraftforge.network.NetworkRegistry/NETREGISTRY]: Channel 'voicechat:secret' : Version test of 'ALLOWVANILLA 💓💓💓' from client : ACCEPTED
[20Aug2026 13:30:19.232] [Netty Server IO #1/DEBUG] [net.minecraftforge.network.NetworkRegistry/NETREGISTRY]: Channel 'voicechat:leave_group' : Version test of 'ALLOWVANILLA 💓💓💓' from client : ACCEPTED
[20Aug2026 13:30:19.232] [Netty Server IO #1/DEBUG] [net.minecraftforge.network.NetworkRegistry/NETREGISTRY]: Channel 'voicechat:create_group' : Version test of 'ALLOWVANILLA 💓💓💓' from client : ACCEPTED
[20Aug2026 13:30:19.232] [Netty Server IO #1/DEBUG] [net.minecraftforge.network.NetworkRegistry/NETREGISTRY]: Channel 'minecraft:unregister' : Version test of 'FML3' from client : ACCEPTED
[20Aug2026 13:30:19.232] [Netty Server IO #1/DEBUG] [net.minecraftforge.network.NetworkRegistry/NETREGISTRY]: Channel 'enhancedvisuals:main' : Version test of '1' from client : ACCEPTED
[20Aug2026 13:30:19.232] [Netty Server IO #1/DEBUG] [net.minecraftforge.network.NetworkRegistry/NETREGISTRY]: Channel 'voicechat:states' : Version test of 'ALLOWVANILLA 💓💓💓' from client : ACCEPTED
[20Aug2026 13:30:19.232] [Netty Server IO #1/DEBUG] [net.minecraftforge.network.NetworkRegistry/NETREGISTRY]: Channel 'voicechat:set_group' : Version test of 'ALLOWVANILLA 💓💓💓' from client : ACCEPTED
[20Aug2026 13:30:19.232] [Netty Server IO #1/DEBUG] [net.minecraftforge.network.NetworkRegistry/NETREGISTRY]: Channel 'voicechat:joined_group' : Version test of 'ALLOWVANILLA 💓💓💓' from client : ACCEPTED
[20Aug2026 13:30:19.232] [Netty Server IO #1/DEBUG] [net.minecraftforge.network.NetworkRegistry/NETREGISTRY]: Channel 'voicechat:update_state' : Version test of 'ALLOWVANILLA 💓💓💓' from client : ACCEPTED
[20Aug2026 13:30:19.232] [Netty Server IO #1/DEBUG] [net.minecraftforge.network.NetworkRegistry/NETREGISTRY]: Channel 'extragore:main' : Version test of '1' from client : ACCEPTED
[20Aug2026 13:30:19.232] [Netty Server IO #1/DEBUG] [net.minecraftforge.network.NetworkRegistry/NETREGISTRY]: Channel 'voicechat:add_group' : Version test of 'ALLOWVANILLA 💓💓💓' from client : ACCEPTED
[20Aug2026 13:30:19.232] [Netty Server IO #1/DEBUG] [net.minecraftforge.network.NetworkRegistry/NETREGISTRY]: Channel 'fml:loginwrapper' : Version test of 'FML3' from client : ACCEPTED
[20Aug2026 13:30:19.232] [Netty Server IO #1/DEBUG] [net.minecraftforge.network.NetworkRegistry/NETREGISTRY]: Channel 'its_not_real:its_not_real' : Version test of '1' from client : ACCEPTED
[20Aug2026 13:30:19.232] [Netty Server IO #1/DEBUG] [net.minecraftforge.network.NetworkRegistry/NETREGISTRY]: Channel 'forge:tier_sorting' : Version test of '1.0' from client : ACCEPTED
[20Aug2026 13:30:19.232] [Netty Server IO #1/DEBUG] [net.minecraftforge.network.NetworkRegistry/NETREGISTRY]: Channel 'supermartijn642configlib:sync_configs' : Version test of '1.1.8' from client : ACCEPTED
[20Aug2026 13:30:19.232] [Netty Server IO #1/DEBUG] [net.minecraftforge.network.NetworkRegistry/NETREGISTRY]: Channel 'the_wonderland:the_wonderland' : Version test of '1' from client : ACCEPTED
[20Aug2026 13:30:19.232] [Netty Server IO #1/DEBUG] [net.minecraftforge.network.NetworkRegistry/NETREGISTRY]: Channel 'fml:play' : Version test of 'FML3' from client : ACCEPTED
[20Aug2026 13:30:19.232] [Netty Server IO #1/DEBUG] [net.minecraftforge.network.NetworkRegistry/NETREGISTRY]: Channel 'creativecore:main' : Version test of '1' from client : ACCEPTED
[20Aug2026 13:30:19.232] [Netty Server IO #1/DEBUG] [net.minecraftforge.network.NetworkRegistry/NETREGISTRY]: Channel 'voicechat:request_secret' : Version test of 'ALLOWVANILLA 💓💓💓' from client : ACCEPTED
[20Aug2026 13:30:19.232] [Netty Server IO #1/DEBUG] [net.minecraftforge.network.NetworkRegistry/NETREGISTRY]: Channel 'fml:handshake' : Version test of 'FML3' from client : ACCEPTED
[20Aug2026 13:30:19.233] [Netty Server IO #1/DEBUG] [net.minecraftforge.network.NetworkRegistry/NETREGISTRY]: Channel 'voicechat:state' : Version test of 'ALLOWVANILLA 💓💓💓' from client : ACCEPTED
[20Aug2026 13:30:19.233] [Netty Server IO #1/DEBUG] [net.minecraftforge.network.NetworkRegistry/NETREGISTRY]: Channel 'voicechat:remove_category' : Version test of 'ALLOWVANILLA 💓💓💓' from client : ACCEPTED
[20Aug2026 13:30:19.233] [Netty Server IO #1/DEBUG] [net.minecraftforge.network.NetworkRegistry/NETREGISTRY]: Channel 'voicechat:remove_group' : Version test of 'ALLOWVANILLA 💓💓💓' from client : ACCEPTED
[20Aug2026 13:30:19.233] [Netty Server IO #1/DEBUG] [net.minecraftforge.network.NetworkRegistry/NETREGISTRY]: Channel 'voicechat:add_category' : Version test of 'ALLOWVANILLA 💓💓💓' from client : ACCEPTED
[20Aug2026 13:30:19.233] [Netty Server IO #1/DEBUG] [net.minecraftforge.network.NetworkRegistry/NETREGISTRY]: Channel 'voicechat:remove_state' : Version test of 'ALLOWVANILLA 💓💓💓' from client : ACCEPTED
[20Aug2026 13:30:19.233] [Netty Server IO #1/DEBUG] [net.minecraftforge.network.NetworkRegistry/NETREGISTRY]: Channel 'minecraft:register' : Version test of 'FML3' from client : ACCEPTED
[20Aug2026 13:30:19.233] [Netty Server IO #1/DEBUG] [net.minecraftforge.network.NetworkRegistry/NETREGISTRY]: Channel 'forge:split' : Version test of '1.1' from client : ACCEPTED
[20Aug2026 13:30:19.233] [Netty Server IO #1/DEBUG] [net.minecraftforge.network.NetworkRegistry/NETREGISTRY]: Channel 'geckolib:main' : Version test of '1' from client : ACCEPTED
[20Aug2026 13:30:19.233] [Netty Server IO #1/DEBUG] [net.minecraftforge.network.NetworkRegistry/NETREGISTRY]: Accepting channel list from client
[20Aug2026 13:30:19.234] [Netty Server IO #1/DEBUG] [net.minecraftforge.network.HandshakeHandler/FMLHANDSHAKE]: Accepted client connection mod list
[20Aug2026 13:30:19.274] [Server thread/DEBUG] [net.minecraftforge.network.HandshakeHandler/FMLHANDSHAKE]: Sending ticking packet info 'Registry minecraft:command_argument_type' to 'fml:handshake' sequence 2
[20Aug2026 13:30:19.275] [Netty Server IO #1/DEBUG] [net.minecraftforge.network.LoginWrapper/FMLHANDSHAKE]: Recieved login wrapper packet event for channel fml:handshake with index 2
[20Aug2026 13:30:19.276] [Netty Server IO #1/DEBUG] [net.minecraftforge.network.HandshakeHandler/FMLHANDSHAKE]: Received client indexed reply 2 of type net.minecraftforge.network.HandshakeMessages$C2SAcknowledge
[20Aug2026 13:30:19.276] [Netty Server IO #1/DEBUG] [net.minecraftforge.network.HandshakeHandler/FMLHANDSHAKE]: Received acknowledgement from client
[20Aug2026 13:30:19.326] [Server thread/DEBUG] [net.minecraftforge.network.HandshakeHandler/FMLHANDSHAKE]: Sending ticking packet info 'Registry minecraft:recipe_serializer' to 'fml:handshake' sequence 3
[20Aug2026 13:30:19.327] [Netty Server IO #1/DEBUG] [net.minecraftforge.network.LoginWrapper/FMLHANDSHAKE]: Recieved login wrapper packet event for channel fml:handshake with index 3
[20Aug2026 13:30:19.327] [Netty Server IO #1/DEBUG] [net.minecraftforge.network.HandshakeHandler/FMLHANDSHAKE]: Received client indexed reply 3 of type net.minecraftforge.network.HandshakeMessages$C2SAcknowledge
[20Aug2026 13:30:19.327] [Netty Server IO #1/DEBUG] [net.minecraftforge.network.HandshakeHandler/FMLHANDSHAKE]: Received acknowledgement from client
[20Aug2026 13:30:19.339] [Server thread/INFO] [net.minecraft.server.MinecraftServer/]: [Server] hi
[20Aug2026 13:30:19.374] [Server thread/DEBUG] [net.minecraftforge.network.HandshakeHandler/FMLHANDSHAKE]: Sending ticking packet info 'Registry minecraft:sound_event' to 'fml:handshake' sequence 4
[20Aug2026 13:30:19.377] [Netty Server IO #1/DEBUG] [net.minecraftforge.network.LoginWrapper/FMLHANDSHAKE]: Recieved login wrapper packet event for channel fml:handshake with index 4
[20Aug2026 13:30:19.378] [Netty Server IO #1/DEBUG] [net.minecraftforge.network.HandshakeHandler/FMLHANDSHAKE]: Received client indexed reply 4 of type net.minecraftforge.network.HandshakeMessages$C2SAcknowledge
[20Aug2026 13:30:19.378] [Netty Server IO #1/DEBUG] [net.minecraftforge.network.HandshakeHandler/FMLHANDSHAKE]: Received acknowledgement from client
[20Aug2026 13:30:19.425] [Server thread/DEBUG] [net.minecraftforge.network.HandshakeHandler/FMLHANDSHAKE]: Sending ticking packet info 'Registry minecraft:particle_type' to 'fml:handshake' sequence 5
[20Aug2026 13:30:19.426] [Netty Server IO #1/DEBUG] [net.minecraftforge.network.LoginWrapper/FMLHANDSHAKE]: Recieved login wrapper packet event for channel fml:handshake with index 5
[20Aug2026 13:30:19.427] [Netty Server IO #1/DEBUG] [net.minecraftforge.network.HandshakeHandler/FMLHANDSHAKE]: Received client indexed reply 5 of type net.minecraftforge.network.HandshakeMessages$C2SAcknowledge
[20Aug2026 13:30:19.427] [Netty Server IO #1/DEBUG] [net.minecraftforge.network.HandshakeHandler/FMLHANDSHAKE]: Received acknowledgement from client
[20Aug2026 13:30:19.475] [Server thread/DEBUG] [net.minecraftforge.network.HandshakeHandler/FMLHANDSHAKE]: Sending ticking packet info 'Registry minecraft:villager_profession' to 'fml:handshake' sequence 6
[20Aug2026 13:30:19.476] [Netty Server IO #1/DEBUG] [net.minecraftforge.network.LoginWrapper/FMLHANDSHAKE]: Recieved login wrapper packet event for channel fml:handshake with index 6
[20Aug2026 13:30:19.476] [Netty Server IO #1/DEBUG] [net.minecraftforge.network.HandshakeHandler/FMLHANDSHAKE]: Received client indexed reply 6 of type net.minecraftforge.network.HandshakeMessages$C2SAcknowledge
[20Aug2026 13:30:19.476] [Netty Server IO #1/DEBUG] [net.minecraftforge.network.HandshakeHandler/FMLHANDSHAKE]: Received acknowledgement from client
[20Aug2026 13:30:19.525] [Server thread/DEBUG] [net.minecraftforge.network.HandshakeHandler/FMLHANDSHAKE]: Sending ticking packet info 'Registry minecraft:item' to 'fml:handshake' sequence 7
[20Aug2026 13:30:19.528] [Netty Server IO #1/DEBUG] [net.minecraftforge.network.LoginWrapper/FMLHANDSHAKE]: Recieved login wrapper packet event for channel fml:handshake with index 7
[20Aug2026 13:30:19.528] [Netty Server IO #1/DEBUG] [net.minecraftforge.network.HandshakeHandler/FMLHANDSHAKE]: Received client indexed reply 7 of type net.minecraftforge.network.HandshakeMessages$C2SAcknowledge
[20Aug2026 13:30:19.528] [Netty Server IO #1/DEBUG] [net.minecraftforge.network.HandshakeHandler/FMLHANDSHAKE]: Received acknowledgement from client
[20Aug2026 13:30:19.576] [Server thread/DEBUG] [net.minecraftforge.network.HandshakeHandler/FMLHANDSHAKE]: Sending ticking packet info 'Registry minecraft:potion' to 'fml:handshake' sequence 8
[20Aug2026 13:30:19.577] [Netty Server IO #1/DEBUG] [net.minecraftforge.network.LoginWrapper/FMLHANDSHAKE]: Recieved login wrapper packet event for channel fml:handshake with index 8
[20Aug2026 13:30:19.577] [Netty Server IO #1/DEBUG] [net.minecraftforge.network.HandshakeHandler/FMLHANDSHAKE]: Received client indexed reply 8 of type net.minecraftforge.network.HandshakeMessages$C2SAcknowledge
[20Aug2026 13:30:19.577] [Netty Server IO #1/DEBUG] [net.minecraftforge.network.HandshakeHandler/FMLHANDSHAKE]: Received acknowledgement from client
[20Aug2026 13:30:19.624] [Server thread/DEBUG] [net.minecraftforge.network.HandshakeHandler/FMLHANDSHAKE]: Sending ticking packet info 'Registry minecraft:painting_variant' to 'fml:handshake' sequence 9
[20Aug2026 13:30:19.625] [Netty Server IO #1/DEBUG] [net.minecraftforge.network.LoginWrapper/FMLHANDSHAKE]: Recieved login wrapper packet event for channel fml:handshake with index 9
[20Aug2026 13:30:19.625] [Netty Server IO #1/DEBUG] [net.minecraftforge.network.HandshakeHandler/FMLHANDSHAKE]: Received client indexed reply 9 of type net.minecraftforge.network.HandshakeMessages$C2SAcknowledge
[20Aug2026 13:30:19.625] [Netty Server IO #1/DEBUG] [net.minecraftforge.network.HandshakeHandler/FMLHANDSHAKE]: Received acknowledgement from client
[20Aug2026 13:30:19.675] [Server thread/DEBUG] [net.minecraftforge.network.HandshakeHandler/FMLHANDSHAKE]: Sending ticking packet info 'Registry forge:fluid_type' to 'fml:handshake' sequence 10
[20Aug2026 13:30:19.676] [Netty Server IO #1/DEBUG] [net.minecraftforge.network.LoginWrapper/FMLHANDSHAKE]: Recieved login wrapper packet event for channel fml:handshake with index 10
[20Aug2026 13:30:19.676] [Netty Server IO #1/DEBUG] [net.minecraftforge.network.HandshakeHandler/FMLHANDSHAKE]: Received client indexed reply 10 of type net.minecraftforge.network.HandshakeMessages$C2SAcknowledge
[20Aug2026 13:30:19.676] [Netty Server IO #1/DEBUG] [net.minecraftforge.network.HandshakeHandler/FMLHANDSHAKE]: Received acknowledgement from client
[20Aug2026 13:30:19.724] [Server thread/DEBUG] [net.minecraftforge.network.HandshakeHandler/FMLHANDSHAKE]: Sending ticking packet info 'Registry minecraft:block_entity_type' to 'fml:handshake' sequence 11
[20Aug2026 13:30:19.725] [Netty Server IO #1/DEBUG] [net.minecraftforge.network.LoginWrapper/FMLHANDSHAKE]: Recieved login wrapper packet event for channel fml:handshake with index 11
[20Aug2026 13:30:19.725] [Netty Server IO #1/DEBUG] [net.minecraftforge.network.HandshakeHandler/FMLHANDSHAKE]: Received client indexed reply 11 of type net.minecraftforge.network.HandshakeMessages$C2SAcknowledge
[20Aug2026 13:30:19.725] [Netty Server IO #1/DEBUG] [net.minecraftforge.network.HandshakeHandler/FMLHANDSHAKE]: Received acknowledgement from client
[20Aug2026 13:30:19.775] [Server thread/DEBUG] [net.minecraftforge.network.HandshakeHandler/FMLHANDSHAKE]: Sending ticking packet info 'Registry forge:display_contexts' to 'fml:handshake' sequence 12
[20Aug2026 13:30:19.776] [Netty Server IO #1/DEBUG] [net.minecraftforge.network.LoginWrapper/FMLHANDSHAKE]: Recieved login wrapper packet event for channel fml:handshake with index 12
[20Aug2026 13:30:19.776] [Netty Server IO #1/DEBUG] [net.minecraftforge.network.HandshakeHandler/FMLHANDSHAKE]: Received client indexed reply 12 of type net.minecraftforge.network.HandshakeMessages$C2SAcknowledge
[20Aug2026 13:30:19.776] [Netty Server IO #1/DEBUG] [net.minecraftforge.network.HandshakeHandler/FMLHANDSHAKE]: Received acknowledgement from client
[20Aug2026 13:30:19.826] [Server thread/DEBUG] [net.minecraftforge.network.HandshakeHandler/FMLHANDSHAKE]: Sending ticking packet info 'Registry minecraft:block' to 'fml:handshake' sequence 13
[20Aug2026 13:30:19.829] [Netty Server IO #1/DEBUG] [net.minecraftforge.network.LoginWrapper/FMLHANDSHAKE]: Recieved login wrapper packet event for channel fml:handshake with index 13
[20Aug2026 13:30:19.829] [Netty Server IO #1/DEBUG] [net.minecraftforge.network.HandshakeHandler/FMLHANDSHAKE]: Received client indexed reply 13 of type net.minecraftforge.network.HandshakeMessages$C2SAcknowledge
[20Aug2026 13:30:19.829] [Netty Server IO #1/DEBUG] [net.minecraftforge.network.HandshakeHandler/FMLHANDSHAKE]: Received acknowledgement from client
[20Aug2026 13:30:19.876] [Server thread/DEBUG] [net.minecraftforge.network.HandshakeHandler/FMLHANDSHAKE]: Sending ticking packet info 'Registry forge:entity_data_serializers' to 'fml:handshake' sequence 14
[20Aug2026 13:30:19.877] [Netty Server IO #1/DEBUG] [net.minecraftforge.network.LoginWrapper/FMLHANDSHAKE]: Recieved login wrapper packet event for channel fml:handshake with index 14
[20Aug2026 13:30:19.877] [Netty Server IO #1/DEBUG] [net.minecraftforge.network.HandshakeHandler/FMLHANDSHAKE]: Received client indexed reply 14 of type net.minecraftforge.network.HandshakeMessages$C2SAcknowledge
[20Aug2026 13:30:19.877] [Netty Server IO #1/DEBUG] [net.minecraftforge.network.HandshakeHandler/FMLHANDSHAKE]: Received acknowledgement from client
[20Aug2026 13:30:19.925] [Server thread/DEBUG] [net.minecraftforge.network.HandshakeHandler/FMLHANDSHAKE]: Sending ticking packet info 'Registry minecraft:mob_effect' to 'fml:handshake' sequence 15
[20Aug2026 13:30:19.926] [Netty Server IO #1/DEBUG] [net.minecraftforge.network.LoginWrapper/FMLHANDSHAKE]: Recieved login wrapper packet event for channel fml:handshake with index 15
[20Aug2026 13:30:19.926] [Netty Server IO #1/DEBUG] [net.minecraftforge.network.HandshakeHandler/FMLHANDSHAKE]: Received client indexed reply 15 of type net.minecraftforge.network.HandshakeMessages$C2SAcknowledge
[20Aug2026 13:30:19.926] [Netty Server IO #1/DEBUG] [net.minecraftforge.network.HandshakeHandler/FMLHANDSHAKE]: Received acknowledgement from client
[20Aug2026 13:30:19.976] [Server thread/DEBUG] [net.minecraftforge.network.HandshakeHandler/FMLHANDSHAKE]: Sending ticking packet info 'Registry minecraft:stat_type' to 'fml:handshake' sequence 16
[20Aug2026 13:30:19.977] [Netty Server IO #1/DEBUG] [net.minecraftforge.network.LoginWrapper/FMLHANDSHAKE]: Recieved login wrapper packet event for channel fml:handshake with index 16
[20Aug2026 13:30:19.977] [Netty Server IO #1/DEBUG] [net.minecraftforge.network.HandshakeHandler/FMLHANDSHAKE]: Received client indexed reply 16 of type net.minecraftforge.network.HandshakeMessages$C2SAcknowledge
[20Aug2026 13:30:19.977] [Netty Server IO #1/DEBUG] [net.minecraftforge.network.HandshakeHandler/FMLHANDSHAKE]: Received acknowledgement from client
[20Aug2026 13:30:20.025] [Server thread/DEBUG] [net.minecraftforge.network.HandshakeHandler/FMLHANDSHAKE]: Sending ticking packet info 'Registry minecraft:menu' to 'fml:handshake' sequence 17
[20Aug2026 13:30:20.026] [Netty Server IO #1/DEBUG] [net.minecraftforge.network.LoginWrapper/FMLHANDSHAKE]: Recieved login wrapper packet event for channel fml:handshake with index 17
[20Aug2026 13:30:20.026] [Netty Server IO #1/DEBUG] [net.minecraftforge.network.HandshakeHandler/FMLHANDSHAKE]: Received client indexed reply 17 of type net.minecraftforge.network.HandshakeMessages$C2SAcknowledge
[20Aug2026 13:30:20.026] [Netty Server IO #1/DEBUG] [net.minecraftforge.network.HandshakeHandler/FMLHANDSHAKE]: Received acknowledgement from client
[20Aug2026 13:30:20.076] [Server thread/DEBUG] [net.minecraftforge.network.HandshakeHandler/FMLHANDSHAKE]: Sending ticking packet info 'Registry minecraft:enchantment' to 'fml:handshake' sequence 18
[20Aug2026 13:30:20.078] [Netty Server IO #1/DEBUG] [net.minecraftforge.network.LoginWrapper/FMLHANDSHAKE]: Recieved login wrapper packet event for channel fml:handshake with index 18
[20Aug2026 13:30:20.078] [Netty Server IO #1/DEBUG] [net.minecraftforge.network.HandshakeHandler/FMLHANDSHAKE]: Received client indexed reply 18 of type net.minecraftforge.network.HandshakeMessages$C2SAcknowledge
[20Aug2026 13:30:20.078] [Netty Server IO #1/DEBUG] [net.minecraftforge.network.HandshakeHandler/FMLHANDSHAKE]: Received acknowledgement from client
[20Aug2026 13:30:20.127] [Server thread/DEBUG] [net.minecraftforge.network.HandshakeHandler/FMLHANDSHAKE]: Sending ticking packet info 'Registry minecraft:fluid' to 'fml:handshake' sequence 19
[20Aug2026 13:30:20.128] [Netty Server IO #1/DEBUG] [net.minecraftforge.network.LoginWrapper/FMLHANDSHAKE]: Recieved login wrapper packet event for channel fml:handshake with index 19
[20Aug2026 13:30:20.128] [Netty Server IO #1/DEBUG] [net.minecraftforge.network.HandshakeHandler/FMLHANDSHAKE]: Received client indexed reply 19 of type net.minecraftforge.network.HandshakeMessages$C2SAcknowledge
[20Aug2026 13:30:20.128] [Netty Server IO #1/DEBUG] [net.minecraftforge.network.HandshakeHandler/FMLHANDSHAKE]: Received acknowledgement from client
[20Aug2026 13:30:20.174] [Server thread/DEBUG] [net.minecraftforge.network.HandshakeHandler/FMLHANDSHAKE]: Sending ticking packet info 'Registry minecraft:entity_type' to 'fml:handshake' sequence 20
[20Aug2026 13:30:20.225] [Server thread/DEBUG] [net.minecraftforge.network.HandshakeHandler/FMLHANDSHAKE]: Sending ticking packet info 'Config forge-server.toml' to 'fml:handshake' sequence 21
[20Aug2026 13:30:20.618] [Netty Server IO #1/DEBUG] [net.minecraftforge.network.LoginWrapper/FMLHANDSHAKE]: Recieved login wrapper packet event for channel fml:handshake with index 20
[20Aug2026 13:30:20.619] [Netty Server IO #1/DEBUG] [net.minecraftforge.network.HandshakeHandler/FMLHANDSHAKE]: Received client indexed reply 20 of type net.minecraftforge.network.HandshakeMessages$C2SAcknowledge
[20Aug2026 13:30:20.619] [Netty Server IO #1/DEBUG] [net.minecraftforge.network.HandshakeHandler/FMLHANDSHAKE]: Received acknowledgement from client
[20Aug2026 13:30:20.619] [Netty Server IO #1/DEBUG] [net.minecraftforge.network.LoginWrapper/FMLHANDSHAKE]: Recieved login wrapper packet event for channel fml:handshake with index 21
[20Aug2026 13:30:20.619] [Netty Server IO #1/DEBUG] [net.minecraftforge.network.HandshakeHandler/FMLHANDSHAKE]: Received client indexed reply 21 of type net.minecraftforge.network.HandshakeMessages$C2SAcknowledge
[20Aug2026 13:30:20.619] [Netty Server IO #1/DEBUG] [net.minecraftforge.network.HandshakeHandler/FMLHANDSHAKE]: Received acknowledgement from client
[20Aug2026 13:30:20.627] [Server thread/DEBUG] [net.minecraftforge.network.HandshakeHandler/FMLHANDSHAKE]: Handshake complete!
[20Aug2026 13:30:20.762] [Server thread/INFO] [net.minecraft.server.players.PlayerList/]: Shinzgami[/10.25.99.21:33983] logged in with entity id 31 at (3.4264174904563856, 99.0, 4.095093475815635)
[20Aug2026 13:30:20.774] [Server thread/DEBUG] [net.minecraftforge.network.filters.NetworkFilters/]: Injected net.minecraftforge.network.filters.ForgeConnectionNetworkFilter@4427fba7 into net.minecraft.network.Connection@7e33997e
[20Aug2026 13:30:20.860] [Server thread/INFO] [net.minecraft.server.MinecraftServer/]: Shinzgami joined the game
[20Aug2026 13:30:21.023] [Server thread/INFO] [fallingtrees | Config/]: Sending common config 'fallingtrees:fallingtrees_common' to Shinzgami
[20Aug2026 13:30:21.052] [Server thread/DEBUG] [voicechat/]: [voicechat] Setting default state of Shinzgami: {disabled=false, disconnected=true, uuid=cbd98727-12d9-37ed-8272-21579cc4249f, name=Shinzgami, group=null}
[20Aug2026 13:30:21.210] [Server thread/DEBUG] [io.netty.util.internal.ThreadLocalRandom/]: -Dio.netty.initialSeedUniquifier: 0x65136abd3c644708
[20Aug2026 13:30:21.596] [Server thread/WARN] [net.minecraft.server.level.ServerLevel/]: Tried to add entity the_wonderland:angel but it was marked as removed already
[20Aug2026 13:30:22.616] [Netty Server IO #1/INFO] [fallingtrees | Config/]: Received client config 'fallingtrees:fallingtrees_client' from Shinzgami
[20Aug2026 13:30:22.620] [Server thread/INFO] [voicechat/]: [voicechat] Received secret request of Shinzgami (20)
[20Aug2026 13:30:22.621] [Server thread/DEBUG] [voicechat/]: [voicechat] Sending initial states to Shinzgami
[20Aug2026 13:30:22.621] [Server thread/DEBUG] [voicechat/]: [voicechat] Synchronizing 0 groups with Shinzgami
[20Aug2026 13:30:22.621] [Server thread/DEBUG] [voicechat/]: [voicechat] Synchronizing 1 volume categories with Shinzgami
[20Aug2026 13:30:22.624] [Server thread/INFO] [voicechat/]: [voicechat] Sent secret to Shinzgami
[20Aug2026 13:30:23.350] [VoiceChatPacketProcessingThread/INFO] [voicechat/]: [voicechat] Successfully authenticated player cbd98727-12d9-37ed-8272-21579cc4249f
[20Aug2026 13:30:24.349] [VoiceChatPacketProcessingThread/INFO] [voicechat/]: [voicechat] Successfully validated connection of player cbd98727-12d9-37ed-8272-21579cc4249f
[20Aug2026 13:30:24.351] [VoiceChatPacketProcessingThread/DEBUG] [voicechat/]: [voicechat] Set state of Shinzgami to connected: {disabled=false, disconnected=false, uuid=cbd98727-12d9-37ed-8272-21579cc4249f, name=Shinzgami, group=null}
[20Aug2026 13:30:24.353] [VoiceChatPacketProcessingThread/INFO] [voicechat/]: [voicechat] Player Shinzgami (cbd98727-12d9-37ed-8272-21579cc4249f) successfully connected to voice chat
[20Aug2026 13:30:24.357] [Server thread/DEBUG] [voicechat/]: [voicechat] Got state of Shinzgami: {disabled=false, disconnected=false, uuid=cbd98727-12d9-37ed-8272-21579cc4249f, name=Shinzgami, group=null}
[20Aug2026 13:30:45.641] [Server thread/INFO] [net.minecraft.server.MinecraftServer/]: [Shinzgami: Teleported Shinzgami to -569.500000, 99.000000, 1801.500000]
[20Aug2026 13:32:50.482] [Server thread/INFO] [net.minecraft.server.network.ServerGamePacketListenerImpl/]: Shinzgami lost connection: Disconnected
[20Aug2026 13:32:50.483] [Server thread/INFO] [net.minecraft.server.MinecraftServer/]: Shinzgami left the game
[20Aug2026 13:32:50.485] [Server thread/DEBUG] [voicechat/]: [voicechat] Removing state of Shinzgami
[20Aug2026 13:32:50.486] [Server thread/INFO] [voicechat/]: [voicechat] Disconnecting client Shinzgami
[20Aug2026 13:32:57.777] [Netty Server IO #3/DEBUG] [net.minecraftforge.network.HandshakeHandler/FMLHANDSHAKE]: Starting new modded impl connection. Found 22 messages to dispatch.
[20Aug2026 13:32:57.826] [Server thread/DEBUG] [net.minecraftforge.network.HandshakeHandler/FMLHANDSHAKE]: Sending ticking packet info 'net.minecraftforge.network.HandshakeMessages$S2CModData' to 'fml:handshake' sequence 0
[20Aug2026 13:32:57.876] [Server thread/DEBUG] [net.minecraftforge.network.HandshakeHandler/FMLHANDSHAKE]: Sending ticking packet info 'net.minecraftforge.network.HandshakeMessages$S2CModList' to 'fml:handshake' sequence 1
[20Aug2026 13:32:57.877] [Netty Server IO #3/DEBUG] [net.minecraftforge.network.LoginWrapper/FMLHANDSHAKE]: Recieved login wrapper packet event for channel fml:handshake with index 1
[20Aug2026 13:32:57.877] [Netty Server IO #3/DEBUG] [net.minecraftforge.network.HandshakeHandler/FMLHANDSHAKE]: Received client indexed reply 1 of type net.minecraftforge.network.HandshakeMessages$C2SModListReply
[20Aug2026 13:32:57.877] [Netty Server IO #3/DEBUG] [net.minecraftforge.network.HandshakeHandler/FMLHANDSHAKE]: Received client connection with modlist [minecraft, voicechat, voicechat_api, doubledoors, extragore, ambientsounds, supermartijn642configlib, nochatreports, geckolib, creativecore, cleanswing, trender, modelfix, sound_physics_remastered, its_not_real, collective, enhancedvisuals, entityculling, betterthirdperson, badmobs, architectury, fallingtrees, jamlib, pandalib, rightclickharvest, transition, chat_heads, the_wonderland, forge, varietree, embeddium, rubidium, oculus, durabilitytooltip, essential, presencefootsteps]
[20Aug2026 13:32:57.877] [Netty Server IO #3/DEBUG] [net.minecraftforge.network.NetworkRegistry/NETREGISTRY]: Channel 'pandalib:config_sync' : Version test of '1' from client : ACCEPTED
[20Aug2026 13:32:57.877] [Netty Server IO #3/DEBUG] [net.minecraftforge.network.NetworkRegistry/NETREGISTRY]: Channel 'architectury:network' : Version test of '1' from client : ACCEPTED
[20Aug2026 13:32:57.877] [Netty Server IO #3/DEBUG] [net.minecraftforge.network.NetworkRegistry/NETREGISTRY]: Channel 'voicechat:secret' : Version test of 'ALLOWVANILLA 💓💓💓' from client : ACCEPTED
[20Aug2026 13:32:57.877] [Netty Server IO #3/DEBUG] [net.minecraftforge.network.NetworkRegistry/NETREGISTRY]: Channel 'voicechat:leave_group' : Version test of 'ALLOWVANILLA 💓💓💓' from client : ACCEPTED
[20Aug2026 13:32:57.877] [Netty Server IO #3/DEBUG] [net.minecraftforge.network.NetworkRegistry/NETREGISTRY]: Channel 'voicechat:create_group' : Version test of 'ALLOWVANILLA 💓💓💓' from client : ACCEPTED
[20Aug2026 13:32:57.877] [Netty Server IO #3/DEBUG] [net.minecraftforge.network.NetworkRegistry/NETREGISTRY]: Channel 'minecraft:unregister' : Version test of 'FML3' from client : ACCEPTED
[20Aug2026 13:32:57.877] [Netty Server IO #3/DEBUG] [net.minecraftforge.network.NetworkRegistry/NETREGISTRY]: Channel 'enhancedvisuals:main' : Version test of '1' from client : ACCEPTED
[20Aug2026 13:32:57.877] [Netty Server IO #3/DEBUG] [net.minecraftforge.network.NetworkRegistry/NETREGISTRY]: Channel 'voicechat:states' : Version test of 'ALLOWVANILLA 💓💓💓' from client : ACCEPTED
[20Aug2026 13:32:57.877] [Netty Server IO #3/DEBUG] [net.minecraftforge.network.NetworkRegistry/NETREGISTRY]: Channel 'voicechat:set_group' : Version test of 'ALLOWVANILLA 💓💓💓' from client : ACCEPTED
[20Aug2026 13:32:57.877] [Netty Server IO #3/DEBUG] [net.minecraftforge.network.NetworkRegistry/NETREGISTRY]: Channel 'voicechat:joined_group' : Version test of 'ALLOWVANILLA 💓💓💓' from client : ACCEPTED
[20Aug2026 13:32:57.878] [Netty Server IO #3/DEBUG] [net.minecraftforge.network.NetworkRegistry/NETREGISTRY]: Channel 'voicechat:update_state' : Version test of 'ALLOWVANILLA 💓💓💓' from client : ACCEPTED
[20Aug2026 13:32:57.878] [Netty Server IO #3/DEBUG] [net.minecraftforge.network.NetworkRegistry/NETREGISTRY]: Channel 'extragore:main' : Version test of '1' from client : ACCEPTED
[20Aug2026 13:32:57.878] [Netty Server IO #3/DEBUG] [net.minecraftforge.network.NetworkRegistry/NETREGISTRY]: Channel 'voicechat:add_group' : Version test of 'ALLOWVANILLA 💓💓💓' from client : ACCEPTED
[20Aug2026 13:32:57.878] [Netty Server IO #3/DEBUG] [net.minecraftforge.network.NetworkRegistry/NETREGISTRY]: Channel 'fml:loginwrapper' : Version test of 'FML3' from client : ACCEPTED
[20Aug2026 13:32:57.878] [Netty Server IO #3/DEBUG] [net.minecraftforge.network.NetworkRegistry/NETREGISTRY]: Channel 'its_not_real:its_not_real' : Version test of '1' from client : ACCEPTED
[20Aug2026 13:32:57.878] [Netty Server IO #3/DEBUG] [net.minecraftforge.network.NetworkRegistry/NETREGISTRY]: Channel 'forge:tier_sorting' : Version test of '1.0' from client : ACCEPTED
[20Aug2026 13:32:57.878] [Netty Server IO #3/DEBUG] [net.minecraftforge.network.NetworkRegistry/NETREGISTRY]: Channel 'supermartijn642configlib:sync_configs' : Version test of '1.1.8' from client : ACCEPTED
[20Aug2026 13:32:57.878] [Netty Server IO #3/DEBUG] [net.minecraftforge.network.NetworkRegistry/NETREGISTRY]: Channel 'the_wonderland:the_wonderland' : Version test of '1' from client : ACCEPTED
[20Aug2026 13:32:57.878] [Netty Server IO #3/DEBUG] [net.minecraftforge.network.NetworkRegistry/NETREGISTRY]: Channel 'fml:play' : Version test of 'FML3' from client : ACCEPTED
[20Aug2026 13:32:57.878] [Netty Server IO #3/DEBUG] [net.minecraftforge.network.NetworkRegistry/NETREGISTRY]: Channel 'creativecore:main' : Version test of '1' from client : ACCEPTED
[20Aug2026 13:32:57.878] [Netty Server IO #3/DEBUG] [net.minecraftforge.network.NetworkRegistry/NETREGISTRY]: Channel 'voicechat:request_secret' : Version test of 'ALLOWVANILLA 💓💓💓' from client : ACCEPTED
[20Aug2026 13:32:57.878] [Netty Server IO #3/DEBUG] [net.minecraftforge.network.NetworkRegistry/NETREGISTRY]: Channel 'fml:handshake' : Version test of 'FML3' from client : ACCEPTED
[20Aug2026 13:32:57.878] [Netty Server IO #3/DEBUG] [net.minecraftforge.network.NetworkRegistry/NETREGISTRY]: Channel 'voicechat:state' : Version test of 'ALLOWVANILLA 💓💓💓' from client : ACCEPTED
[20Aug2026 13:32:57.878] [Netty Server IO #3/DEBUG] [net.minecraftforge.network.NetworkRegistry/NETREGISTRY]: Channel 'voicechat:remove_category' : Version test of 'ALLOWVANILLA 💓💓💓' from client : ACCEPTED
[20Aug2026 13:32:57.878] [Netty Server IO #3/DEBUG] [net.minecraftforge.network.NetworkRegistry/NETREGISTRY]: Channel 'voicechat:remove_group' : Version test of 'ALLOWVANILLA 💓💓💓' from client : ACCEPTED
[20Aug2026 13:32:57.878] [Netty Server IO #3/DEBUG] [net.minecraftforge.network.NetworkRegistry/NETREGISTRY]: Channel 'voicechat:add_category' : Version test of 'ALLOWVANILLA 💓💓💓' from client : ACCEPTED
[20Aug2026 13:32:57.878] [Netty Server IO #3/DEBUG] [net.minecraftforge.network.NetworkRegistry/NETREGISTRY]: Channel 'voicechat:remove_state' : Version test of 'ALLOWVANILLA 💓💓💓' from client : ACCEPTED
[20Aug2026 13:32:57.878] [Netty Server IO #3/DEBUG] [net.minecraftforge.network.NetworkRegistry/NETREGISTRY]: Channel 'minecraft:register' : Version test of 'FML3' from client : ACCEPTED
[20Aug2026 13:32:57.878] [Netty Server IO #3/DEBUG] [net.minecraftforge.network.NetworkRegistry/NETREGISTRY]: Channel 'forge:split' : Version test of '1.1' from client : ACCEPTED
[20Aug2026 13:32:57.878] [Netty Server IO #3/DEBUG] [net.minecraftforge.network.NetworkRegistry/NETREGISTRY]: Channel 'geckolib:main' : Version test of '1' from client : ACCEPTED
[20Aug2026 13:32:57.878] [Netty Server IO #3/DEBUG] [net.minecraftforge.network.NetworkRegistry/NETREGISTRY]: Accepting channel list from client
[20Aug2026 13:32:57.878] [Netty Server IO #3/DEBUG] [net.minecraftforge.network.HandshakeHandler/FMLHANDSHAKE]: Accepted client connection mod list
[20Aug2026 13:32:57.926] [Server thread/DEBUG] [net.minecraftforge.network.HandshakeHandler/FMLHANDSHAKE]: Sending ticking packet info 'Registry minecraft:command_argument_type' to 'fml:handshake' sequence 2
[20Aug2026 13:32:57.927] [Netty Server IO #3/DEBUG] [net.minecraftforge.network.LoginWrapper/FMLHANDSHAKE]: Recieved login wrapper packet event for channel fml:handshake with index 2
[20Aug2026 13:32:57.927] [Netty Server IO #3/DEBUG] [net.minecraftforge.network.HandshakeHandler/FMLHANDSHAKE]: Received client indexed reply 2 of type net.minecraftforge.network.HandshakeMessages$C2SAcknowledge
[20Aug2026 13:32:57.927] [Netty Server IO #3/DEBUG] [net.minecraftforge.network.HandshakeHandler/FMLHANDSHAKE]: Received acknowledgement from client
[20Aug2026 13:32:57.975] [Server thread/DEBUG] [net.minecraftforge.network.HandshakeHandler/FMLHANDSHAKE]: Sending ticking packet info 'Registry minecraft:recipe_serializer' to 'fml:handshake' sequence 3
[20Aug2026 13:32:57.976] [Netty Server IO #3/DEBUG] [net.minecraftforge.network.LoginWrapper/FMLHANDSHAKE]: Recieved login wrapper packet event for channel fml:handshake with index 3
[20Aug2026 13:32:57.976] [Netty Server IO #3/DEBUG] [net.minecraftforge.network.HandshakeHandler/FMLHANDSHAKE]: Received client indexed reply 3 of type net.minecraftforge.network.HandshakeMessages$C2SAcknowledge
[20Aug2026 13:32:57.976] [Netty Server IO #3/DEBUG] [net.minecraftforge.network.HandshakeHandler/FMLHANDSHAKE]: Received acknowledgement from client
[20Aug2026 13:32:58.025] [Server thread/DEBUG] [net.minecraftforge.network.HandshakeHandler/FMLHANDSHAKE]: Sending ticking packet info 'Registry minecraft:sound_event' to 'fml:handshake' sequence 4
[20Aug2026 13:32:58.029] [Netty Server IO #3/DEBUG] [net.minecraftforge.network.LoginWrapper/FMLHANDSHAKE]: Recieved login wrapper packet event for channel fml:handshake with index 4
[20Aug2026 13:32:58.029] [Netty Server IO #3/DEBUG] [net.minecraftforge.network.HandshakeHandler/FMLHANDSHAKE]: Received client indexed reply 4 of type net.minecraftforge.network.HandshakeMessages$C2SAcknowledge
[20Aug2026 13:32:58.029] [Netty Server IO #3/DEBUG] [net.minecraftforge.network.HandshakeHandler/FMLHANDSHAKE]: Received acknowledgement from client
[20Aug2026 13:32:58.077] [Server thread/DEBUG] [net.minecraftforge.network.HandshakeHandler/FMLHANDSHAKE]: Sending ticking packet info 'Registry minecraft:particle_type' to 'fml:handshake' sequence 5
[20Aug2026 13:32:58.078] [Netty Server IO #3/DEBUG] [net.minecraftforge.network.LoginWrapper/FMLHANDSHAKE]: Recieved login wrapper packet event for channel fml:handshake with index 5
[20Aug2026 13:32:58.078] [Netty Server IO #3/DEBUG] [net.minecraftforge.network.HandshakeHandler/FMLHANDSHAKE]: Received client indexed reply 5 of type net.minecraftforge.network.HandshakeMessages$C2SAcknowledge
[20Aug2026 13:32:58.078] [Netty Server IO #3/DEBUG] [net.minecraftforge.network.HandshakeHandler/FMLHANDSHAKE]: Received acknowledgement from client
[20Aug2026 13:32:58.127] [Server thread/DEBUG] [net.minecraftforge.network.HandshakeHandler/FMLHANDSHAKE]: Sending ticking packet info 'Registry minecraft:villager_profession' to 'fml:handshake' sequence 6
[20Aug2026 13:32:58.127] [Netty Server IO #3/DEBUG] [net.minecraftforge.network.LoginWrapper/FMLHANDSHAKE]: Recieved login wrapper packet event for channel fml:handshake with index 6
[20Aug2026 13:32:58.128] [Netty Server IO #3/DEBUG] [net.minecraftforge.network.HandshakeHandler/FMLHANDSHAKE]: Received client indexed reply 6 of type net.minecraftforge.network.HandshakeMessages$C2SAcknowledge
[20Aug2026 13:32:58.128] [Netty Server IO #3/DEBUG] [net.minecraftforge.network.HandshakeHandler/FMLHANDSHAKE]: Received acknowledgement from client
[20Aug2026 13:32:58.177] [Server thread/DEBUG] [net.minecraftforge.network.HandshakeHandler/FMLHANDSHAKE]: Sending ticking packet info 'Registry minecraft:item' to 'fml:handshake' sequence 7
[20Aug2026 13:32:58.179] [Netty Server IO #3/DEBUG] [net.minecraftforge.network.LoginWrapper/FMLHANDSHAKE]: Recieved login wrapper packet event for channel fml:handshake with index 7
[20Aug2026 13:32:58.179] [Netty Server IO #3/DEBUG] [net.minecraftforge.network.HandshakeHandler/FMLHANDSHAKE]: Received client indexed reply 7 of type net.minecraftforge.network.HandshakeMessages$C2SAcknowledge
[20Aug2026 13:32:58.179] [Netty Server IO #3/DEBUG] [net.minecraftforge.network.HandshakeHandler/FMLHANDSHAKE]: Received acknowledgement from client
[20Aug2026 13:32:58.227] [Server thread/DEBUG] [net.minecraftforge.network.HandshakeHandler/FMLHANDSHAKE]: Sending ticking packet info 'Registry minecraft:potion' to 'fml:handshake' sequence 8
[20Aug2026 13:32:58.228] [Netty Server IO #3/DEBUG] [net.minecraftforge.network.LoginWrapper/FMLHANDSHAKE]: Recieved login wrapper packet event for channel fml:handshake with index 8
[20Aug2026 13:32:58.228] [Netty Server IO #3/DEBUG] [net.minecraftforge.network.HandshakeHandler/FMLHANDSHAKE]: Received client indexed reply 8 of type net.minecraftforge.network.HandshakeMessages$C2SAcknowledge
[20Aug2026 13:32:58.228] [Netty Server IO #3/DEBUG] [net.minecraftforge.network.HandshakeHandler/FMLHANDSHAKE]: Received acknowledgement from client
[20Aug2026 13:32:58.275] [Server thread/DEBUG] [net.minecraftforge.network.HandshakeHandler/FMLHANDSHAKE]: Sending ticking packet info 'Registry minecraft:painting_variant' to 'fml:handshake' sequence 9
[20Aug2026 13:32:58.276] [Netty Server IO #3/DEBUG] [net.minecraftforge.network.LoginWrapper/FMLHANDSHAKE]: Recieved login wrapper packet event for channel fml:handshake with index 9
[20Aug2026 13:32:58.276] [Netty Server IO #3/DEBUG] [net.minecraftforge.network.HandshakeHandler/FMLHANDSHAKE]: Received client indexed reply 9 of type net.minecraftforge.network.HandshakeMessages$C2SAcknowledge
[20Aug2026 13:32:58.276] [Netty Server IO #3/DEBUG] [net.minecraftforge.network.HandshakeHandler/FMLHANDSHAKE]: Received acknowledgement from client
[20Aug2026 13:32:58.326] [Server thread/DEBUG] [net.minecraftforge.network.HandshakeHandler/FMLHANDSHAKE]: Sending ticking packet info 'Registry forge:fluid_type' to 'fml:handshake' sequence 10
[20Aug2026 13:32:58.327] [Netty Server IO #3/DEBUG] [net.minecraftforge.network.LoginWrapper/FMLHANDSHAKE]: Recieved login wrapper packet event for channel fml:handshake with index 10
[20Aug2026 13:32:58.327] [Netty Server IO #3/DEBUG] [net.minecraftforge.network.HandshakeHandler/FMLHANDSHAKE]: Received client indexed reply 10 of type net.minecraftforge.network.HandshakeMessages$C2SAcknowledge
[20Aug2026 13:32:58.327] [Netty Server IO #3/DEBUG] [net.minecraftforge.network.HandshakeHandler/FMLHANDSHAKE]: Received acknowledgement from client
[20Aug2026 13:32:58.377] [Server thread/DEBUG] [net.minecraftforge.network.HandshakeHandler/FMLHANDSHAKE]: Sending ticking packet info 'Registry minecraft:block_entity_type' to 'fml:handshake' sequence 11
[20Aug2026 13:32:58.377] [Netty Server IO #3/DEBUG] [net.minecraftforge.network.LoginWrapper/FMLHANDSHAKE]: Recieved login wrapper packet event for channel fml:handshake with index 11
[20Aug2026 13:32:58.377] [Netty Server IO #3/DEBUG] [net.minecraftforge.network.HandshakeHandler/FMLHANDSHAKE]: Received client indexed reply 11 of type net.minecraftforge.network.HandshakeMessages$C2SAcknowledge
[20Aug2026 13:32:58.377] [Netty Server IO #3/DEBUG] [net.minecraftforge.network.HandshakeHandler/FMLHANDSHAKE]: Received acknowledgement from client
[20Aug2026 13:32:58.426] [Server thread/DEBUG] [net.minecraftforge.network.HandshakeHandler/FMLHANDSHAKE]: Sending ticking packet info 'Registry forge:display_contexts' to 'fml:handshake' sequence 12
[20Aug2026 13:32:58.427] [Netty Server IO #3/DEBUG] [net.minecraftforge.network.LoginWrapper/FMLHANDSHAKE]: Recieved login wrapper packet event for channel fml:handshake with index 12
[20Aug2026 13:32:58.427] [Netty Server IO #3/DEBUG] [net.minecraftforge.network.HandshakeHandler/FMLHANDSHAKE]: Received client indexed reply 12 of type net.minecraftforge.network.HandshakeMessages$C2SAcknowledge
[20Aug2026 13:32:58.427] [Netty Server IO #3/DEBUG] [net.minecraftforge.network.HandshakeHandler/FMLHANDSHAKE]: Received acknowledgement from client
[20Aug2026 13:32:58.478] [Server thread/DEBUG] [net.minecraftforge.network.HandshakeHandler/FMLHANDSHAKE]: Sending ticking packet info 'Registry minecraft:block' to 'fml:handshake' sequence 13
[20Aug2026 13:32:58.478] [Netty Server IO #3/DEBUG] [net.minecraftforge.network.LoginWrapper/FMLHANDSHAKE]: Recieved login wrapper packet event for channel fml:handshake with index 13
[20Aug2026 13:32:58.478] [Netty Server IO #3/DEBUG] [net.minecraftforge.network.HandshakeHandler/FMLHANDSHAKE]: Received client indexed reply 13 of type net.minecraftforge.network.HandshakeMessages$C2SAcknowledge
[20Aug2026 13:32:58.478] [Netty Server IO #3/DEBUG] [net.minecraftforge.network.HandshakeHandler/FMLHANDSHAKE]: Received acknowledgement from client
[20Aug2026 13:32:58.527] [Server thread/DEBUG] [net.minecraftforge.network.HandshakeHandler/FMLHANDSHAKE]: Sending ticking packet info 'Registry forge:entity_data_serializers' to 'fml:handshake' sequence 14
[20Aug2026 13:32:58.527] [Netty Server IO #3/DEBUG] [net.minecraftforge.network.LoginWrapper/FMLHANDSHAKE]: Recieved login wrapper packet event for channel fml:handshake with index 14
[20Aug2026 13:32:58.528] [Netty Server IO #3/DEBUG] [net.minecraftforge.network.HandshakeHandler/FMLHANDSHAKE]: Received client indexed reply 14 of type net.minecraftforge.network.HandshakeMessages$C2SAcknowledge
[20Aug2026 13:32:58.528] [Netty Server IO #3/DEBUG] [net.minecraftforge.network.HandshakeHandler/FMLHANDSHAKE]: Received acknowledgement from client
[20Aug2026 13:32:58.577] [Server thread/DEBUG] [net.minecraftforge.network.HandshakeHandler/FMLHANDSHAKE]: Sending ticking packet info 'Registry minecraft:mob_effect' to 'fml:handshake' sequence 15
[20Aug2026 13:32:58.578] [Netty Server IO #3/DEBUG] [net.minecraftforge.network.LoginWrapper/FMLHANDSHAKE]: Recieved login wrapper packet event for channel fml:handshake with index 15
[20Aug2026 13:32:58.578] [Netty Server IO #3/DEBUG] [net.minecraftforge.network.HandshakeHandler/FMLHANDSHAKE]: Received client indexed reply 15 of type net.minecraftforge.network.HandshakeMessages$C2SAcknowledge
[20Aug2026 13:32:58.578] [Netty Server IO #3/DEBUG] [net.minecraftforge.network.HandshakeHandler/FMLHANDSHAKE]: Received acknowledgement from client
[20Aug2026 13:32:58.625] [Server thread/DEBUG] [net.minecraftforge.network.HandshakeHandler/FMLHANDSHAKE]: Sending ticking packet info 'Registry minecraft:stat_type' to 'fml:handshake' sequence 16
[20Aug2026 13:32:58.626] [Netty Server IO #3/DEBUG] [net.minecraftforge.network.LoginWrapper/FMLHANDSHAKE]: Recieved login wrapper packet event for channel fml:handshake with index 16
[20Aug2026 13:32:58.626] [Netty Server IO #3/DEBUG] [net.minecraftforge.network.HandshakeHandler/FMLHANDSHAKE]: Received client indexed reply 16 of type net.minecraftforge.network.HandshakeMessages$C2SAcknowledge
[20Aug2026 13:32:58.626] [Netty Server IO #3/DEBUG] [net.minecraftforge.network.HandshakeHandler/FMLHANDSHAKE]: Received acknowledgement from client
[20Aug2026 13:32:58.676] [Server thread/DEBUG] [net.minecraftforge.network.HandshakeHandler/FMLHANDSHAKE]: Sending ticking packet info 'Registry minecraft:menu' to 'fml:handshake' sequence 17
[20Aug2026 13:32:58.677] [Netty Server IO #3/DEBUG] [net.minecraftforge.network.LoginWrapper/FMLHANDSHAKE]: Recieved login wrapper packet event for channel fml:handshake with index 17
[20Aug2026 13:32:58.677] [Netty Server IO #3/DEBUG] [net.minecraftforge.network.HandshakeHandler/FMLHANDSHAKE]: Received client indexed reply 17 of type net.minecraftforge.network.HandshakeMessages$C2SAcknowledge
[20Aug2026 13:32:58.677] [Netty Server IO #3/DEBUG] [net.minecraftforge.network.HandshakeHandler/FMLHANDSHAKE]: Received acknowledgement from client
[20Aug2026 13:32:58.726] [Server thread/DEBUG] [net.minecraftforge.network.HandshakeHandler/FMLHANDSHAKE]: Sending ticking packet info 'Registry minecraft:enchantment' to 'fml:handshake' sequence 18
[20Aug2026 13:32:58.727] [Netty Server IO #3/DEBUG] [net.minecraftforge.network.LoginWrapper/FMLHANDSHAKE]: Recieved login wrapper packet event for channel fml:handshake with index 18
[20Aug2026 13:32:58.727] [Netty Server IO #3/DEBUG] [net.minecraftforge.network.HandshakeHandler/FMLHANDSHAKE]: Received client indexed reply 18 of type net.minecraftforge.network.HandshakeMessages$C2SAcknowledge
[20Aug2026 13:32:58.727] [Netty Server IO #3/DEBUG] [net.minecraftforge.network.HandshakeHandler/FMLHANDSHAKE]: Received acknowledgement from client
[20Aug2026 13:32:58.777] [Server thread/DEBUG] [net.minecraftforge.network.HandshakeHandler/FMLHANDSHAKE]: Sending ticking packet info 'Registry minecraft:fluid' to 'fml:handshake' sequence 19
[20Aug2026 13:32:58.778] [Netty Server IO #3/DEBUG] [net.minecraftforge.network.LoginWrapper/FMLHANDSHAKE]: Recieved login wrapper packet event for channel fml:handshake with index 19
[20Aug2026 13:32:58.778] [Netty Server IO #3/DEBUG] [net.minecraftforge.network.HandshakeHandler/FMLHANDSHAKE]: Received client indexed reply 19 of type net.minecraftforge.network.HandshakeMessages$C2SAcknowledge
[20Aug2026 13:32:58.778] [Netty Server IO #3/DEBUG] [net.minecraftforge.network.HandshakeHandler/FMLHANDSHAKE]: Received acknowledgement from client
[20Aug2026 13:32:58.827] [Server thread/DEBUG] [net.minecraftforge.network.HandshakeHandler/FMLHANDSHAKE]: Sending ticking packet info 'Registry minecraft:entity_type' to 'fml:handshake' sequence 20
[20Aug2026 13:32:58.877] [Server thread/DEBUG] [net.minecraftforge.network.HandshakeHandler/FMLHANDSHAKE]: Sending ticking packet info 'Config forge-server.toml' to 'fml:handshake' sequence 21
[20Aug2026 13:32:59.193] [Netty Server IO #3/DEBUG] [net.minecraftforge.network.LoginWrapper/FMLHANDSHAKE]: Recieved login wrapper packet event for channel fml:handshake with index 20
[20Aug2026 13:32:59.194] [Netty Server IO #3/DEBUG] [net.minecraftforge.network.HandshakeHandler/FMLHANDSHAKE]: Received client indexed reply 20 of type net.minecraftforge.network.HandshakeMessages$C2SAcknowledge
[20Aug2026 13:32:59.194] [Netty Server IO #3/DEBUG] [net.minecraftforge.network.HandshakeHandler/FMLHANDSHAKE]: Received acknowledgement from client
[20Aug2026 13:32:59.194] [Netty Server IO #3/DEBUG] [net.minecraftforge.network.LoginWrapper/FMLHANDSHAKE]: Recieved login wrapper packet event for channel fml:handshake with index 21
[20Aug2026 13:32:59.194] [Netty Server IO #3/DEBUG] [net.minecraftforge.network.HandshakeHandler/FMLHANDSHAKE]: Received client indexed reply 21 of type net.minecraftforge.network.HandshakeMessages$C2SAcknowledge
[20Aug2026 13:32:59.194] [Netty Server IO #3/DEBUG] [net.minecraftforge.network.HandshakeHandler/FMLHANDSHAKE]: Received acknowledgement from client
[20Aug2026 13:32:59.225] [Server thread/DEBUG] [net.minecraftforge.network.HandshakeHandler/FMLHANDSHAKE]: Handshake complete!
[20Aug2026 13:32:59.310] [Server thread/INFO] [net.minecraft.server.players.PlayerList/]: Shinzgami[/10.25.99.21:34054] logged in with entity id 25080 at (-567.0834134038844, 67.0, 1795.6327746472969)
[20Aug2026 13:32:59.311] [Server thread/DEBUG] [net.minecraftforge.network.filters.NetworkFilters/]: Injected net.minecraftforge.network.filters.ForgeConnectionNetworkFilter@56e7fdb4 into net.minecraft.network.Connection@ca0bc66
[20Aug2026 13:32:59.323] [Server thread/INFO] [net.minecraft.server.MinecraftServer/]: Shinzgami joined the game
[20Aug2026 13:32:59.324] [Server thread/INFO] [fallingtrees | Config/]: Sending common config 'fallingtrees:fallingtrees_common' to Shinzgami
[20Aug2026 13:32:59.326] [Server thread/DEBUG] [voicechat/]: [voicechat] Setting default state of Shinzgami: {disabled=false, disconnected=true, uuid=cbd98727-12d9-37ed-8272-21579cc4249f, name=Shinzgami, group=null}
[20Aug2026 13:33:00.991] [Netty Server IO #3/INFO] [fallingtrees | Config/]: Received client config 'fallingtrees:fallingtrees_client' from Shinzgami
[20Aug2026 13:33:01.000] [Server thread/INFO] [voicechat/]: [voicechat] Received secret request of Shinzgami (20)
[20Aug2026 13:33:01.000] [Server thread/DEBUG] [voicechat/]: [voicechat] Sending initial states to Shinzgami
[20Aug2026 13:33:01.001] [Server thread/DEBUG] [voicechat/]: [voicechat] Synchronizing 0 groups with Shinzgami
[20Aug2026 13:33:01.001] [Server thread/DEBUG] [voicechat/]: [voicechat] Synchronizing 1 volume categories with Shinzgami
[20Aug2026 13:33:01.001] [Server thread/INFO] [voicechat/]: [voicechat] Sent secret to Shinzgami
[20Aug2026 13:33:01.581] [VoiceChatPacketProcessingThread/INFO] [voicechat/]: [voicechat] Successfully authenticated player cbd98727-12d9-37ed-8272-21579cc4249f
[20Aug2026 13:33:02.582] [VoiceChatPacketProcessingThread/INFO] [voicechat/]: [voicechat] Successfully validated connection of player cbd98727-12d9-37ed-8272-21579cc4249f
[20Aug2026 13:33:02.583] [VoiceChatPacketProcessingThread/DEBUG] [voicechat/]: [voicechat] Set state of Shinzgami to connected: {disabled=false, disconnected=false, uuid=cbd98727-12d9-37ed-8272-21579cc4249f, name=Shinzgami, group=null}
[20Aug2026 13:33:02.583] [VoiceChatPacketProcessingThread/INFO] [voicechat/]: [voicechat] Player Shinzgami (cbd98727-12d9-37ed-8272-21579cc4249f) successfully connected to voice chat
[20Aug2026 13:33:02.586] [Server thread/DEBUG] [voicechat/]: [voicechat] Got state of Shinzgami: {disabled=false, disconnected=false, uuid=cbd98727-12d9-37ed-8272-21579cc4249f, name=Shinzgami, group=null}
[20Aug2026 13:33:05.231] [Server thread/INFO] [net.minecraft.server.network.ServerGamePacketListenerImpl/]: Shinzgami lost connection: Disconnected
[20Aug2026 13:33:05.232] [Server thread/INFO] [net.minecraft.server.MinecraftServer/]: Shinzgami left the game
[20Aug2026 13:33:05.233] [Server thread/DEBUG] [voicechat/]: [voicechat] Removing state of Shinzgami
[20Aug2026 13:33:05.233] [Server thread/INFO] [voicechat/]: [voicechat] Disconnecting client Shinzgami
[20Aug2026 13:34:59.609] [Server thread/DEBUG] [net.minecraftforge.common.ForgeHooks/WP]: Gathering id map for writing to world save world
[20Aug2026 13:34:59.613] [Server thread/DEBUG] [net.minecraftforge.common.ForgeHooks/WP]: ID Map collection complete world
[20Aug2026 13:39:59.607] [Server thread/DEBUG] [net.minecraftforge.common.ForgeHooks/WP]: Gathering id map for writing to world save world
[20Aug2026 13:39:59.612] [Server thread/DEBUG] [net.minecraftforge.common.ForgeHooks/WP]: ID Map collection complete world
[20Aug2026 13:44:59.603] [Server thread/DEBUG] [net.minecraftforge.common.ForgeHooks/WP]: Gathering id map for writing to world save world
[20Aug2026 13:44:59.607] [Server thread/DEBUG] [net.minecraftforge.common.ForgeHooks/WP]: ID Map collection complete world
[20Aug2026 13:49:59.604] [Server thread/DEBUG] [net.minecraftforge.common.ForgeHooks/WP]: Gathering id map for writing to world save world
[20Aug2026 13:49:59.611] [Server thread/DEBUG] [net.minecraftforge.common.ForgeHooks/WP]: ID Map collection complete world
[20Aug2026 13:54:59.602] [Server thread/DEBUG] [net.minecraftforge.common.ForgeHooks/WP]: Gathering id map for writing to world save world
[20Aug2026 13:54:59.607] [Server thread/DEBUG] [net.minecraftforge.common.ForgeHooks/WP]: ID Map collection complete world
[20Aug2026 13:59:59.603] [Server thread/DEBUG] [net.minecraftforge.common.ForgeHooks/WP]: Gathering id map for writing to world save world
[20Aug2026 13:59:59.607] [Server thread/DEBUG] [net.minecraftforge.common.ForgeHooks/WP]: ID Map collection complete world
[20Aug2026 14:04:59.602] [Server thread/DEBUG] [net.minecraftforge.common.ForgeHooks/WP]: Gathering id map for writing to world save world
[20Aug2026 14:04:59.606] [Server thread/DEBUG] [net.minecraftforge.common.ForgeHooks/WP]: ID Map collection complete world
[20Aug2026 14:09:59.611] [Server thread/DEBUG] [net.minecraftforge.common.ForgeHooks/WP]: Gathering id map for writing to world save world
[20Aug2026 14:09:59.617] [Server thread/DEBUG] [net.minecraftforge.common.ForgeHooks/WP]: ID Map collection complete world
[20Aug2026 14:12:01.503] [Netty Server IO #7/DEBUG] [net.minecraftforge.network.HandshakeHandler/FMLHANDSHAKE]: Starting new modded impl connection. Found 22 messages to dispatch.
[20Aug2026 14:12:01.775] [Server thread/DEBUG] [net.minecraftforge.network.HandshakeHandler/FMLHANDSHAKE]: Sending ticking packet info 'net.minecraftforge.network.HandshakeMessages$S2CModData' to 'fml:handshake' sequence 0
[20Aug2026 14:12:01.825] [Server thread/DEBUG] [net.minecraftforge.network.HandshakeHandler/FMLHANDSHAKE]: Sending ticking packet info 'net.minecraftforge.network.HandshakeMessages$S2CModList' to 'fml:handshake' sequence 1
[20Aug2026 14:12:01.875] [Server thread/DEBUG] [net.minecraftforge.network.HandshakeHandler/FMLHANDSHAKE]: Sending ticking packet info 'Registry minecraft:command_argument_type' to 'fml:handshake' sequence 2
[20Aug2026 14:12:01.925] [Server thread/DEBUG] [net.minecraftforge.network.HandshakeHandler/FMLHANDSHAKE]: Sending ticking packet info 'Registry minecraft:recipe_serializer' to 'fml:handshake' sequence 3
[20Aug2026 14:12:01.976] [Server thread/DEBUG] [net.minecraftforge.network.HandshakeHandler/FMLHANDSHAKE]: Sending ticking packet info 'Registry minecraft:sound_event' to 'fml:handshake' sequence 4
[20Aug2026 14:12:02.025] [Netty Server IO #7/DEBUG] [net.minecraftforge.network.LoginWrapper/FMLHANDSHAKE]: Recieved login wrapper packet event for channel fml:handshake with index 1
[20Aug2026 14:12:02.026] [Netty Server IO #7/DEBUG] [net.minecraftforge.network.HandshakeHandler/FMLHANDSHAKE]: Received client indexed reply 1 of type net.minecraftforge.network.HandshakeMessages$C2SModListReply
[20Aug2026 14:12:02.026] [Netty Server IO #7/DEBUG] [net.minecraftforge.network.HandshakeHandler/FMLHANDSHAKE]: Received client connection with modlist [minecraft, voicechat, voicechat_api, doubledoors, extragore, ambientsounds, supermartijn642configlib, nochatreports, geckolib, creativecore, cleanswing, trender, modelfix, sound_physics_remastered, its_not_real, collective, enhancedvisuals, entityculling, betterthirdperson, badmobs, architectury, fallingtrees, jamlib, pandalib, rightclickharvest, transition, chat_heads, the_wonderland, forge, varietree, embeddium, rubidium, oculus, durabilitytooltip, essential, presencefootsteps]
[20Aug2026 14:12:02.026] [Server thread/DEBUG] [net.minecraftforge.network.HandshakeHandler/FMLHANDSHAKE]: Sending ticking packet info 'Registry minecraft:particle_type' to 'fml:handshake' sequence 5
[20Aug2026 14:12:02.027] [Netty Server IO #7/DEBUG] [net.minecraftforge.network.NetworkRegistry/NETREGISTRY]: Channel 'pandalib:config_sync' : Version test of '1' from client : ACCEPTED
[20Aug2026 14:12:02.027] [Netty Server IO #7/DEBUG] [net.minecraftforge.network.NetworkRegistry/NETREGISTRY]: Channel 'architectury:network' : Version test of '1' from client : ACCEPTED
[20Aug2026 14:12:02.027] [Netty Server IO #7/DEBUG] [net.minecraftforge.network.NetworkRegistry/NETREGISTRY]: Channel 'voicechat:secret' : Version test of 'ALLOWVANILLA 💓💓💓' from client : ACCEPTED
[20Aug2026 14:12:02.027] [Netty Server IO #7/DEBUG] [net.minecraftforge.network.NetworkRegistry/NETREGISTRY]: Channel 'voicechat:leave_group' : Version test of 'ALLOWVANILLA 💓💓💓' from client : ACCEPTED
[20Aug2026 14:12:02.027] [Netty Server IO #7/DEBUG] [net.minecraftforge.network.NetworkRegistry/NETREGISTRY]: Channel 'voicechat:create_group' : Version test of 'ALLOWVANILLA 💓💓💓' from client : ACCEPTED
[20Aug2026 14:12:02.027] [Netty Server IO #7/DEBUG] [net.minecraftforge.network.NetworkRegistry/NETREGISTRY]: Channel 'minecraft:unregister' : Version test of 'FML3' from client : ACCEPTED
[20Aug2026 14:12:02.028] [Netty Server IO #7/DEBUG] [net.minecraftforge.network.NetworkRegistry/NETREGISTRY]: Channel 'enhancedvisuals:main' : Version test of '1' from client : ACCEPTED
[20Aug2026 14:12:02.028] [Netty Server IO #7/DEBUG] [net.minecraftforge.network.NetworkRegistry/NETREGISTRY]: Channel 'voicechat:states' : Version test of 'ALLOWVANILLA 💓💓💓' from client : ACCEPTED
[20Aug2026 14:12:02.028] [Netty Server IO #7/DEBUG] [net.minecraftforge.network.NetworkRegistry/NETREGISTRY]: Channel 'voicechat:set_group' : Version test of 'ALLOWVANILLA 💓💓💓' from client : ACCEPTED
[20Aug2026 14:12:02.028] [Netty Server IO #7/DEBUG] [net.minecraftforge.network.NetworkRegistry/NETREGISTRY]: Channel 'voicechat:joined_group' : Version test of 'ALLOWVANILLA 💓💓💓' from client : ACCEPTED
[20Aug2026 14:12:02.028] [Netty Server IO #7/DEBUG] [net.minecraftforge.network.NetworkRegistry/NETREGISTRY]: Channel 'voicechat:update_state' : Version test of 'ALLOWVANILLA 💓💓💓' from client : ACCEPTED
[20Aug2026 14:12:02.028] [Netty Server IO #7/DEBUG] [net.minecraftforge.network.NetworkRegistry/NETREGISTRY]: Channel 'extragore:main' : Version test of '1' from client : ACCEPTED
[20Aug2026 14:12:02.028] [Netty Server IO #7/DEBUG] [net.minecraftforge.network.NetworkRegistry/NETREGISTRY]: Channel 'voicechat:add_group' : Version test of 'ALLOWVANILLA 💓💓💓' from client : ACCEPTED
[20Aug2026 14:12:02.028] [Netty Server IO #7/DEBUG] [net.minecraftforge.network.NetworkRegistry/NETREGISTRY]: Channel 'fml:loginwrapper' : Version test of 'FML3' from client : ACCEPTED
[20Aug2026 14:12:02.028] [Netty Server IO #7/DEBUG] [net.minecraftforge.network.NetworkRegistry/NETREGISTRY]: Channel 'its_not_real:its_not_real' : Version test of '1' from client : ACCEPTED
[20Aug2026 14:12:02.028] [Netty Server IO #7/DEBUG] [net.minecraftforge.network.NetworkRegistry/NETREGISTRY]: Channel 'forge:tier_sorting' : Version test of '1.0' from client : ACCEPTED
[20Aug2026 14:12:02.028] [Netty Server IO #7/DEBUG] [net.minecraftforge.network.NetworkRegistry/NETREGISTRY]: Channel 'supermartijn642configlib:sync_configs' : Version test of '1.1.8' from client : ACCEPTED
[20Aug2026 14:12:02.028] [Netty Server IO #7/DEBUG] [net.minecraftforge.network.NetworkRegistry/NETREGISTRY]: Channel 'the_wonderland:the_wonderland' : Version test of '1' from client : ACCEPTED
[20Aug2026 14:12:02.028] [Netty Server IO #7/DEBUG] [net.minecraftforge.network.NetworkRegistry/NETREGISTRY]: Channel 'fml:play' : Version test of 'FML3' from client : ACCEPTED
[20Aug2026 14:12:02.028] [Netty Server IO #7/DEBUG] [net.minecraftforge.network.NetworkRegistry/NETREGISTRY]: Channel 'creativecore:main' : Version test of '1' from client : ACCEPTED
[20Aug2026 14:12:02.028] [Netty Server IO #7/DEBUG] [net.minecraftforge.network.NetworkRegistry/NETREGISTRY]: Channel 'voicechat:request_secret' : Version test of 'ALLOWVANILLA 💓💓💓' from client : ACCEPTED
[20Aug2026 14:12:02.028] [Netty Server IO #7/DEBUG] [net.minecraftforge.network.NetworkRegistry/NETREGISTRY]: Channel 'fml:handshake' : Version test of 'FML3' from client : ACCEPTED
[20Aug2026 14:12:02.028] [Netty Server IO #7/DEBUG] [net.minecraftforge.network.NetworkRegistry/NETREGISTRY]: Channel 'voicechat:state' : Version test of 'ALLOWVANILLA 💓💓💓' from client : ACCEPTED
[20Aug2026 14:12:02.028] [Netty Server IO #7/DEBUG] [net.minecraftforge.network.NetworkRegistry/NETREGISTRY]: Channel 'voicechat:remove_category' : Version test of 'ALLOWVANILLA 💓💓💓' from client : ACCEPTED
[20Aug2026 14:12:02.028] [Netty Server IO #7/DEBUG] [net.minecraftforge.network.NetworkRegistry/NETREGISTRY]: Channel 'voicechat:remove_group' : Version test of 'ALLOWVANILLA 💓💓💓' from client : ACCEPTED
[20Aug2026 14:12:02.028] [Netty Server IO #7/DEBUG] [net.minecraftforge.network.NetworkRegistry/NETREGISTRY]: Channel 'voicechat:add_category' : Version test of 'ALLOWVANILLA 💓💓💓' from client : ACCEPTED
[20Aug2026 14:12:02.028] [Netty Server IO #7/DEBUG] [net.minecraftforge.network.NetworkRegistry/NETREGISTRY]: Channel 'voicechat:remove_state' : Version test of 'ALLOWVANILLA 💓💓💓' from client : ACCEPTED
[20Aug2026 14:12:02.028] [Netty Server IO #7/DEBUG] [net.minecraftforge.network.NetworkRegistry/NETREGISTRY]: Channel 'minecraft:register' : Version test of 'FML3' from client : ACCEPTED
[20Aug2026 14:12:02.028] [Netty Server IO #7/DEBUG] [net.minecraftforge.network.NetworkRegistry/NETREGISTRY]: Channel 'forge:split' : Version test of '1.1' from client : ACCEPTED
[20Aug2026 14:12:02.028] [Netty Server IO #7/DEBUG] [net.minecraftforge.network.NetworkRegistry/NETREGISTRY]: Channel 'geckolib:main' : Version test of '1' from client : ACCEPTED
[20Aug2026 14:12:02.028] [Netty Server IO #7/DEBUG] [net.minecraftforge.network.NetworkRegistry/NETREGISTRY]: Accepting channel list from client
[20Aug2026 14:12:02.028] [Netty Server IO #7/DEBUG] [net.minecraftforge.network.HandshakeHandler/FMLHANDSHAKE]: Accepted client connection mod list
[20Aug2026 14:12:02.073] [Netty Server IO #7/DEBUG] [net.minecraftforge.network.LoginWrapper/FMLHANDSHAKE]: Recieved login wrapper packet event for channel fml:handshake with index 2
[20Aug2026 14:12:02.073] [Netty Server IO #7/DEBUG] [net.minecraftforge.network.HandshakeHandler/FMLHANDSHAKE]: Received client indexed reply 2 of type net.minecraftforge.network.HandshakeMessages$C2SAcknowledge
[20Aug2026 14:12:02.073] [Netty Server IO #7/DEBUG] [net.minecraftforge.network.HandshakeHandler/FMLHANDSHAKE]: Received acknowledgement from client
[20Aug2026 14:12:02.075] [Server thread/DEBUG] [net.minecraftforge.network.HandshakeHandler/FMLHANDSHAKE]: Sending ticking packet info 'Registry minecraft:villager_profession' to 'fml:handshake' sequence 6
[20Aug2026 14:12:02.123] [Netty Server IO #7/DEBUG] [net.minecraftforge.network.LoginWrapper/FMLHANDSHAKE]: Recieved login wrapper packet event for channel fml:handshake with index 3
[20Aug2026 14:12:02.123] [Netty Server IO #7/DEBUG] [net.minecraftforge.network.HandshakeHandler/FMLHANDSHAKE]: Received client indexed reply 3 of type net.minecraftforge.network.HandshakeMessages$C2SAcknowledge
[20Aug2026 14:12:02.123] [Netty Server IO #7/DEBUG] [net.minecraftforge.network.HandshakeHandler/FMLHANDSHAKE]: Received acknowledgement from client
[20Aug2026 14:12:02.126] [Server thread/DEBUG] [net.minecraftforge.network.HandshakeHandler/FMLHANDSHAKE]: Sending ticking packet info 'Registry minecraft:item' to 'fml:handshake' sequence 7
[20Aug2026 14:12:02.175] [Server thread/DEBUG] [net.minecraftforge.network.HandshakeHandler/FMLHANDSHAKE]: Sending ticking packet info 'Registry minecraft:potion' to 'fml:handshake' sequence 8
[20Aug2026 14:12:02.225] [Server thread/DEBUG] [net.minecraftforge.network.HandshakeHandler/FMLHANDSHAKE]: Sending ticking packet info 'Registry minecraft:painting_variant' to 'fml:handshake' sequence 9
[20Aug2026 14:12:02.275] [Server thread/DEBUG] [net.minecraftforge.network.HandshakeHandler/FMLHANDSHAKE]: Sending ticking packet info 'Registry forge:fluid_type' to 'fml:handshake' sequence 10
[20Aug2026 14:12:02.325] [Server thread/DEBUG] [net.minecraftforge.network.HandshakeHandler/FMLHANDSHAKE]: Sending ticking packet info 'Registry minecraft:block_entity_type' to 'fml:handshake' sequence 11
[20Aug2026 14:12:02.374] [Server thread/DEBUG] [net.minecraftforge.network.HandshakeHandler/FMLHANDSHAKE]: Sending ticking packet info 'Registry forge:display_contexts' to 'fml:handshake' sequence 12
[20Aug2026 14:12:02.424] [Server thread/DEBUG] [net.minecraftforge.network.HandshakeHandler/FMLHANDSHAKE]: Sending ticking packet info 'Registry minecraft:block' to 'fml:handshake' sequence 13
[20Aug2026 14:12:02.475] [Server thread/DEBUG] [net.minecraftforge.network.HandshakeHandler/FMLHANDSHAKE]: Sending ticking packet info 'Registry forge:entity_data_serializers' to 'fml:handshake' sequence 14
[20Aug2026 14:12:02.526] [Server thread/DEBUG] [net.minecraftforge.network.HandshakeHandler/FMLHANDSHAKE]: Sending ticking packet info 'Registry minecraft:mob_effect' to 'fml:handshake' sequence 15
[20Aug2026 14:12:02.572] [Netty Server IO #7/DEBUG] [net.minecraftforge.network.LoginWrapper/FMLHANDSHAKE]: Recieved login wrapper packet event for channel fml:handshake with index 4
[20Aug2026 14:12:02.572] [Netty Server IO #7/DEBUG] [net.minecraftforge.network.HandshakeHandler/FMLHANDSHAKE]: Received client indexed reply 4 of type net.minecraftforge.network.HandshakeMessages$C2SAcknowledge
[20Aug2026 14:12:02.572] [Netty Server IO #7/DEBUG] [net.minecraftforge.network.HandshakeHandler/FMLHANDSHAKE]: Received acknowledgement from client
[20Aug2026 14:12:02.572] [Netty Server IO #7/DEBUG] [net.minecraftforge.network.LoginWrapper/FMLHANDSHAKE]: Recieved login wrapper packet event for channel fml:handshake with index 5
[20Aug2026 14:12:02.572] [Netty Server IO #7/DEBUG] [net.minecraftforge.network.HandshakeHandler/FMLHANDSHAKE]: Received client indexed reply 5 of type net.minecraftforge.network.HandshakeMessages$C2SAcknowledge
[20Aug2026 14:12:02.572] [Netty Server IO #7/DEBUG] [net.minecraftforge.network.HandshakeHandler/FMLHANDSHAKE]: Received acknowledgement from client
[20Aug2026 14:12:02.572] [Netty Server IO #7/DEBUG] [net.minecraftforge.network.LoginWrapper/FMLHANDSHAKE]: Recieved login wrapper packet event for channel fml:handshake with index 6
[20Aug2026 14:12:02.572] [Netty Server IO #7/DEBUG] [net.minecraftforge.network.HandshakeHandler/FMLHANDSHAKE]: Received client indexed reply 6 of type net.minecraftforge.network.HandshakeMessages$C2SAcknowledge
[20Aug2026 14:12:02.572] [Netty Server IO #7/DEBUG] [net.minecraftforge.network.HandshakeHandler/FMLHANDSHAKE]: Received acknowledgement from client
[20Aug2026 14:12:02.575] [Server thread/DEBUG] [net.minecraftforge.network.HandshakeHandler/FMLHANDSHAKE]: Sending ticking packet info 'Registry minecraft:stat_type' to 'fml:handshake' sequence 16
[20Aug2026 14:12:02.625] [Server thread/DEBUG] [net.minecraftforge.network.HandshakeHandler/FMLHANDSHAKE]: Sending ticking packet info 'Registry minecraft:menu' to 'fml:handshake' sequence 17
[20Aug2026 14:12:02.675] [Server thread/DEBUG] [net.minecraftforge.network.HandshakeHandler/FMLHANDSHAKE]: Sending ticking packet info 'Registry minecraft:enchantment' to 'fml:handshake' sequence 18
[20Aug2026 14:12:02.725] [Server thread/DEBUG] [net.minecraftforge.network.HandshakeHandler/FMLHANDSHAKE]: Sending ticking packet info 'Registry minecraft:fluid' to 'fml:handshake' sequence 19
[20Aug2026 14:12:02.771] [Netty Server IO #7/DEBUG] [net.minecraftforge.network.LoginWrapper/FMLHANDSHAKE]: Recieved login wrapper packet event for channel fml:handshake with index 7
[20Aug2026 14:12:02.771] [Netty Server IO #7/DEBUG] [net.minecraftforge.network.HandshakeHandler/FMLHANDSHAKE]: Received client indexed reply 7 of type net.minecraftforge.network.HandshakeMessages$C2SAcknowledge
[20Aug2026 14:12:02.771] [Netty Server IO #7/DEBUG] [net.minecraftforge.network.HandshakeHandler/FMLHANDSHAKE]: Received acknowledgement from client
[20Aug2026 14:12:02.772] [Netty Server IO #7/DEBUG] [net.minecraftforge.network.LoginWrapper/FMLHANDSHAKE]: Recieved login wrapper packet event for channel fml:handshake with index 8
[20Aug2026 14:12:02.772] [Netty Server IO #7/DEBUG] [net.minecraftforge.network.HandshakeHandler/FMLHANDSHAKE]: Received client indexed reply 8 of type net.minecraftforge.network.HandshakeMessages$C2SAcknowledge
[20Aug2026 14:12:02.772] [Netty Server IO #7/DEBUG] [net.minecraftforge.network.HandshakeHandler/FMLHANDSHAKE]: Received acknowledgement from client
[20Aug2026 14:12:02.772] [Netty Server IO #7/DEBUG] [net.minecraftforge.network.LoginWrapper/FMLHANDSHAKE]: Recieved login wrapper packet event for channel fml:handshake with index 9
[20Aug2026 14:12:02.772] [Netty Server IO #7/DEBUG] [net.minecraftforge.network.HandshakeHandler/FMLHANDSHAKE]: Received client indexed reply 9 of type net.minecraftforge.network.HandshakeMessages$C2SAcknowledge
[20Aug2026 14:12:02.772] [Netty Server IO #7/DEBUG] [net.minecraftforge.network.HandshakeHandler/FMLHANDSHAKE]: Received acknowledgement from client
[20Aug2026 14:12:02.772] [Netty Server IO #7/DEBUG] [net.minecraftforge.network.LoginWrapper/FMLHANDSHAKE]: Recieved login wrapper packet event for channel fml:handshake with index 10
[20Aug2026 14:12:02.772] [Netty Server IO #7/DEBUG] [net.minecraftforge.network.HandshakeHandler/FMLHANDSHAKE]: Received client indexed reply 10 of type net.minecraftforge.network.HandshakeMessages$C2SAcknowledge
[20Aug2026 14:12:02.772] [Netty Server IO #7/DEBUG] [net.minecraftforge.network.HandshakeHandler/FMLHANDSHAKE]: Received acknowledgement from client
[20Aug2026 14:12:02.772] [Netty Server IO #7/DEBUG] [net.minecraftforge.network.LoginWrapper/FMLHANDSHAKE]: Recieved login wrapper packet event for channel fml:handshake with index 11
[20Aug2026 14:12:02.772] [Netty Server IO #7/DEBUG] [net.minecraftforge.network.HandshakeHandler/FMLHANDSHAKE]: Received client indexed reply 11 of type net.minecraftforge.network.HandshakeMessages$C2SAcknowledge
[20Aug2026 14:12:02.772] [Netty Server IO #7/DEBUG] [net.minecraftforge.network.HandshakeHandler/FMLHANDSHAKE]: Received acknowledgement from client
[20Aug2026 14:12:02.772] [Netty Server IO #7/DEBUG] [net.minecraftforge.network.LoginWrapper/FMLHANDSHAKE]: Recieved login wrapper packet event for channel fml:handshake with index 12
[20Aug2026 14:12:02.772] [Netty Server IO #7/DEBUG] [net.minecraftforge.network.HandshakeHandler/FMLHANDSHAKE]: Received client indexed reply 12 of type net.minecraftforge.network.HandshakeMessages$C2SAcknowledge
[20Aug2026 14:12:02.772] [Netty Server IO #7/DEBUG] [net.minecraftforge.network.HandshakeHandler/FMLHANDSHAKE]: Received acknowledgement from client
[20Aug2026 14:12:02.775] [Server thread/DEBUG] [net.minecraftforge.network.HandshakeHandler/FMLHANDSHAKE]: Sending ticking packet info 'Registry minecraft:entity_type' to 'fml:handshake' sequence 20
[20Aug2026 14:12:02.826] [Server thread/DEBUG] [net.minecraftforge.network.HandshakeHandler/FMLHANDSHAKE]: Sending ticking packet info 'Config forge-server.toml' to 'fml:handshake' sequence 21
[20Aug2026 14:12:02.963] [Netty Server IO #7/DEBUG] [net.minecraftforge.network.LoginWrapper/FMLHANDSHAKE]: Recieved login wrapper packet event for channel fml:handshake with index 13
[20Aug2026 14:12:02.963] [Netty Server IO #7/DEBUG] [net.minecraftforge.network.HandshakeHandler/FMLHANDSHAKE]: Received client indexed reply 13 of type net.minecraftforge.network.HandshakeMessages$C2SAcknowledge
[20Aug2026 14:12:02.963] [Netty Server IO #7/DEBUG] [net.minecraftforge.network.HandshakeHandler/FMLHANDSHAKE]: Received acknowledgement from client
[20Aug2026 14:12:02.963] [Netty Server IO #7/DEBUG] [net.minecraftforge.network.LoginWrapper/FMLHANDSHAKE]: Recieved login wrapper packet event for channel fml:handshake with index 14
[20Aug2026 14:12:02.963] [Netty Server IO #7/DEBUG] [net.minecraftforge.network.HandshakeHandler/FMLHANDSHAKE]: Received client indexed reply 14 of type net.minecraftforge.network.HandshakeMessages$C2SAcknowledge
[20Aug2026 14:12:02.964] [Netty Server IO #7/DEBUG] [net.minecraftforge.network.HandshakeHandler/FMLHANDSHAKE]: Received acknowledgement from client
[20Aug2026 14:12:02.964] [Netty Server IO #7/DEBUG] [net.minecraftforge.network.LoginWrapper/FMLHANDSHAKE]: Recieved login wrapper packet event for channel fml:handshake with index 15
[20Aug2026 14:12:02.964] [Netty Server IO #7/DEBUG] [net.minecraftforge.network.HandshakeHandler/FMLHANDSHAKE]: Received client indexed reply 15 of type net.minecraftforge.network.HandshakeMessages$C2SAcknowledge
[20Aug2026 14:12:02.964] [Netty Server IO #7/DEBUG] [net.minecraftforge.network.HandshakeHandler/FMLHANDSHAKE]: Received acknowledgement from client
[20Aug2026 14:12:02.964] [Netty Server IO #7/DEBUG] [net.minecraftforge.network.LoginWrapper/FMLHANDSHAKE]: Recieved login wrapper packet event for channel fml:handshake with index 16
[20Aug2026 14:12:02.964] [Netty Server IO #7/DEBUG] [net.minecraftforge.network.HandshakeHandler/FMLHANDSHAKE]: Received client indexed reply 16 of type net.minecraftforge.network.HandshakeMessages$C2SAcknowledge
[20Aug2026 14:12:02.964] [Netty Server IO #7/DEBUG] [net.minecraftforge.network.HandshakeHandler/FMLHANDSHAKE]: Received acknowledgement from client
[20Aug2026 14:12:02.964] [Netty Server IO #7/DEBUG] [net.minecraftforge.network.LoginWrapper/FMLHANDSHAKE]: Recieved login wrapper packet event for channel fml:handshake with index 17
[20Aug2026 14:12:02.964] [Netty Server IO #7/DEBUG] [net.minecraftforge.network.HandshakeHandler/FMLHANDSHAKE]: Received client indexed reply 17 of type net.minecraftforge.network.HandshakeMessages$C2SAcknowledge
[20Aug2026 14:12:02.964] [Netty Server IO #7/DEBUG] [net.minecraftforge.network.HandshakeHandler/FMLHANDSHAKE]: Received acknowledgement from client
[20Aug2026 14:12:02.964] [Netty Server IO #7/DEBUG] [net.minecraftforge.network.LoginWrapper/FMLHANDSHAKE]: Recieved login wrapper packet event for channel fml:handshake with index 18
[20Aug2026 14:12:02.964] [Netty Server IO #7/DEBUG] [net.minecraftforge.network.HandshakeHandler/FMLHANDSHAKE]: Received client indexed reply 18 of type net.minecraftforge.network.HandshakeMessages$C2SAcknowledge
[20Aug2026 14:12:02.964] [Netty Server IO #7/DEBUG] [net.minecraftforge.network.HandshakeHandler/FMLHANDSHAKE]: Received acknowledgement from client
[20Aug2026 14:12:02.964] [Netty Server IO #7/DEBUG] [net.minecraftforge.network.LoginWrapper/FMLHANDSHAKE]: Recieved login wrapper packet event for channel fml:handshake with index 19
[20Aug2026 14:12:02.964] [Netty Server IO #7/DEBUG] [net.minecraftforge.network.HandshakeHandler/FMLHANDSHAKE]: Received client indexed reply 19 of type net.minecraftforge.network.HandshakeMessages$C2SAcknowledge
[20Aug2026 14:12:02.964] [Netty Server IO #7/DEBUG] [net.minecraftforge.network.HandshakeHandler/FMLHANDSHAKE]: Received acknowledgement from client
[20Aug2026 14:12:03.390] [Netty Server IO #7/DEBUG] [net.minecraftforge.network.LoginWrapper/FMLHANDSHAKE]: Recieved login wrapper packet event for channel fml:handshake with index 20
[20Aug2026 14:12:03.390] [Netty Server IO #7/DEBUG] [net.minecraftforge.network.HandshakeHandler/FMLHANDSHAKE]: Received client indexed reply 20 of type net.minecraftforge.network.HandshakeMessages$C2SAcknowledge
[20Aug2026 14:12:03.390] [Netty Server IO #7/DEBUG] [net.minecraftforge.network.HandshakeHandler/FMLHANDSHAKE]: Received acknowledgement from client
[20Aug2026 14:12:03.395] [Netty Server IO #7/DEBUG] [net.minecraftforge.network.LoginWrapper/FMLHANDSHAKE]: Recieved login wrapper packet event for channel fml:handshake with index 21
[20Aug2026 14:12:03.395] [Netty Server IO #7/DEBUG] [net.minecraftforge.network.HandshakeHandler/FMLHANDSHAKE]: Received client indexed reply 21 of type net.minecraftforge.network.HandshakeMessages$C2SAcknowledge
[20Aug2026 14:12:03.395] [Netty Server IO #7/DEBUG] [net.minecraftforge.network.HandshakeHandler/FMLHANDSHAKE]: Received acknowledgement from client
[20Aug2026 14:12:03.426] [Server thread/DEBUG] [net.minecraftforge.network.HandshakeHandler/FMLHANDSHAKE]: Handshake complete!
[20Aug2026 14:12:03.534] [Server thread/INFO] [net.minecraft.server.players.PlayerList/]: Shinzgami[/192.168.1.6:35525] logged in with entity id 26050 at (-567.0834134038844, 67.0, 1795.6327746472969)
[20Aug2026 14:12:03.536] [Server thread/DEBUG] [net.minecraftforge.network.filters.NetworkFilters/]: Injected net.minecraftforge.network.filters.ForgeConnectionNetworkFilter@760d374e into net.minecraft.network.Connection@6a6eae6f
[20Aug2026 14:12:03.569] [Server thread/INFO] [net.minecraft.server.MinecraftServer/]: Shinzgami joined the game
[20Aug2026 14:12:03.577] [Server thread/INFO] [fallingtrees | Config/]: Sending common config 'fallingtrees:fallingtrees_common' to Shinzgami
[20Aug2026 14:12:03.580] [Server thread/DEBUG] [voicechat/]: [voicechat] Setting default state of Shinzgami: {disabled=false, disconnected=true, uuid=cbd98727-12d9-37ed-8272-21579cc4249f, name=Shinzgami, group=null}
[20Aug2026 14:12:05.565] [Netty Server IO #7/INFO] [fallingtrees | Config/]: Received client config 'fallingtrees:fallingtrees_client' from Shinzgami
[20Aug2026 14:12:05.567] [Server thread/INFO] [voicechat/]: [voicechat] Received secret request of Shinzgami (20)
[20Aug2026 14:12:05.567] [Server thread/DEBUG] [voicechat/]: [voicechat] Sending initial states to Shinzgami
[20Aug2026 14:12:05.567] [Server thread/DEBUG] [voicechat/]: [voicechat] Synchronizing 0 groups with Shinzgami
[20Aug2026 14:12:05.567] [Server thread/DEBUG] [voicechat/]: [voicechat] Synchronizing 1 volume categories with Shinzgami
[20Aug2026 14:12:05.567] [Server thread/INFO] [voicechat/]: [voicechat] Sent secret to Shinzgami
[20Aug2026 14:12:22.762] [Netty Server IO #10/DEBUG] [net.minecraftforge.network.HandshakeHandler/FMLHANDSHAKE]: Starting new modded impl connection. Found 22 messages to dispatch.
[20Aug2026 14:12:22.832] [Server thread/DEBUG] [net.minecraftforge.network.HandshakeHandler/FMLHANDSHAKE]: Sending ticking packet info 'net.minecraftforge.network.HandshakeMessages$S2CModData' to 'fml:handshake' sequence 0
[20Aug2026 14:12:22.884] [Server thread/DEBUG] [net.minecraftforge.network.HandshakeHandler/FMLHANDSHAKE]: Sending ticking packet info 'net.minecraftforge.network.HandshakeMessages$S2CModList' to 'fml:handshake' sequence 1
[20Aug2026 14:12:22.922] [Netty Server IO #10/DEBUG] [net.minecraftforge.network.LoginWrapper/FMLHANDSHAKE]: Recieved login wrapper packet event for channel fml:handshake with index 1
[20Aug2026 14:12:22.922] [Netty Server IO #10/DEBUG] [net.minecraftforge.network.HandshakeHandler/FMLHANDSHAKE]: Received client indexed reply 1 of type net.minecraftforge.network.HandshakeMessages$C2SModListReply
[20Aug2026 14:12:22.922] [Netty Server IO #10/DEBUG] [net.minecraftforge.network.HandshakeHandler/FMLHANDSHAKE]: Received client connection with modlist [minecraft, voicechat, voicechat_api, doubledoors, extragore, ambientsounds, supermartijn642configlib, nochatreports, geckolib, creativecore, cleanswing, trender, modelfix, sound_physics_remastered, its_not_real, collective, enhancedvisuals, entityculling, betterthirdperson, badmobs, architectury, fallingtrees, jamlib, pandalib, rightclickharvest, transition, chat_heads, the_wonderland, forge, varietree, tlskincape, embeddium, rubidium, oculus, durabilitytooltip, essential, presencefootsteps]
[20Aug2026 14:12:22.922] [Netty Server IO #10/DEBUG] [net.minecraftforge.network.NetworkRegistry/NETREGISTRY]: Channel 'pandalib:config_sync' : Version test of '1' from client : ACCEPTED
[20Aug2026 14:12:22.922] [Netty Server IO #10/DEBUG] [net.minecraftforge.network.NetworkRegistry/NETREGISTRY]: Channel 'architectury:network' : Version test of '1' from client : ACCEPTED
[20Aug2026 14:12:22.922] [Netty Server IO #10/DEBUG] [net.minecraftforge.network.NetworkRegistry/NETREGISTRY]: Channel 'voicechat:secret' : Version test of 'ALLOWVANILLA 💓💓💓' from client : ACCEPTED
[20Aug2026 14:12:22.922] [Netty Server IO #10/DEBUG] [net.minecraftforge.network.NetworkRegistry/NETREGISTRY]: Channel 'voicechat:leave_group' : Version test of 'ALLOWVANILLA 💓💓💓' from client : ACCEPTED
[20Aug2026 14:12:22.922] [Netty Server IO #10/DEBUG] [net.minecraftforge.network.NetworkRegistry/NETREGISTRY]: Channel 'voicechat:create_group' : Version test of 'ALLOWVANILLA 💓💓💓' from client : ACCEPTED
[20Aug2026 14:12:22.922] [Netty Server IO #10/DEBUG] [net.minecraftforge.network.NetworkRegistry/NETREGISTRY]: Channel 'minecraft:unregister' : Version test of 'FML3' from client : ACCEPTED
[20Aug2026 14:12:22.922] [Netty Server IO #10/DEBUG] [net.minecraftforge.network.NetworkRegistry/NETREGISTRY]: Channel 'enhancedvisuals:main' : Version test of '1' from client : ACCEPTED
[20Aug2026 14:12:22.922] [Netty Server IO #10/DEBUG] [net.minecraftforge.network.NetworkRegistry/NETREGISTRY]: Channel 'voicechat:states' : Version test of 'ALLOWVANILLA 💓💓💓' from client : ACCEPTED
[20Aug2026 14:12:22.922] [Netty Server IO #10/DEBUG] [net.minecraftforge.network.NetworkRegistry/NETREGISTRY]: Channel 'voicechat:set_group' : Version test of 'ALLOWVANILLA 💓💓💓' from client : ACCEPTED
[20Aug2026 14:12:22.922] [Netty Server IO #10/DEBUG] [net.minecraftforge.network.NetworkRegistry/NETREGISTRY]: Channel 'voicechat:joined_group' : Version test of 'ALLOWVANILLA 💓💓💓' from client : ACCEPTED
[20Aug2026 14:12:22.922] [Netty Server IO #10/DEBUG] [net.minecraftforge.network.NetworkRegistry/NETREGISTRY]: Channel 'voicechat:update_state' : Version test of 'ALLOWVANILLA 💓💓💓' from client : ACCEPTED
[20Aug2026 14:12:22.922] [Netty Server IO #10/DEBUG] [net.minecraftforge.network.NetworkRegistry/NETREGISTRY]: Channel 'extragore:main' : Version test of '1' from client : ACCEPTED
[20Aug2026 14:12:22.922] [Netty Server IO #10/DEBUG] [net.minecraftforge.network.NetworkRegistry/NETREGISTRY]: Channel 'voicechat:add_group' : Version test of 'ALLOWVANILLA 💓💓💓' from client : ACCEPTED
[20Aug2026 14:12:22.923] [Netty Server IO #10/DEBUG] [net.minecraftforge.network.NetworkRegistry/NETREGISTRY]: Channel 'fml:loginwrapper' : Version test of 'FML3' from client : ACCEPTED
[20Aug2026 14:12:22.923] [Netty Server IO #10/DEBUG] [net.minecraftforge.network.NetworkRegistry/NETREGISTRY]: Channel 'its_not_real:its_not_real' : Version test of '1' from client : ACCEPTED
[20Aug2026 14:12:22.923] [Netty Server IO #10/DEBUG] [net.minecraftforge.network.NetworkRegistry/NETREGISTRY]: Channel 'forge:tier_sorting' : Version test of '1.0' from client : ACCEPTED
[20Aug2026 14:12:22.923] [Netty Server IO #10/DEBUG] [net.minecraftforge.network.NetworkRegistry/NETREGISTRY]: Channel 'supermartijn642configlib:sync_configs' : Version test of '1.1.8' from client : ACCEPTED
[20Aug2026 14:12:22.923] [Netty Server IO #10/DEBUG] [net.minecraftforge.network.NetworkRegistry/NETREGISTRY]: Channel 'the_wonderland:the_wonderland' : Version test of '1' from client : ACCEPTED
[20Aug2026 14:12:22.923] [Netty Server IO #10/DEBUG] [net.minecraftforge.network.NetworkRegistry/NETREGISTRY]: Channel 'fml:play' : Version test of 'FML3' from client : ACCEPTED
[20Aug2026 14:12:22.923] [Netty Server IO #10/DEBUG] [net.minecraftforge.network.NetworkRegistry/NETREGISTRY]: Channel 'creativecore:main' : Version test of '1' from client : ACCEPTED
[20Aug2026 14:12:22.923] [Netty Server IO #10/DEBUG] [net.minecraftforge.network.NetworkRegistry/NETREGISTRY]: Channel 'voicechat:request_secret' : Version test of 'ALLOWVANILLA 💓💓💓' from client : ACCEPTED
[20Aug2026 14:12:22.923] [Netty Server IO #10/DEBUG] [net.minecraftforge.network.NetworkRegistry/NETREGISTRY]: Channel 'fml:handshake' : Version test of 'FML3' from client : ACCEPTED
[20Aug2026 14:12:22.923] [Netty Server IO #10/DEBUG] [net.minecraftforge.network.NetworkRegistry/NETREGISTRY]: Channel 'voicechat:state' : Version test of 'ALLOWVANILLA 💓💓💓' from client : ACCEPTED
[20Aug2026 14:12:22.923] [Netty Server IO #10/DEBUG] [net.minecraftforge.network.NetworkRegistry/NETREGISTRY]: Channel 'voicechat:remove_category' : Version test of 'ALLOWVANILLA 💓💓💓' from client : ACCEPTED
[20Aug2026 14:12:22.923] [Netty Server IO #10/DEBUG] [net.minecraftforge.network.NetworkRegistry/NETREGISTRY]: Channel 'voicechat:remove_group' : Version test of 'ALLOWVANILLA 💓💓💓' from client : ACCEPTED
[20Aug2026 14:12:22.923] [Netty Server IO #10/DEBUG] [net.minecraftforge.network.NetworkRegistry/NETREGISTRY]: Channel 'voicechat:add_category' : Version test of 'ALLOWVANILLA 💓💓💓' from client : ACCEPTED
[20Aug2026 14:12:22.923] [Netty Server IO #10/DEBUG] [net.minecraftforge.network.NetworkRegistry/NETREGISTRY]: Channel 'voicechat:remove_state' : Version test of 'ALLOWVANILLA 💓💓💓' from client : ACCEPTED
[20Aug2026 14:12:22.923] [Netty Server IO #10/DEBUG] [net.minecraftforge.network.NetworkRegistry/NETREGISTRY]: Channel 'minecraft:register' : Version test of 'FML3' from client : ACCEPTED
[20Aug2026 14:12:22.923] [Netty Server IO #10/DEBUG] [net.minecraftforge.network.NetworkRegistry/NETREGISTRY]: Channel 'forge:split' : Version test of '1.1' from client : ACCEPTED
[20Aug2026 14:12:22.923] [Netty Server IO #10/DEBUG] [net.minecraftforge.network.NetworkRegistry/NETREGISTRY]: Channel 'geckolib:main' : Version test of '1' from client : ACCEPTED
[20Aug2026 14:12:22.923] [Netty Server IO #10/DEBUG] [net.minecraftforge.network.NetworkRegistry/NETREGISTRY]: Accepting channel list from client
[20Aug2026 14:12:22.923] [Netty Server IO #10/DEBUG] [net.minecraftforge.network.HandshakeHandler/FMLHANDSHAKE]: Accepted client connection mod list
[20Aug2026 14:12:22.933] [Server thread/DEBUG] [net.minecraftforge.network.HandshakeHandler/FMLHANDSHAKE]: Sending ticking packet info 'Registry minecraft:command_argument_type' to 'fml:handshake' sequence 2
[20Aug2026 14:12:22.968] [Netty Server IO #10/DEBUG] [net.minecraftforge.network.LoginWrapper/FMLHANDSHAKE]: Recieved login wrapper packet event for channel fml:handshake with index 2
[20Aug2026 14:12:22.968] [Netty Server IO #10/DEBUG] [net.minecraftforge.network.HandshakeHandler/FMLHANDSHAKE]: Received client indexed reply 2 of type net.minecraftforge.network.HandshakeMessages$C2SAcknowledge
[20Aug2026 14:12:22.968] [Netty Server IO #10/DEBUG] [net.minecraftforge.network.HandshakeHandler/FMLHANDSHAKE]: Received acknowledgement from client
[20Aug2026 14:12:22.983] [Server thread/DEBUG] [net.minecraftforge.network.HandshakeHandler/FMLHANDSHAKE]: Sending ticking packet info 'Registry minecraft:recipe_serializer' to 'fml:handshake' sequence 3
[20Aug2026 14:12:23.026] [Netty Server IO #10/DEBUG] [net.minecraftforge.network.LoginWrapper/FMLHANDSHAKE]: Recieved login wrapper packet event for channel fml:handshake with index 3
[20Aug2026 14:12:23.026] [Netty Server IO #10/DEBUG] [net.minecraftforge.network.HandshakeHandler/FMLHANDSHAKE]: Received client indexed reply 3 of type net.minecraftforge.network.HandshakeMessages$C2SAcknowledge
[20Aug2026 14:12:23.026] [Netty Server IO #10/DEBUG] [net.minecraftforge.network.HandshakeHandler/FMLHANDSHAKE]: Received acknowledgement from client
[20Aug2026 14:12:23.038] [Server thread/DEBUG] [net.minecraftforge.network.HandshakeHandler/FMLHANDSHAKE]: Sending ticking packet info 'Registry minecraft:sound_event' to 'fml:handshake' sequence 4
[20Aug2026 14:12:23.083] [Server thread/DEBUG] [net.minecraftforge.network.HandshakeHandler/FMLHANDSHAKE]: Sending ticking packet info 'Registry minecraft:particle_type' to 'fml:handshake' sequence 5
[20Aug2026 14:12:23.131] [Server thread/DEBUG] [net.minecraftforge.network.HandshakeHandler/FMLHANDSHAKE]: Sending ticking packet info 'Registry minecraft:villager_profession' to 'fml:handshake' sequence 6
[20Aug2026 14:12:23.133] [Netty Server IO #10/DEBUG] [net.minecraftforge.network.LoginWrapper/FMLHANDSHAKE]: Recieved login wrapper packet event for channel fml:handshake with index 4
[20Aug2026 14:12:23.133] [Netty Server IO #10/DEBUG] [net.minecraftforge.network.HandshakeHandler/FMLHANDSHAKE]: Received client indexed reply 4 of type net.minecraftforge.network.HandshakeMessages$C2SAcknowledge
[20Aug2026 14:12:23.134] [Netty Server IO #10/DEBUG] [net.minecraftforge.network.HandshakeHandler/FMLHANDSHAKE]: Received acknowledgement from client
[20Aug2026 14:12:23.134] [Netty Server IO #10/DEBUG] [net.minecraftforge.network.LoginWrapper/FMLHANDSHAKE]: Recieved login wrapper packet event for channel fml:handshake with index 5
[20Aug2026 14:12:23.134] [Netty Server IO #10/DEBUG] [net.minecraftforge.network.HandshakeHandler/FMLHANDSHAKE]: Received client indexed reply 5 of type net.minecraftforge.network.HandshakeMessages$C2SAcknowledge
[20Aug2026 14:12:23.134] [Netty Server IO #10/DEBUG] [net.minecraftforge.network.HandshakeHandler/FMLHANDSHAKE]: Received acknowledgement from client
[20Aug2026 14:12:23.163] [Netty Server IO #10/DEBUG] [net.minecraftforge.network.LoginWrapper/FMLHANDSHAKE]: Recieved login wrapper packet event for channel fml:handshake with index 6
[20Aug2026 14:12:23.163] [Netty Server IO #10/DEBUG] [net.minecraftforge.network.HandshakeHandler/FMLHANDSHAKE]: Received client indexed reply 6 of type net.minecraftforge.network.HandshakeMessages$C2SAcknowledge
[20Aug2026 14:12:23.163] [Netty Server IO #10/DEBUG] [net.minecraftforge.network.HandshakeHandler/FMLHANDSHAKE]: Received acknowledgement from client
[20Aug2026 14:12:23.182] [Server thread/DEBUG] [net.minecraftforge.network.HandshakeHandler/FMLHANDSHAKE]: Sending ticking packet info 'Registry minecraft:item' to 'fml:handshake' sequence 7
[20Aug2026 14:12:23.233] [Server thread/DEBUG] [net.minecraftforge.network.HandshakeHandler/FMLHANDSHAKE]: Sending ticking packet info 'Registry minecraft:potion' to 'fml:handshake' sequence 8
[20Aug2026 14:12:23.249] [Netty Server IO #10/DEBUG] [net.minecraftforge.network.LoginWrapper/FMLHANDSHAKE]: Recieved login wrapper packet event for channel fml:handshake with index 7
[20Aug2026 14:12:23.249] [Netty Server IO #10/DEBUG] [net.minecraftforge.network.HandshakeHandler/FMLHANDSHAKE]: Received client indexed reply 7 of type net.minecraftforge.network.HandshakeMessages$C2SAcknowledge
[20Aug2026 14:12:23.249] [Netty Server IO #10/DEBUG] [net.minecraftforge.network.HandshakeHandler/FMLHANDSHAKE]: Received acknowledgement from client
[20Aug2026 14:12:23.265] [Netty Server IO #10/DEBUG] [net.minecraftforge.network.LoginWrapper/FMLHANDSHAKE]: Recieved login wrapper packet event for channel fml:handshake with index 8
[20Aug2026 14:12:23.265] [Netty Server IO #10/DEBUG] [net.minecraftforge.network.HandshakeHandler/FMLHANDSHAKE]: Received client indexed reply 8 of type net.minecraftforge.network.HandshakeMessages$C2SAcknowledge
[20Aug2026 14:12:23.265] [Netty Server IO #10/DEBUG] [net.minecraftforge.network.HandshakeHandler/FMLHANDSHAKE]: Received acknowledgement from client
[20Aug2026 14:12:23.284] [Server thread/DEBUG] [net.minecraftforge.network.HandshakeHandler/FMLHANDSHAKE]: Sending ticking packet info 'Registry minecraft:painting_variant' to 'fml:handshake' sequence 9
[20Aug2026 14:12:23.316] [Netty Server IO #10/DEBUG] [net.minecraftforge.network.LoginWrapper/FMLHANDSHAKE]: Recieved login wrapper packet event for channel fml:handshake with index 9
[20Aug2026 14:12:23.316] [Netty Server IO #10/DEBUG] [net.minecraftforge.network.HandshakeHandler/FMLHANDSHAKE]: Received client indexed reply 9 of type net.minecraftforge.network.HandshakeMessages$C2SAcknowledge
[20Aug2026 14:12:23.316] [Netty Server IO #10/DEBUG] [net.minecraftforge.network.HandshakeHandler/FMLHANDSHAKE]: Received acknowledgement from client
[20Aug2026 14:12:23.333] [Server thread/DEBUG] [net.minecraftforge.network.HandshakeHandler/FMLHANDSHAKE]: Sending ticking packet info 'Registry forge:fluid_type' to 'fml:handshake' sequence 10
[20Aug2026 14:12:23.363] [Netty Server IO #10/DEBUG] [net.minecraftforge.network.LoginWrapper/FMLHANDSHAKE]: Recieved login wrapper packet event for channel fml:handshake with index 10
[20Aug2026 14:12:23.363] [Netty Server IO #10/DEBUG] [net.minecraftforge.network.HandshakeHandler/FMLHANDSHAKE]: Received client indexed reply 10 of type net.minecraftforge.network.HandshakeMessages$C2SAcknowledge
[20Aug2026 14:12:23.363] [Netty Server IO #10/DEBUG] [net.minecraftforge.network.HandshakeHandler/FMLHANDSHAKE]: Received acknowledgement from client
[20Aug2026 14:12:23.384] [Server thread/DEBUG] [net.minecraftforge.network.HandshakeHandler/FMLHANDSHAKE]: Sending ticking packet info 'Registry minecraft:block_entity_type' to 'fml:handshake' sequence 11
[20Aug2026 14:12:23.415] [Netty Server IO #10/DEBUG] [net.minecraftforge.network.LoginWrapper/FMLHANDSHAKE]: Recieved login wrapper packet event for channel fml:handshake with index 11
[20Aug2026 14:12:23.415] [Netty Server IO #10/DEBUG] [net.minecraftforge.network.HandshakeHandler/FMLHANDSHAKE]: Received client indexed reply 11 of type net.minecraftforge.network.HandshakeMessages$C2SAcknowledge
[20Aug2026 14:12:23.415] [Netty Server IO #10/DEBUG] [net.minecraftforge.network.HandshakeHandler/FMLHANDSHAKE]: Received acknowledgement from client
[20Aug2026 14:12:23.432] [Server thread/DEBUG] [net.minecraftforge.network.HandshakeHandler/FMLHANDSHAKE]: Sending ticking packet info 'Registry forge:display_contexts' to 'fml:handshake' sequence 12
[20Aug2026 14:12:23.466] [Netty Server IO #10/DEBUG] [net.minecraftforge.network.LoginWrapper/FMLHANDSHAKE]: Recieved login wrapper packet event for channel fml:handshake with index 12
[20Aug2026 14:12:23.466] [Netty Server IO #10/DEBUG] [net.minecraftforge.network.HandshakeHandler/FMLHANDSHAKE]: Received client indexed reply 12 of type net.minecraftforge.network.HandshakeMessages$C2SAcknowledge
[20Aug2026 14:12:23.466] [Netty Server IO #10/DEBUG] [net.minecraftforge.network.HandshakeHandler/FMLHANDSHAKE]: Received acknowledgement from client
[20Aug2026 14:12:23.483] [Server thread/DEBUG] [net.minecraftforge.network.HandshakeHandler/FMLHANDSHAKE]: Sending ticking packet info 'Registry minecraft:block' to 'fml:handshake' sequence 13
[20Aug2026 14:12:23.525] [Netty Server IO #10/DEBUG] [net.minecraftforge.network.LoginWrapper/FMLHANDSHAKE]: Recieved login wrapper packet event for channel fml:handshake with index 13
[20Aug2026 14:12:23.525] [Netty Server IO #10/DEBUG] [net.minecraftforge.network.HandshakeHandler/FMLHANDSHAKE]: Received client indexed reply 13 of type net.minecraftforge.network.HandshakeMessages$C2SAcknowledge
[20Aug2026 14:12:23.525] [Netty Server IO #10/DEBUG] [net.minecraftforge.network.HandshakeHandler/FMLHANDSHAKE]: Received acknowledgement from client
[20Aug2026 14:12:23.533] [Server thread/DEBUG] [net.minecraftforge.network.HandshakeHandler/FMLHANDSHAKE]: Sending ticking packet info 'Registry forge:entity_data_serializers' to 'fml:handshake' sequence 14
[20Aug2026 14:12:23.565] [Netty Server IO #10/DEBUG] [net.minecraftforge.network.LoginWrapper/FMLHANDSHAKE]: Recieved login wrapper packet event for channel fml:handshake with index 14
[20Aug2026 14:12:23.565] [Netty Server IO #10/DEBUG] [net.minecraftforge.network.HandshakeHandler/FMLHANDSHAKE]: Received client indexed reply 14 of type net.minecraftforge.network.HandshakeMessages$C2SAcknowledge
[20Aug2026 14:12:23.565] [Netty Server IO #10/DEBUG] [net.minecraftforge.network.HandshakeHandler/FMLHANDSHAKE]: Received acknowledgement from client
[20Aug2026 14:12:23.584] [Server thread/DEBUG] [net.minecraftforge.network.HandshakeHandler/FMLHANDSHAKE]: Sending ticking packet info 'Registry minecraft:mob_effect' to 'fml:handshake' sequence 15
[20Aug2026 14:12:23.617] [Netty Server IO #10/DEBUG] [net.minecraftforge.network.LoginWrapper/FMLHANDSHAKE]: Recieved login wrapper packet event for channel fml:handshake with index 15
[20Aug2026 14:12:23.618] [Netty Server IO #10/DEBUG] [net.minecraftforge.network.HandshakeHandler/FMLHANDSHAKE]: Received client indexed reply 15 of type net.minecraftforge.network.HandshakeMessages$C2SAcknowledge
[20Aug2026 14:12:23.618] [Netty Server IO #10/DEBUG] [net.minecraftforge.network.HandshakeHandler/FMLHANDSHAKE]: Received acknowledgement from client
[20Aug2026 14:12:23.636] [Server thread/DEBUG] [net.minecraftforge.network.HandshakeHandler/FMLHANDSHAKE]: Sending ticking packet info 'Registry minecraft:stat_type' to 'fml:handshake' sequence 16
[20Aug2026 14:12:23.667] [Netty Server IO #10/DEBUG] [net.minecraftforge.network.LoginWrapper/FMLHANDSHAKE]: Recieved login wrapper packet event for channel fml:handshake with index 16
[20Aug2026 14:12:23.667] [Netty Server IO #10/DEBUG] [net.minecraftforge.network.HandshakeHandler/FMLHANDSHAKE]: Received client indexed reply 16 of type net.minecraftforge.network.HandshakeMessages$C2SAcknowledge
[20Aug2026 14:12:23.667] [Netty Server IO #10/DEBUG] [net.minecraftforge.network.HandshakeHandler/FMLHANDSHAKE]: Received acknowledgement from client
[20Aug2026 14:12:23.686] [Server thread/DEBUG] [net.minecraftforge.network.HandshakeHandler/FMLHANDSHAKE]: Sending ticking packet info 'Registry minecraft:menu' to 'fml:handshake' sequence 17
[20Aug2026 14:12:23.718] [Netty Server IO #10/DEBUG] [net.minecraftforge.network.LoginWrapper/FMLHANDSHAKE]: Recieved login wrapper packet event for channel fml:handshake with index 17
[20Aug2026 14:12:23.718] [Netty Server IO #10/DEBUG] [net.minecraftforge.network.HandshakeHandler/FMLHANDSHAKE]: Received client indexed reply 17 of type net.minecraftforge.network.HandshakeMessages$C2SAcknowledge
[20Aug2026 14:12:23.718] [Netty Server IO #10/DEBUG] [net.minecraftforge.network.HandshakeHandler/FMLHANDSHAKE]: Received acknowledgement from client
[20Aug2026 14:12:23.735] [Server thread/DEBUG] [net.minecraftforge.network.HandshakeHandler/FMLHANDSHAKE]: Sending ticking packet info 'Registry minecraft:enchantment' to 'fml:handshake' sequence 18
[20Aug2026 14:12:23.767] [Netty Server IO #10/DEBUG] [net.minecraftforge.network.LoginWrapper/FMLHANDSHAKE]: Recieved login wrapper packet event for channel fml:handshake with index 18
[20Aug2026 14:12:23.767] [Netty Server IO #10/DEBUG] [net.minecraftforge.network.HandshakeHandler/FMLHANDSHAKE]: Received client indexed reply 18 of type net.minecraftforge.network.HandshakeMessages$C2SAcknowledge
[20Aug2026 14:12:23.767] [Netty Server IO #10/DEBUG] [net.minecraftforge.network.HandshakeHandler/FMLHANDSHAKE]: Received acknowledgement from client
[20Aug2026 14:12:23.785] [Server thread/DEBUG] [net.minecraftforge.network.HandshakeHandler/FMLHANDSHAKE]: Sending ticking packet info 'Registry minecraft:fluid' to 'fml:handshake' sequence 19
[20Aug2026 14:12:23.816] [Netty Server IO #10/DEBUG] [net.minecraftforge.network.LoginWrapper/FMLHANDSHAKE]: Recieved login wrapper packet event for channel fml:handshake with index 19
[20Aug2026 14:12:23.816] [Netty Server IO #10/DEBUG] [net.minecraftforge.network.HandshakeHandler/FMLHANDSHAKE]: Received client indexed reply 19 of type net.minecraftforge.network.HandshakeMessages$C2SAcknowledge
[20Aug2026 14:12:23.816] [Netty Server IO #10/DEBUG] [net.minecraftforge.network.HandshakeHandler/FMLHANDSHAKE]: Received acknowledgement from client
[20Aug2026 14:12:23.832] [Server thread/DEBUG] [net.minecraftforge.network.HandshakeHandler/FMLHANDSHAKE]: Sending ticking packet info 'Registry minecraft:entity_type' to 'fml:handshake' sequence 20
[20Aug2026 14:12:23.883] [Server thread/DEBUG] [net.minecraftforge.network.HandshakeHandler/FMLHANDSHAKE]: Sending ticking packet info 'Config forge-server.toml' to 'fml:handshake' sequence 21
[20Aug2026 14:12:24.210] [Netty Server IO #10/DEBUG] [net.minecraftforge.network.LoginWrapper/FMLHANDSHAKE]: Recieved login wrapper packet event for channel fml:handshake with index 20
[20Aug2026 14:12:24.210] [Netty Server IO #10/DEBUG] [net.minecraftforge.network.HandshakeHandler/FMLHANDSHAKE]: Received client indexed reply 20 of type net.minecraftforge.network.HandshakeMessages$C2SAcknowledge
[20Aug2026 14:12:24.210] [Netty Server IO #10/DEBUG] [net.minecraftforge.network.HandshakeHandler/FMLHANDSHAKE]: Received acknowledgement from client
[20Aug2026 14:12:24.212] [Netty Server IO #10/DEBUG] [net.minecraftforge.network.LoginWrapper/FMLHANDSHAKE]: Recieved login wrapper packet event for channel fml:handshake with index 21
[20Aug2026 14:12:24.212] [Netty Server IO #10/DEBUG] [net.minecraftforge.network.HandshakeHandler/FMLHANDSHAKE]: Received client indexed reply 21 of type net.minecraftforge.network.HandshakeMessages$C2SAcknowledge
[20Aug2026 14:12:24.212] [Netty Server IO #10/DEBUG] [net.minecraftforge.network.HandshakeHandler/FMLHANDSHAKE]: Received acknowledgement from client
[20Aug2026 14:12:24.232] [Server thread/DEBUG] [net.minecraftforge.network.HandshakeHandler/FMLHANDSHAKE]: Handshake complete!
[20Aug2026 14:12:24.307] [Server thread/INFO] [net.minecraft.server.players.PlayerList/]: Moony09_[/192.168.1.6:35539] logged in with entity id 29717 at (-6.5, 106.0, 0.5)
[20Aug2026 14:12:24.307] [Server thread/DEBUG] [net.minecraftforge.network.filters.NetworkFilters/]: Injected net.minecraftforge.network.filters.ForgeConnectionNetworkFilter@66ea94a3 into net.minecraft.network.Connection@747e3157
[20Aug2026 14:12:24.310] [Server thread/INFO] [net.minecraft.server.MinecraftServer/]: Moony09_ joined the game
[20Aug2026 14:12:24.423] [Server thread/INFO] [fallingtrees | Config/]: Sending common config 'fallingtrees:fallingtrees_common' to Moony09_
[20Aug2026 14:12:24.426] [Server thread/DEBUG] [voicechat/]: [voicechat] Setting default state of Moony09_: {disabled=false, disconnected=true, uuid=2c547c5a-4a90-3a57-a572-13aa0e23dd75, name=Moony09_, group=null}
[20Aug2026 14:12:24.470] [Netty Server IO #10/INFO] [fallingtrees | Config/]: Received client config 'fallingtrees:fallingtrees_client' from Moony09_
[20Aug2026 14:12:24.484] [Server thread/INFO] [voicechat/]: [voicechat] Received secret request of Moony09_ (20)
[20Aug2026 14:12:24.485] [Server thread/DEBUG] [voicechat/]: [voicechat] Sending initial states to Moony09_
[20Aug2026 14:12:24.485] [Server thread/DEBUG] [voicechat/]: [voicechat] Synchronizing 0 groups with Moony09_
[20Aug2026 14:12:24.485] [Server thread/DEBUG] [voicechat/]: [voicechat] Synchronizing 1 volume categories with Moony09_
[20Aug2026 14:12:24.485] [Server thread/INFO] [voicechat/]: [voicechat] Sent secret to Moony09_
[20Aug2026 14:14:37.334] [Server thread/WARN] [net.minecraft.server.level.ServerLevel/]: Tried to add entity the_wonderland:angel but it was marked as removed already
[20Aug2026 14:14:59.638] [Server thread/DEBUG] [net.minecraftforge.common.ForgeHooks/WP]: Gathering id map for writing to world save world
[20Aug2026 14:14:59.642] [Server thread/DEBUG] [net.minecraftforge.common.ForgeHooks/WP]: ID Map collection complete world
[20Aug2026 14:17:09.287] [Netty Server IO #12/DEBUG] [net.minecraftforge.network.HandshakeHandler/FMLHANDSHAKE]: Starting new modded impl connection. Found 22 messages to dispatch.
[20Aug2026 14:17:09.585] [Server thread/DEBUG] [net.minecraftforge.network.HandshakeHandler/FMLHANDSHAKE]: Sending ticking packet info 'net.minecraftforge.network.HandshakeMessages$S2CModData' to 'fml:handshake' sequence 0
[20Aug2026 14:17:09.640] [Server thread/DEBUG] [net.minecraftforge.network.HandshakeHandler/FMLHANDSHAKE]: Sending ticking packet info 'net.minecraftforge.network.HandshakeMessages$S2CModList' to 'fml:handshake' sequence 1
[20Aug2026 14:17:09.686] [Server thread/DEBUG] [net.minecraftforge.network.HandshakeHandler/FMLHANDSHAKE]: Sending ticking packet info 'Registry minecraft:command_argument_type' to 'fml:handshake' sequence 2
[20Aug2026 14:17:09.738] [Server thread/DEBUG] [net.minecraftforge.network.HandshakeHandler/FMLHANDSHAKE]: Sending ticking packet info 'Registry minecraft:recipe_serializer' to 'fml:handshake' sequence 3
[20Aug2026 14:17:09.785] [Server thread/DEBUG] [net.minecraftforge.network.HandshakeHandler/FMLHANDSHAKE]: Sending ticking packet info 'Registry minecraft:sound_event' to 'fml:handshake' sequence 4
[20Aug2026 14:17:09.840] [Server thread/DEBUG] [net.minecraftforge.network.HandshakeHandler/FMLHANDSHAKE]: Sending ticking packet info 'Registry minecraft:particle_type' to 'fml:handshake' sequence 5
[20Aug2026 14:17:09.884] [Server thread/DEBUG] [net.minecraftforge.network.HandshakeHandler/FMLHANDSHAKE]: Sending ticking packet info 'Registry minecraft:villager_profession' to 'fml:handshake' sequence 6
[20Aug2026 14:17:09.886] [Netty Server IO #12/DEBUG] [net.minecraftforge.network.LoginWrapper/FMLHANDSHAKE]: Recieved login wrapper packet event for channel fml:handshake with index 1
[20Aug2026 14:17:09.886] [Netty Server IO #12/DEBUG] [net.minecraftforge.network.HandshakeHandler/FMLHANDSHAKE]: Received client indexed reply 1 of type net.minecraftforge.network.HandshakeMessages$C2SModListReply
[20Aug2026 14:17:09.886] [Netty Server IO #12/DEBUG] [net.minecraftforge.network.HandshakeHandler/FMLHANDSHAKE]: Received client connection with modlist [minecraft, voicechat, voicechat_api, libipn, doubledoors, extragore, ambientsounds, mousetweaks, supermartijn642configlib, nochatreports, geckolib, creativecore, cleanswing, trender, kotlinforforge, modelfix, sound_physics_remastered, its_not_real, collective, enhancedvisuals, freecam, entityculling, betterthirdperson, badmobs, inventoryprofilesnext, architectury, fallingtrees, jamlib, pandalib, rightclickharvest, transition, dynamic_fps, chat_heads, the_wonderland, forge, varietree, embeddium, rubidium, oculus, durabilitytooltip, essential, presencefootsteps]
[20Aug2026 14:17:09.886] [Netty Server IO #12/DEBUG] [net.minecraftforge.network.NetworkRegistry/NETREGISTRY]: Channel 'pandalib:config_sync' : Version test of '1' from client : ACCEPTED
[20Aug2026 14:17:09.886] [Netty Server IO #12/DEBUG] [net.minecraftforge.network.NetworkRegistry/NETREGISTRY]: Channel 'architectury:network' : Version test of '1' from client : ACCEPTED
[20Aug2026 14:17:09.886] [Netty Server IO #12/DEBUG] [net.minecraftforge.network.NetworkRegistry/NETREGISTRY]: Channel 'voicechat:secret' : Version test of 'ALLOWVANILLA 💓💓💓' from client : ACCEPTED
[20Aug2026 14:17:09.887] [Netty Server IO #12/DEBUG] [net.minecraftforge.network.NetworkRegistry/NETREGISTRY]: Channel 'voicechat:leave_group' : Version test of 'ALLOWVANILLA 💓💓💓' from client : ACCEPTED
[20Aug2026 14:17:09.887] [Netty Server IO #12/DEBUG] [net.minecraftforge.network.NetworkRegistry/NETREGISTRY]: Channel 'voicechat:create_group' : Version test of 'ALLOWVANILLA 💓💓💓' from client : ACCEPTED
[20Aug2026 14:17:09.887] [Netty Server IO #12/DEBUG] [net.minecraftforge.network.NetworkRegistry/NETREGISTRY]: Channel 'minecraft:unregister' : Version test of 'FML3' from client : ACCEPTED
[20Aug2026 14:17:09.887] [Netty Server IO #12/DEBUG] [net.minecraftforge.network.NetworkRegistry/NETREGISTRY]: Channel 'enhancedvisuals:main' : Version test of '1' from client : ACCEPTED
[20Aug2026 14:17:09.887] [Netty Server IO #12/DEBUG] [net.minecraftforge.network.NetworkRegistry/NETREGISTRY]: Channel 'voicechat:states' : Version test of 'ALLOWVANILLA 💓💓💓' from client : ACCEPTED
[20Aug2026 14:17:09.887] [Netty Server IO #12/DEBUG] [net.minecraftforge.network.NetworkRegistry/NETREGISTRY]: Channel 'voicechat:set_group' : Version test of 'ALLOWVANILLA 💓💓💓' from client : ACCEPTED
[20Aug2026 14:17:09.887] [Netty Server IO #12/DEBUG] [net.minecraftforge.network.NetworkRegistry/NETREGISTRY]: Channel 'voicechat:joined_group' : Version test of 'ALLOWVANILLA 💓💓💓' from client : ACCEPTED
[20Aug2026 14:17:09.887] [Netty Server IO #12/DEBUG] [net.minecraftforge.network.NetworkRegistry/NETREGISTRY]: Channel 'voicechat:update_state' : Version test of 'ALLOWVANILLA 💓💓💓' from client : ACCEPTED
[20Aug2026 14:17:09.887] [Netty Server IO #12/DEBUG] [net.minecraftforge.network.NetworkRegistry/NETREGISTRY]: Channel 'extragore:main' : Version test of '1' from client : ACCEPTED
[20Aug2026 14:17:09.887] [Netty Server IO #12/DEBUG] [net.minecraftforge.network.NetworkRegistry/NETREGISTRY]: Channel 'voicechat:add_group' : Version test of 'ALLOWVANILLA 💓💓💓' from client : ACCEPTED
[20Aug2026 14:17:09.887] [Netty Server IO #12/DEBUG] [net.minecraftforge.network.NetworkRegistry/NETREGISTRY]: Channel 'fml:loginwrapper' : Version test of 'FML3' from client : ACCEPTED
[20Aug2026 14:17:09.887] [Netty Server IO #12/DEBUG] [net.minecraftforge.network.NetworkRegistry/NETREGISTRY]: Channel 'its_not_real:its_not_real' : Version test of '1' from client : ACCEPTED
[20Aug2026 14:17:09.887] [Netty Server IO #12/DEBUG] [net.minecraftforge.network.NetworkRegistry/NETREGISTRY]: Channel 'forge:tier_sorting' : Version test of '1.0' from client : ACCEPTED
[20Aug2026 14:17:09.887] [Netty Server IO #12/DEBUG] [net.minecraftforge.network.NetworkRegistry/NETREGISTRY]: Channel 'supermartijn642configlib:sync_configs' : Version test of '1.1.8' from client : ACCEPTED
[20Aug2026 14:17:09.887] [Netty Server IO #12/DEBUG] [net.minecraftforge.network.NetworkRegistry/NETREGISTRY]: Channel 'the_wonderland:the_wonderland' : Version test of '1' from client : ACCEPTED
[20Aug2026 14:17:09.887] [Netty Server IO #12/DEBUG] [net.minecraftforge.network.NetworkRegistry/NETREGISTRY]: Channel 'fml:play' : Version test of 'FML3' from client : ACCEPTED
[20Aug2026 14:17:09.887] [Netty Server IO #12/DEBUG] [net.minecraftforge.network.NetworkRegistry/NETREGISTRY]: Channel 'creativecore:main' : Version test of '1' from client : ACCEPTED
[20Aug2026 14:17:09.887] [Netty Server IO #12/DEBUG] [net.minecraftforge.network.NetworkRegistry/NETREGISTRY]: Channel 'voicechat:request_secret' : Version test of 'ALLOWVANILLA 💓💓💓' from client : ACCEPTED
[20Aug2026 14:17:09.887] [Netty Server IO #12/DEBUG] [net.minecraftforge.network.NetworkRegistry/NETREGISTRY]: Channel 'fml:handshake' : Version test of 'FML3' from client : ACCEPTED
[20Aug2026 14:17:09.887] [Netty Server IO #12/DEBUG] [net.minecraftforge.network.NetworkRegistry/NETREGISTRY]: Channel 'voicechat:state' : Version test of 'ALLOWVANILLA 💓💓💓' from client : ACCEPTED
[20Aug2026 14:17:09.887] [Netty Server IO #12/DEBUG] [net.minecraftforge.network.NetworkRegistry/NETREGISTRY]: Channel 'voicechat:remove_category' : Version test of 'ALLOWVANILLA 💓💓💓' from client : ACCEPTED
[20Aug2026 14:17:09.887] [Netty Server IO #12/DEBUG] [net.minecraftforge.network.NetworkRegistry/NETREGISTRY]: Channel 'voicechat:remove_group' : Version test of 'ALLOWVANILLA 💓💓💓' from client : ACCEPTED
[20Aug2026 14:17:09.887] [Netty Server IO #12/DEBUG] [net.minecraftforge.network.NetworkRegistry/NETREGISTRY]: Channel 'voicechat:add_category' : Version test of 'ALLOWVANILLA 💓💓💓' from client : ACCEPTED
[20Aug2026 14:17:09.887] [Netty Server IO #12/DEBUG] [net.minecraftforge.network.NetworkRegistry/NETREGISTRY]: Channel 'voicechat:remove_state' : Version test of 'ALLOWVANILLA 💓💓💓' from client : ACCEPTED
[20Aug2026 14:17:09.887] [Netty Server IO #12/DEBUG] [net.minecraftforge.network.NetworkRegistry/NETREGISTRY]: Channel 'minecraft:register' : Version test of 'FML3' from client : ACCEPTED
[20Aug2026 14:17:09.887] [Netty Server IO #12/DEBUG] [net.minecraftforge.network.NetworkRegistry/NETREGISTRY]: Channel 'forge:split' : Version test of '1.1' from client : ACCEPTED
[20Aug2026 14:17:09.887] [Netty Server IO #12/DEBUG] [net.minecraftforge.network.NetworkRegistry/NETREGISTRY]: Channel 'geckolib:main' : Version test of '1' from client : ACCEPTED
[20Aug2026 14:17:09.887] [Netty Server IO #12/DEBUG] [net.minecraftforge.network.NetworkRegistry/NETREGISTRY]: Accepting channel list from client
[20Aug2026 14:17:09.887] [Netty Server IO #12/DEBUG] [net.minecraftforge.network.HandshakeHandler/FMLHANDSHAKE]: Accepted client connection mod list
[20Aug2026 14:17:09.936] [Server thread/DEBUG] [net.minecraftforge.network.HandshakeHandler/FMLHANDSHAKE]: Sending ticking packet info 'Registry minecraft:item' to 'fml:handshake' sequence 7
[20Aug2026 14:17:09.958] [Netty Server IO #12/DEBUG] [net.minecraftforge.network.LoginWrapper/FMLHANDSHAKE]: Recieved login wrapper packet event for channel fml:handshake with index 2
[20Aug2026 14:17:09.958] [Netty Server IO #12/DEBUG] [net.minecraftforge.network.HandshakeHandler/FMLHANDSHAKE]: Received client indexed reply 2 of type net.minecraftforge.network.HandshakeMessages$C2SAcknowledge
[20Aug2026 14:17:09.958] [Netty Server IO #12/DEBUG] [net.minecraftforge.network.HandshakeHandler/FMLHANDSHAKE]: Received acknowledgement from client
[20Aug2026 14:17:09.958] [Netty Server IO #12/DEBUG] [net.minecraftforge.network.LoginWrapper/FMLHANDSHAKE]: Recieved login wrapper packet event for channel fml:handshake with index 3
[20Aug2026 14:17:09.958] [Netty Server IO #12/DEBUG] [net.minecraftforge.network.HandshakeHandler/FMLHANDSHAKE]: Received client indexed reply 3 of type net.minecraftforge.network.HandshakeMessages$C2SAcknowledge
[20Aug2026 14:17:09.958] [Netty Server IO #12/DEBUG] [net.minecraftforge.network.HandshakeHandler/FMLHANDSHAKE]: Received acknowledgement from client
[20Aug2026 14:17:09.986] [Server thread/DEBUG] [net.minecraftforge.network.HandshakeHandler/FMLHANDSHAKE]: Sending ticking packet info 'Registry minecraft:potion' to 'fml:handshake' sequence 8
[20Aug2026 14:17:10.037] [Server thread/DEBUG] [net.minecraftforge.network.HandshakeHandler/FMLHANDSHAKE]: Sending ticking packet info 'Registry minecraft:painting_variant' to 'fml:handshake' sequence 9
[20Aug2026 14:17:10.088] [Server thread/DEBUG] [net.minecraftforge.network.HandshakeHandler/FMLHANDSHAKE]: Sending ticking packet info 'Registry forge:fluid_type' to 'fml:handshake' sequence 10
[20Aug2026 14:17:10.135] [Server thread/DEBUG] [net.minecraftforge.network.HandshakeHandler/FMLHANDSHAKE]: Sending ticking packet info 'Registry minecraft:block_entity_type' to 'fml:handshake' sequence 11
[20Aug2026 14:17:10.186] [Server thread/DEBUG] [net.minecraftforge.network.HandshakeHandler/FMLHANDSHAKE]: Sending ticking packet info 'Registry forge:display_contexts' to 'fml:handshake' sequence 12
[20Aug2026 14:17:10.235] [Server thread/DEBUG] [net.minecraftforge.network.HandshakeHandler/FMLHANDSHAKE]: Sending ticking packet info 'Registry minecraft:block' to 'fml:handshake' sequence 13
[20Aug2026 14:17:10.285] [Server thread/DEBUG] [net.minecraftforge.network.HandshakeHandler/FMLHANDSHAKE]: Sending ticking packet info 'Registry forge:entity_data_serializers' to 'fml:handshake' sequence 14
[20Aug2026 14:17:10.334] [Server thread/DEBUG] [net.minecraftforge.network.HandshakeHandler/FMLHANDSHAKE]: Sending ticking packet info 'Registry minecraft:mob_effect' to 'fml:handshake' sequence 15
[20Aug2026 14:17:10.386] [Server thread/DEBUG] [net.minecraftforge.network.HandshakeHandler/FMLHANDSHAKE]: Sending ticking packet info 'Registry minecraft:stat_type' to 'fml:handshake' sequence 16
[20Aug2026 14:17:10.437] [Server thread/DEBUG] [net.minecraftforge.network.HandshakeHandler/FMLHANDSHAKE]: Sending ticking packet info 'Registry minecraft:menu' to 'fml:handshake' sequence 17
[20Aug2026 14:17:10.486] [Server thread/DEBUG] [net.minecraftforge.network.HandshakeHandler/FMLHANDSHAKE]: Sending ticking packet info 'Registry minecraft:enchantment' to 'fml:handshake' sequence 18
[20Aug2026 14:17:10.494] [Netty Server IO #12/DEBUG] [net.minecraftforge.network.LoginWrapper/FMLHANDSHAKE]: Recieved login wrapper packet event for channel fml:handshake with index 4
[20Aug2026 14:17:10.494] [Netty Server IO #12/DEBUG] [net.minecraftforge.network.HandshakeHandler/FMLHANDSHAKE]: Received client indexed reply 4 of type net.minecraftforge.network.HandshakeMessages$C2SAcknowledge
[20Aug2026 14:17:10.494] [Netty Server IO #12/DEBUG] [net.minecraftforge.network.HandshakeHandler/FMLHANDSHAKE]: Received acknowledgement from client
[20Aug2026 14:17:10.502] [Netty Server IO #12/DEBUG] [net.minecraftforge.network.LoginWrapper/FMLHANDSHAKE]: Recieved login wrapper packet event for channel fml:handshake with index 5
[20Aug2026 14:17:10.502] [Netty Server IO #12/DEBUG] [net.minecraftforge.network.HandshakeHandler/FMLHANDSHAKE]: Received client indexed reply 5 of type net.minecraftforge.network.HandshakeMessages$C2SAcknowledge
[20Aug2026 14:17:10.502] [Netty Server IO #12/DEBUG] [net.minecraftforge.network.HandshakeHandler/FMLHANDSHAKE]: Received acknowledgement from client
[20Aug2026 14:17:10.502] [Netty Server IO #12/DEBUG] [net.minecraftforge.network.LoginWrapper/FMLHANDSHAKE]: Recieved login wrapper packet event for channel fml:handshake with index 6
[20Aug2026 14:17:10.502] [Netty Server IO #12/DEBUG] [net.minecraftforge.network.HandshakeHandler/FMLHANDSHAKE]: Received client indexed reply 6 of type net.minecraftforge.network.HandshakeMessages$C2SAcknowledge
[20Aug2026 14:17:10.502] [Netty Server IO #12/DEBUG] [net.minecraftforge.network.HandshakeHandler/FMLHANDSHAKE]: Received acknowledgement from client
[20Aug2026 14:17:10.535] [Server thread/DEBUG] [net.minecraftforge.network.HandshakeHandler/FMLHANDSHAKE]: Sending ticking packet info 'Registry minecraft:fluid' to 'fml:handshake' sequence 19
[20Aug2026 14:17:10.586] [Server thread/DEBUG] [net.minecraftforge.network.HandshakeHandler/FMLHANDSHAKE]: Sending ticking packet info 'Registry minecraft:entity_type' to 'fml:handshake' sequence 20
[20Aug2026 14:17:10.597] [Netty Server IO #12/DEBUG] [net.minecraftforge.network.LoginWrapper/FMLHANDSHAKE]: Recieved login wrapper packet event for channel fml:handshake with index 7
[20Aug2026 14:17:10.597] [Netty Server IO #12/DEBUG] [net.minecraftforge.network.HandshakeHandler/FMLHANDSHAKE]: Received client indexed reply 7 of type net.minecraftforge.network.HandshakeMessages$C2SAcknowledge
[20Aug2026 14:17:10.597] [Netty Server IO #12/DEBUG] [net.minecraftforge.network.HandshakeHandler/FMLHANDSHAKE]: Received acknowledgement from client
[20Aug2026 14:17:10.597] [Netty Server IO #12/DEBUG] [net.minecraftforge.network.LoginWrapper/FMLHANDSHAKE]: Recieved login wrapper packet event for channel fml:handshake with index 8
[20Aug2026 14:17:10.597] [Netty Server IO #12/DEBUG] [net.minecraftforge.network.HandshakeHandler/FMLHANDSHAKE]: Received client indexed reply 8 of type net.minecraftforge.network.HandshakeMessages$C2SAcknowledge
[20Aug2026 14:17:10.597] [Netty Server IO #12/DEBUG] [net.minecraftforge.network.HandshakeHandler/FMLHANDSHAKE]: Received acknowledgement from client
[20Aug2026 14:17:10.597] [Netty Server IO #12/DEBUG] [net.minecraftforge.network.LoginWrapper/FMLHANDSHAKE]: Recieved login wrapper packet event for channel fml:handshake with index 9
[20Aug2026 14:17:10.597] [Netty Server IO #12/DEBUG] [net.minecraftforge.network.HandshakeHandler/FMLHANDSHAKE]: Received client indexed reply 9 of type net.minecraftforge.network.HandshakeMessages$C2SAcknowledge
[20Aug2026 14:17:10.597] [Netty Server IO #12/DEBUG] [net.minecraftforge.network.HandshakeHandler/FMLHANDSHAKE]: Received acknowledgement from client
[20Aug2026 14:17:10.598] [Netty Server IO #12/DEBUG] [net.minecraftforge.network.LoginWrapper/FMLHANDSHAKE]: Recieved login wrapper packet event for channel fml:handshake with index 10
[20Aug2026 14:17:10.598] [Netty Server IO #12/DEBUG] [net.minecraftforge.network.HandshakeHandler/FMLHANDSHAKE]: Received client indexed reply 10 of type net.minecraftforge.network.HandshakeMessages$C2SAcknowledge
[20Aug2026 14:17:10.598] [Netty Server IO #12/DEBUG] [net.minecraftforge.network.HandshakeHandler/FMLHANDSHAKE]: Received acknowledgement from client
[20Aug2026 14:17:10.598] [Netty Server IO #12/DEBUG] [net.minecraftforge.network.LoginWrapper/FMLHANDSHAKE]: Recieved login wrapper packet event for channel fml:handshake with index 11
[20Aug2026 14:17:10.598] [Netty Server IO #12/DEBUG] [net.minecraftforge.network.HandshakeHandler/FMLHANDSHAKE]: Received client indexed reply 11 of type net.minecraftforge.network.HandshakeMessages$C2SAcknowledge
[20Aug2026 14:17:10.598] [Netty Server IO #12/DEBUG] [net.minecraftforge.network.HandshakeHandler/FMLHANDSHAKE]: Received acknowledgement from client
[20Aug2026 14:17:10.598] [Netty Server IO #12/DEBUG] [net.minecraftforge.network.LoginWrapper/FMLHANDSHAKE]: Recieved login wrapper packet event for channel fml:handshake with index 12
[20Aug2026 14:17:10.598] [Netty Server IO #12/DEBUG] [net.minecraftforge.network.HandshakeHandler/FMLHANDSHAKE]: Received client indexed reply 12 of type net.minecraftforge.network.HandshakeMessages$C2SAcknowledge
[20Aug2026 14:17:10.598] [Netty Server IO #12/DEBUG] [net.minecraftforge.network.HandshakeHandler/FMLHANDSHAKE]: Received acknowledgement from client
[20Aug2026 14:17:10.637] [Server thread/DEBUG] [net.minecraftforge.network.HandshakeHandler/FMLHANDSHAKE]: Sending ticking packet info 'Config forge-server.toml' to 'fml:handshake' sequence 21
[20Aug2026 14:17:10.725] [Netty Server IO #12/DEBUG] [net.minecraftforge.network.LoginWrapper/FMLHANDSHAKE]: Recieved login wrapper packet event for channel fml:handshake with index 13
[20Aug2026 14:17:10.725] [Netty Server IO #12/DEBUG] [net.minecraftforge.network.HandshakeHandler/FMLHANDSHAKE]: Received client indexed reply 13 of type net.minecraftforge.network.HandshakeMessages$C2SAcknowledge
[20Aug2026 14:17:10.725] [Netty Server IO #12/DEBUG] [net.minecraftforge.network.HandshakeHandler/FMLHANDSHAKE]: Received acknowledgement from client
[20Aug2026 14:17:10.725] [Netty Server IO #12/DEBUG] [net.minecraftforge.network.LoginWrapper/FMLHANDSHAKE]: Recieved login wrapper packet event for channel fml:handshake with index 14
[20Aug2026 14:17:10.725] [Netty Server IO #12/DEBUG] [net.minecraftforge.network.HandshakeHandler/FMLHANDSHAKE]: Received client indexed reply 14 of type net.minecraftforge.network.HandshakeMessages$C2SAcknowledge
[20Aug2026 14:17:10.725] [Netty Server IO #12/DEBUG] [net.minecraftforge.network.HandshakeHandler/FMLHANDSHAKE]: Received acknowledgement from client
[20Aug2026 14:17:10.725] [Netty Server IO #12/DEBUG] [net.minecraftforge.network.LoginWrapper/FMLHANDSHAKE]: Recieved login wrapper packet event for channel fml:handshake with index 15
[20Aug2026 14:17:10.725] [Netty Server IO #12/DEBUG] [net.minecraftforge.network.HandshakeHandler/FMLHANDSHAKE]: Received client indexed reply 15 of type net.minecraftforge.network.HandshakeMessages$C2SAcknowledge
[20Aug2026 14:17:10.726] [Netty Server IO #12/DEBUG] [net.minecraftforge.network.HandshakeHandler/FMLHANDSHAKE]: Received acknowledgement from client
[20Aug2026 14:17:10.726] [Netty Server IO #12/DEBUG] [net.minecraftforge.network.LoginWrapper/FMLHANDSHAKE]: Recieved login wrapper packet event for channel fml:handshake with index 16
[20Aug2026 14:17:10.726] [Netty Server IO #12/DEBUG] [net.minecraftforge.network.HandshakeHandler/FMLHANDSHAKE]: Received client indexed reply 16 of type net.minecraftforge.network.HandshakeMessages$C2SAcknowledge
[20Aug2026 14:17:10.726] [Netty Server IO #12/DEBUG] [net.minecraftforge.network.HandshakeHandler/FMLHANDSHAKE]: Received acknowledgement from client
[20Aug2026 14:17:10.726] [Netty Server IO #12/DEBUG] [net.minecraftforge.network.LoginWrapper/FMLHANDSHAKE]: Recieved login wrapper packet event for channel fml:handshake with index 17
[20Aug2026 14:17:10.726] [Netty Server IO #12/DEBUG] [net.minecraftforge.network.HandshakeHandler/FMLHANDSHAKE]: Received client indexed reply 17 of type net.minecraftforge.network.HandshakeMessages$C2SAcknowledge
[20Aug2026 14:17:10.726] [Netty Server IO #12/DEBUG] [net.minecraftforge.network.HandshakeHandler/FMLHANDSHAKE]: Received acknowledgement from client
[20Aug2026 14:17:10.726] [Netty Server IO #12/DEBUG] [net.minecraftforge.network.LoginWrapper/FMLHANDSHAKE]: Recieved login wrapper packet event for channel fml:handshake with index 18
[20Aug2026 14:17:10.726] [Netty Server IO #12/DEBUG] [net.minecraftforge.network.HandshakeHandler/FMLHANDSHAKE]: Received client indexed reply 18 of type net.minecraftforge.network.HandshakeMessages$C2SAcknowledge
[20Aug2026 14:17:10.726] [Netty Server IO #12/DEBUG] [net.minecraftforge.network.HandshakeHandler/FMLHANDSHAKE]: Received acknowledgement from client
[20Aug2026 14:17:10.778] [Netty Server IO #12/DEBUG] [net.minecraftforge.network.LoginWrapper/FMLHANDSHAKE]: Recieved login wrapper packet event for channel fml:handshake with index 19
[20Aug2026 14:17:10.778] [Netty Server IO #12/DEBUG] [net.minecraftforge.network.HandshakeHandler/FMLHANDSHAKE]: Received client indexed reply 19 of type net.minecraftforge.network.HandshakeMessages$C2SAcknowledge
[20Aug2026 14:17:10.778] [Netty Server IO #12/DEBUG] [net.minecraftforge.network.HandshakeHandler/FMLHANDSHAKE]: Received acknowledgement from client
[20Aug2026 14:17:11.557] [Netty Server IO #12/DEBUG] [net.minecraftforge.network.LoginWrapper/FMLHANDSHAKE]: Recieved login wrapper packet event for channel fml:handshake with index 20
[20Aug2026 14:17:11.557] [Netty Server IO #12/DEBUG] [net.minecraftforge.network.HandshakeHandler/FMLHANDSHAKE]: Received client indexed reply 20 of type net.minecraftforge.network.HandshakeMessages$C2SAcknowledge
[20Aug2026 14:17:11.557] [Netty Server IO #12/DEBUG] [net.minecraftforge.network.HandshakeHandler/FMLHANDSHAKE]: Received acknowledgement from client
[20Aug2026 14:17:11.565] [Netty Server IO #12/DEBUG] [net.minecraftforge.network.LoginWrapper/FMLHANDSHAKE]: Recieved login wrapper packet event for channel fml:handshake with index 21
[20Aug2026 14:17:11.565] [Netty Server IO #12/DEBUG] [net.minecraftforge.network.HandshakeHandler/FMLHANDSHAKE]: Received client indexed reply 21 of type net.minecraftforge.network.HandshakeMessages$C2SAcknowledge
[20Aug2026 14:17:11.565] [Netty Server IO #12/DEBUG] [net.minecraftforge.network.HandshakeHandler/FMLHANDSHAKE]: Received acknowledgement from client
[20Aug2026 14:17:11.587] [Server thread/DEBUG] [net.minecraftforge.network.HandshakeHandler/FMLHANDSHAKE]: Handshake complete!
[20Aug2026 14:17:11.661] [Server thread/INFO] [net.minecraft.server.players.PlayerList/]: sadkewa[/192.168.1.6:35690] logged in with entity id 97814 at (3.5, 90.0, -6.5)
[20Aug2026 14:17:11.661] [Server thread/DEBUG] [net.minecraftforge.network.filters.NetworkFilters/]: Injected net.minecraftforge.network.filters.ForgeConnectionNetworkFilter@123e2d6a into net.minecraft.network.Connection@3efe577f
[20Aug2026 14:17:11.664] [Server thread/INFO] [net.minecraft.server.MinecraftServer/]: sadkewa joined the game
[20Aug2026 14:17:11.699] [Server thread/INFO] [fallingtrees | Config/]: Sending common config 'fallingtrees:fallingtrees_common' to sadkewa
[20Aug2026 14:17:11.700] [Server thread/DEBUG] [voicechat/]: [voicechat] Setting default state of sadkewa: {disabled=false, disconnected=true, uuid=c95ba5d9-f943-3fde-bceb-bc7fb8e3daa9, name=sadkewa, group=null}
[20Aug2026 14:17:13.464] [Netty Server IO #12/INFO] [fallingtrees | Config/]: Received client config 'fallingtrees:fallingtrees_client' from sadkewa
[20Aug2026 14:17:13.491] [Server thread/INFO] [voicechat/]: [voicechat] Received secret request of sadkewa (20)
[20Aug2026 14:17:13.491] [Server thread/DEBUG] [voicechat/]: [voicechat] Sending initial states to sadkewa
[20Aug2026 14:17:13.491] [Server thread/DEBUG] [voicechat/]: [voicechat] Synchronizing 0 groups with sadkewa
[20Aug2026 14:17:13.491] [Server thread/DEBUG] [voicechat/]: [voicechat] Synchronizing 1 volume categories with sadkewa
[20Aug2026 14:17:13.492] [Server thread/INFO] [voicechat/]: [voicechat] Sent secret to sadkewa
[20Aug2026 14:17:30.261] [Server thread/WARN] [net.minecraft.server.level.ServerPlayerGameMode/]: Mismatch in destroy block pos: BlockPos{x=0, y=0, z=0} BlockPos{x=4, y=89, z=0}
[20Aug2026 14:17:44.648] [Server thread/INFO] [net.minecraft.server.MinecraftServer/]: [Shinzgami: Teleported Moony09_ to Shinzgami]
[20Aug2026 14:17:50.015] [Server thread/INFO] [net.minecraft.server.MinecraftServer/]: [Shinzgami: Teleported sadkewa to Shinzgami]
[20Aug2026 14:18:23.846] [Netty Server IO #13/DEBUG] [net.minecraftforge.network.HandshakeHandler/FMLHANDSHAKE]: Starting new modded impl connection. Found 22 messages to dispatch.
[20Aug2026 14:18:24.136] [Server thread/DEBUG] [net.minecraftforge.network.HandshakeHandler/FMLHANDSHAKE]: Sending ticking packet info 'net.minecraftforge.network.HandshakeMessages$S2CModData' to 'fml:handshake' sequence 0
[20Aug2026 14:18:24.186] [Server thread/DEBUG] [net.minecraftforge.network.HandshakeHandler/FMLHANDSHAKE]: Sending ticking packet info 'net.minecraftforge.network.HandshakeMessages$S2CModList' to 'fml:handshake' sequence 1
[20Aug2026 14:18:24.236] [Server thread/DEBUG] [net.minecraftforge.network.HandshakeHandler/FMLHANDSHAKE]: Sending ticking packet info 'Registry minecraft:command_argument_type' to 'fml:handshake' sequence 2
[20Aug2026 14:18:24.288] [Server thread/DEBUG] [net.minecraftforge.network.HandshakeHandler/FMLHANDSHAKE]: Sending ticking packet info 'Registry minecraft:recipe_serializer' to 'fml:handshake' sequence 3
[20Aug2026 14:18:24.338] [Server thread/DEBUG] [net.minecraftforge.network.HandshakeHandler/FMLHANDSHAKE]: Sending ticking packet info 'Registry minecraft:sound_event' to 'fml:handshake' sequence 4
[20Aug2026 14:18:24.389] [Server thread/DEBUG] [net.minecraftforge.network.HandshakeHandler/FMLHANDSHAKE]: Sending ticking packet info 'Registry minecraft:particle_type' to 'fml:handshake' sequence 5
[20Aug2026 14:18:24.434] [Netty Server IO #13/DEBUG] [net.minecraftforge.network.LoginWrapper/FMLHANDSHAKE]: Recieved login wrapper packet event for channel fml:handshake with index 1
[20Aug2026 14:18:24.435] [Netty Server IO #13/DEBUG] [net.minecraftforge.network.HandshakeHandler/FMLHANDSHAKE]: Received client indexed reply 1 of type net.minecraftforge.network.HandshakeMessages$C2SModListReply
[20Aug2026 14:18:24.435] [Netty Server IO #13/DEBUG] [net.minecraftforge.network.HandshakeHandler/FMLHANDSHAKE]: Received client connection with modlist [minecraft, voicechat, voicechat_api, doubledoors, extragore, ambientsounds, supermartijn642configlib, nochatreports, geckolib, creativecore, cleanswing, trender, modelfix, sound_physics_remastered, its_not_real, collective, enhancedvisuals, entityculling, betterthirdperson, badmobs, architectury, fallingtrees, jamlib, pandalib, rightclickharvest, transition, chat_heads, the_wonderland, forge, varietree, embeddium, rubidium, oculus, durabilitytooltip, essential, presencefootsteps]
[20Aug2026 14:18:24.435] [Netty Server IO #13/DEBUG] [net.minecraftforge.network.NetworkRegistry/NETREGISTRY]: Channel 'pandalib:config_sync' : Version test of '1' from client : ACCEPTED
[20Aug2026 14:18:24.435] [Netty Server IO #13/DEBUG] [net.minecraftforge.network.NetworkRegistry/NETREGISTRY]: Channel 'architectury:network' : Version test of '1' from client : ACCEPTED
[20Aug2026 14:18:24.435] [Netty Server IO #13/DEBUG] [net.minecraftforge.network.NetworkRegistry/NETREGISTRY]: Channel 'voicechat:secret' : Version test of 'ALLOWVANILLA 💓💓💓' from client : ACCEPTED
[20Aug2026 14:18:24.435] [Netty Server IO #13/DEBUG] [net.minecraftforge.network.NetworkRegistry/NETREGISTRY]: Channel 'voicechat:leave_group' : Version test of 'ALLOWVANILLA 💓💓💓' from client : ACCEPTED
[20Aug2026 14:18:24.436] [Netty Server IO #13/DEBUG] [net.minecraftforge.network.NetworkRegistry/NETREGISTRY]: Channel 'voicechat:create_group' : Version test of 'ALLOWVANILLA 💓💓💓' from client : ACCEPTED
[20Aug2026 14:18:24.436] [Netty Server IO #13/DEBUG] [net.minecraftforge.network.NetworkRegistry/NETREGISTRY]: Channel 'minecraft:unregister' : Version test of 'FML3' from client : ACCEPTED
[20Aug2026 14:18:24.436] [Netty Server IO #13/DEBUG] [net.minecraftforge.network.NetworkRegistry/NETREGISTRY]: Channel 'enhancedvisuals:main' : Version test of '1' from client : ACCEPTED
[20Aug2026 14:18:24.436] [Netty Server IO #13/DEBUG] [net.minecraftforge.network.NetworkRegistry/NETREGISTRY]: Channel 'voicechat:states' : Version test of 'ALLOWVANILLA 💓💓💓' from client : ACCEPTED
[20Aug2026 14:18:24.436] [Netty Server IO #13/DEBUG] [net.minecraftforge.network.NetworkRegistry/NETREGISTRY]: Channel 'voicechat:set_group' : Version test of 'ALLOWVANILLA 💓💓💓' from client : ACCEPTED
[20Aug2026 14:18:24.436] [Netty Server IO #13/DEBUG] [net.minecraftforge.network.NetworkRegistry/NETREGISTRY]: Channel 'voicechat:joined_group' : Version test of 'ALLOWVANILLA 💓💓💓' from client : ACCEPTED
[20Aug2026 14:18:24.436] [Netty Server IO #13/DEBUG] [net.minecraftforge.network.NetworkRegistry/NETREGISTRY]: Channel 'voicechat:update_state' : Version test of 'ALLOWVANILLA 💓💓💓' from client : ACCEPTED
[20Aug2026 14:18:24.436] [Netty Server IO #13/DEBUG] [net.minecraftforge.network.NetworkRegistry/NETREGISTRY]: Channel 'extragore:main' : Version test of '1' from client : ACCEPTED
[20Aug2026 14:18:24.436] [Netty Server IO #13/DEBUG] [net.minecraftforge.network.NetworkRegistry/NETREGISTRY]: Channel 'voicechat:add_group' : Version test of 'ALLOWVANILLA 💓💓💓' from client : ACCEPTED
[20Aug2026 14:18:24.436] [Netty Server IO #13/DEBUG] [net.minecraftforge.network.NetworkRegistry/NETREGISTRY]: Channel 'fml:loginwrapper' : Version test of 'FML3' from client : ACCEPTED
[20Aug2026 14:18:24.436] [Netty Server IO #13/DEBUG] [net.minecraftforge.network.NetworkRegistry/NETREGISTRY]: Channel 'its_not_real:its_not_real' : Version test of '1' from client : ACCEPTED
[20Aug2026 14:18:24.436] [Netty Server IO #13/DEBUG] [net.minecraftforge.network.NetworkRegistry/NETREGISTRY]: Channel 'forge:tier_sorting' : Version test of '1.0' from client : ACCEPTED
[20Aug2026 14:18:24.436] [Netty Server IO #13/DEBUG] [net.minecraftforge.network.NetworkRegistry/NETREGISTRY]: Channel 'supermartijn642configlib:sync_configs' : Version test of '1.1.8' from client : ACCEPTED
[20Aug2026 14:18:24.436] [Netty Server IO #13/DEBUG] [net.minecraftforge.network.NetworkRegistry/NETREGISTRY]: Channel 'the_wonderland:the_wonderland' : Version test of '1' from client : ACCEPTED
[20Aug2026 14:18:24.436] [Netty Server IO #13/DEBUG] [net.minecraftforge.network.NetworkRegistry/NETREGISTRY]: Channel 'fml:play' : Version test of 'FML3' from client : ACCEPTED
[20Aug2026 14:18:24.436] [Netty Server IO #13/DEBUG] [net.minecraftforge.network.NetworkRegistry/NETREGISTRY]: Channel 'creativecore:main' : Version test of '1' from client : ACCEPTED
[20Aug2026 14:18:24.436] [Netty Server IO #13/DEBUG] [net.minecraftforge.network.NetworkRegistry/NETREGISTRY]: Channel 'voicechat:request_secret' : Version test of 'ALLOWVANILLA 💓💓💓' from client : ACCEPTED
[20Aug2026 14:18:24.436] [Netty Server IO #13/DEBUG] [net.minecraftforge.network.NetworkRegistry/NETREGISTRY]: Channel 'fml:handshake' : Version test of 'FML3' from client : ACCEPTED
[20Aug2026 14:18:24.436] [Netty Server IO #13/DEBUG] [net.minecraftforge.network.NetworkRegistry/NETREGISTRY]: Channel 'voicechat:state' : Version test of 'ALLOWVANILLA 💓💓💓' from client : ACCEPTED
[20Aug2026 14:18:24.436] [Netty Server IO #13/DEBUG] [net.minecraftforge.network.NetworkRegistry/NETREGISTRY]: Channel 'voicechat:remove_category' : Version test of 'ALLOWVANILLA 💓💓💓' from client : ACCEPTED
[20Aug2026 14:18:24.436] [Netty Server IO #13/DEBUG] [net.minecraftforge.network.NetworkRegistry/NETREGISTRY]: Channel 'voicechat:remove_group' : Version test of 'ALLOWVANILLA 💓💓💓' from client : ACCEPTED
[20Aug2026 14:18:24.436] [Netty Server IO #13/DEBUG] [net.minecraftforge.network.NetworkRegistry/NETREGISTRY]: Channel 'voicechat:add_category' : Version test of 'ALLOWVANILLA 💓💓💓' from client : ACCEPTED
[20Aug2026 14:18:24.436] [Netty Server IO #13/DEBUG] [net.minecraftforge.network.NetworkRegistry/NETREGISTRY]: Channel 'voicechat:remove_state' : Version test of 'ALLOWVANILLA 💓💓💓' from client : ACCEPTED
[20Aug2026 14:18:24.436] [Netty Server IO #13/DEBUG] [net.minecraftforge.network.NetworkRegistry/NETREGISTRY]: Channel 'minecraft:register' : Version test of 'FML3' from client : ACCEPTED
[20Aug2026 14:18:24.436] [Netty Server IO #13/DEBUG] [net.minecraftforge.network.NetworkRegistry/NETREGISTRY]: Channel 'forge:split' : Version test of '1.1' from client : ACCEPTED
[20Aug2026 14:18:24.436] [Netty Server IO #13/DEBUG] [net.minecraftforge.network.NetworkRegistry/NETREGISTRY]: Channel 'geckolib:main' : Version test of '1' from client : ACCEPTED
[20Aug2026 14:18:24.436] [Netty Server IO #13/DEBUG] [net.minecraftforge.network.NetworkRegistry/NETREGISTRY]: Accepting channel list from client
[20Aug2026 14:18:24.436] [Netty Server IO #13/DEBUG] [net.minecraftforge.network.HandshakeHandler/FMLHANDSHAKE]: Accepted client connection mod list
[20Aug2026 14:18:24.439] [Server thread/DEBUG] [net.minecraftforge.network.HandshakeHandler/FMLHANDSHAKE]: Sending ticking packet info 'Registry minecraft:villager_profession' to 'fml:handshake' sequence 6
[20Aug2026 14:18:24.481] [Netty Server IO #13/DEBUG] [net.minecraftforge.network.LoginWrapper/FMLHANDSHAKE]: Recieved login wrapper packet event for channel fml:handshake with index 2
[20Aug2026 14:18:24.481] [Netty Server IO #13/DEBUG] [net.minecraftforge.network.HandshakeHandler/FMLHANDSHAKE]: Received client indexed reply 2 of type net.minecraftforge.network.HandshakeMessages$C2SAcknowledge
[20Aug2026 14:18:24.481] [Netty Server IO #13/DEBUG] [net.minecraftforge.network.HandshakeHandler/FMLHANDSHAKE]: Received acknowledgement from client
[20Aug2026 14:18:24.486] [Server thread/DEBUG] [net.minecraftforge.network.HandshakeHandler/FMLHANDSHAKE]: Sending ticking packet info 'Registry minecraft:item' to 'fml:handshake' sequence 7
[20Aug2026 14:18:24.525] [Netty Server IO #13/DEBUG] [net.minecraftforge.network.LoginWrapper/FMLHANDSHAKE]: Recieved login wrapper packet event for channel fml:handshake with index 3
[20Aug2026 14:18:24.526] [Netty Server IO #13/DEBUG] [net.minecraftforge.network.HandshakeHandler/FMLHANDSHAKE]: Received client indexed reply 3 of type net.minecraftforge.network.HandshakeMessages$C2SAcknowledge
[20Aug2026 14:18:24.526] [Netty Server IO #13/DEBUG] [net.minecraftforge.network.HandshakeHandler/FMLHANDSHAKE]: Received acknowledgement from client
[20Aug2026 14:18:24.537] [Server thread/DEBUG] [net.minecraftforge.network.HandshakeHandler/FMLHANDSHAKE]: Sending ticking packet info 'Registry minecraft:potion' to 'fml:handshake' sequence 8
[20Aug2026 14:18:24.588] [Server thread/DEBUG] [net.minecraftforge.network.HandshakeHandler/FMLHANDSHAKE]: Sending ticking packet info 'Registry minecraft:painting_variant' to 'fml:handshake' sequence 9
[20Aug2026 14:18:24.636] [Server thread/DEBUG] [net.minecraftforge.network.HandshakeHandler/FMLHANDSHAKE]: Sending ticking packet info 'Registry forge:fluid_type' to 'fml:handshake' sequence 10
[20Aug2026 14:18:24.685] [Server thread/DEBUG] [net.minecraftforge.network.HandshakeHandler/FMLHANDSHAKE]: Sending ticking packet info 'Registry minecraft:block_entity_type' to 'fml:handshake' sequence 11
[20Aug2026 14:18:24.735] [Server thread/DEBUG] [net.minecraftforge.network.HandshakeHandler/FMLHANDSHAKE]: Sending ticking packet info 'Registry forge:display_contexts' to 'fml:handshake' sequence 12
[20Aug2026 14:18:24.785] [Server thread/DEBUG] [net.minecraftforge.network.HandshakeHandler/FMLHANDSHAKE]: Sending ticking packet info 'Registry minecraft:block' to 'fml:handshake' sequence 13
[20Aug2026 14:18:24.835] [Server thread/DEBUG] [net.minecraftforge.network.HandshakeHandler/FMLHANDSHAKE]: Sending ticking packet info 'Registry forge:entity_data_serializers' to 'fml:handshake' sequence 14
[20Aug2026 14:18:24.888] [Server thread/DEBUG] [net.minecraftforge.network.HandshakeHandler/FMLHANDSHAKE]: Sending ticking packet info 'Registry minecraft:mob_effect' to 'fml:handshake' sequence 15
[20Aug2026 14:18:24.938] [Server thread/DEBUG] [net.minecraftforge.network.HandshakeHandler/FMLHANDSHAKE]: Sending ticking packet info 'Registry minecraft:stat_type' to 'fml:handshake' sequence 16
[20Aug2026 14:18:24.984] [Server thread/DEBUG] [net.minecraftforge.network.HandshakeHandler/FMLHANDSHAKE]: Sending ticking packet info 'Registry minecraft:menu' to 'fml:handshake' sequence 17
[20Aug2026 14:18:25.038] [Server thread/DEBUG] [net.minecraftforge.network.HandshakeHandler/FMLHANDSHAKE]: Sending ticking packet info 'Registry minecraft:enchantment' to 'fml:handshake' sequence 18
[20Aug2026 14:18:25.067] [Netty Server IO #13/DEBUG] [net.minecraftforge.network.LoginWrapper/FMLHANDSHAKE]: Recieved login wrapper packet event for channel fml:handshake with index 4
[20Aug2026 14:18:25.067] [Netty Server IO #13/DEBUG] [net.minecraftforge.network.HandshakeHandler/FMLHANDSHAKE]: Received client indexed reply 4 of type net.minecraftforge.network.HandshakeMessages$C2SAcknowledge
[20Aug2026 14:18:25.067] [Netty Server IO #13/DEBUG] [net.minecraftforge.network.HandshakeHandler/FMLHANDSHAKE]: Received acknowledgement from client
[20Aug2026 14:18:25.067] [Netty Server IO #13/DEBUG] [net.minecraftforge.network.LoginWrapper/FMLHANDSHAKE]: Recieved login wrapper packet event for channel fml:handshake with index 5
[20Aug2026 14:18:25.067] [Netty Server IO #13/DEBUG] [net.minecraftforge.network.HandshakeHandler/FMLHANDSHAKE]: Received client indexed reply 5 of type net.minecraftforge.network.HandshakeMessages$C2SAcknowledge
[20Aug2026 14:18:25.067] [Netty Server IO #13/DEBUG] [net.minecraftforge.network.HandshakeHandler/FMLHANDSHAKE]: Received acknowledgement from client
[20Aug2026 14:18:25.070] [Netty Server IO #13/DEBUG] [net.minecraftforge.network.LoginWrapper/FMLHANDSHAKE]: Recieved login wrapper packet event for channel fml:handshake with index 6
[20Aug2026 14:18:25.070] [Netty Server IO #13/DEBUG] [net.minecraftforge.network.HandshakeHandler/FMLHANDSHAKE]: Received client indexed reply 6 of type net.minecraftforge.network.HandshakeMessages$C2SAcknowledge
[20Aug2026 14:18:25.070] [Netty Server IO #13/DEBUG] [net.minecraftforge.network.HandshakeHandler/FMLHANDSHAKE]: Received acknowledgement from client
[20Aug2026 14:18:25.089] [Server thread/DEBUG] [net.minecraftforge.network.HandshakeHandler/FMLHANDSHAKE]: Sending ticking packet info 'Registry minecraft:fluid' to 'fml:handshake' sequence 19
[20Aug2026 14:18:25.137] [Server thread/DEBUG] [net.minecraftforge.network.HandshakeHandler/FMLHANDSHAKE]: Sending ticking packet info 'Registry minecraft:entity_type' to 'fml:handshake' sequence 20
[20Aug2026 14:18:25.187] [Server thread/DEBUG] [net.minecraftforge.network.HandshakeHandler/FMLHANDSHAKE]: Sending ticking packet info 'Config forge-server.toml' to 'fml:handshake' sequence 21
[20Aug2026 14:18:25.298] [Netty Server IO #13/DEBUG] [net.minecraftforge.network.LoginWrapper/FMLHANDSHAKE]: Recieved login wrapper packet event for channel fml:handshake with index 7
[20Aug2026 14:18:25.298] [Netty Server IO #13/DEBUG] [net.minecraftforge.network.HandshakeHandler/FMLHANDSHAKE]: Received client indexed reply 7 of type net.minecraftforge.network.HandshakeMessages$C2SAcknowledge
[20Aug2026 14:18:25.298] [Netty Server IO #13/DEBUG] [net.minecraftforge.network.HandshakeHandler/FMLHANDSHAKE]: Received acknowledgement from client
[20Aug2026 14:18:25.300] [Netty Server IO #13/DEBUG] [net.minecraftforge.network.LoginWrapper/FMLHANDSHAKE]: Recieved login wrapper packet event for channel fml:handshake with index 8
[20Aug2026 14:18:25.300] [Netty Server IO #13/DEBUG] [net.minecraftforge.network.HandshakeHandler/FMLHANDSHAKE]: Received client indexed reply 8 of type net.minecraftforge.network.HandshakeMessages$C2SAcknowledge
[20Aug2026 14:18:25.300] [Netty Server IO #13/DEBUG] [net.minecraftforge.network.HandshakeHandler/FMLHANDSHAKE]: Received acknowledgement from client
[20Aug2026 14:18:25.302] [Netty Server IO #13/DEBUG] [net.minecraftforge.network.LoginWrapper/FMLHANDSHAKE]: Recieved login wrapper packet event for channel fml:handshake with index 9
[20Aug2026 14:18:25.302] [Netty Server IO #13/DEBUG] [net.minecraftforge.network.HandshakeHandler/FMLHANDSHAKE]: Received client indexed reply 9 of type net.minecraftforge.network.HandshakeMessages$C2SAcknowledge
[20Aug2026 14:18:25.302] [Netty Server IO #13/DEBUG] [net.minecraftforge.network.HandshakeHandler/FMLHANDSHAKE]: Received acknowledgement from client
[20Aug2026 14:18:25.302] [Netty Server IO #13/DEBUG] [net.minecraftforge.network.LoginWrapper/FMLHANDSHAKE]: Recieved login wrapper packet event for channel fml:handshake with index 10
[20Aug2026 14:18:25.302] [Netty Server IO #13/DEBUG] [net.minecraftforge.network.HandshakeHandler/FMLHANDSHAKE]: Received client indexed reply 10 of type net.minecraftforge.network.HandshakeMessages$C2SAcknowledge
[20Aug2026 14:18:25.302] [Netty Server IO #13/DEBUG] [net.minecraftforge.network.HandshakeHandler/FMLHANDSHAKE]: Received acknowledgement from client
[20Aug2026 14:18:25.304] [Netty Server IO #13/DEBUG] [net.minecraftforge.network.LoginWrapper/FMLHANDSHAKE]: Recieved login wrapper packet event for channel fml:handshake with index 11
[20Aug2026 14:18:25.304] [Netty Server IO #13/DEBUG] [net.minecraftforge.network.HandshakeHandler/FMLHANDSHAKE]: Received client indexed reply 11 of type net.minecraftforge.network.HandshakeMessages$C2SAcknowledge
[20Aug2026 14:18:25.304] [Netty Server IO #13/DEBUG] [net.minecraftforge.network.HandshakeHandler/FMLHANDSHAKE]: Received acknowledgement from client
[20Aug2026 14:18:25.304] [Netty Server IO #13/DEBUG] [net.minecraftforge.network.LoginWrapper/FMLHANDSHAKE]: Recieved login wrapper packet event for channel fml:handshake with index 12
[20Aug2026 14:18:25.304] [Netty Server IO #13/DEBUG] [net.minecraftforge.network.HandshakeHandler/FMLHANDSHAKE]: Received client indexed reply 12 of type net.minecraftforge.network.HandshakeMessages$C2SAcknowledge
[20Aug2026 14:18:25.304] [Netty Server IO #13/DEBUG] [net.minecraftforge.network.HandshakeHandler/FMLHANDSHAKE]: Received acknowledgement from client
[20Aug2026 14:18:25.525] [Netty Server IO #13/DEBUG] [net.minecraftforge.network.LoginWrapper/FMLHANDSHAKE]: Recieved login wrapper packet event for channel fml:handshake with index 13
[20Aug2026 14:18:25.525] [Netty Server IO #13/DEBUG] [net.minecraftforge.network.HandshakeHandler/FMLHANDSHAKE]: Received client indexed reply 13 of type net.minecraftforge.network.HandshakeMessages$C2SAcknowledge
[20Aug2026 14:18:25.525] [Netty Server IO #13/DEBUG] [net.minecraftforge.network.HandshakeHandler/FMLHANDSHAKE]: Received acknowledgement from client
[20Aug2026 14:18:25.528] [Netty Server IO #13/DEBUG] [net.minecraftforge.network.LoginWrapper/FMLHANDSHAKE]: Recieved login wrapper packet event for channel fml:handshake with index 14
[20Aug2026 14:18:25.528] [Netty Server IO #13/DEBUG] [net.minecraftforge.network.HandshakeHandler/FMLHANDSHAKE]: Received client indexed reply 14 of type net.minecraftforge.network.HandshakeMessages$C2SAcknowledge
[20Aug2026 14:18:25.528] [Netty Server IO #13/DEBUG] [net.minecraftforge.network.HandshakeHandler/FMLHANDSHAKE]: Received acknowledgement from client
[20Aug2026 14:18:25.528] [Netty Server IO #13/DEBUG] [net.minecraftforge.network.LoginWrapper/FMLHANDSHAKE]: Recieved login wrapper packet event for channel fml:handshake with index 15
[20Aug2026 14:18:25.528] [Netty Server IO #13/DEBUG] [net.minecraftforge.network.HandshakeHandler/FMLHANDSHAKE]: Received client indexed reply 15 of type net.minecraftforge.network.HandshakeMessages$C2SAcknowledge
[20Aug2026 14:18:25.528] [Netty Server IO #13/DEBUG] [net.minecraftforge.network.HandshakeHandler/FMLHANDSHAKE]: Received acknowledgement from client
[20Aug2026 14:18:25.528] [Netty Server IO #13/DEBUG] [net.minecraftforge.network.LoginWrapper/FMLHANDSHAKE]: Recieved login wrapper packet event for channel fml:handshake with index 16
[20Aug2026 14:18:25.528] [Netty Server IO #13/DEBUG] [net.minecraftforge.network.HandshakeHandler/FMLHANDSHAKE]: Received client indexed reply 16 of type net.minecraftforge.network.HandshakeMessages$C2SAcknowledge
[20Aug2026 14:18:25.528] [Netty Server IO #13/DEBUG] [net.minecraftforge.network.HandshakeHandler/FMLHANDSHAKE]: Received acknowledgement from client
[20Aug2026 14:18:25.529] [Netty Server IO #13/DEBUG] [net.minecraftforge.network.LoginWrapper/FMLHANDSHAKE]: Recieved login wrapper packet event for channel fml:handshake with index 17
[20Aug2026 14:18:25.529] [Netty Server IO #13/DEBUG] [net.minecraftforge.network.HandshakeHandler/FMLHANDSHAKE]: Received client indexed reply 17 of type net.minecraftforge.network.HandshakeMessages$C2SAcknowledge
[20Aug2026 14:18:25.529] [Netty Server IO #13/DEBUG] [net.minecraftforge.network.HandshakeHandler/FMLHANDSHAKE]: Received acknowledgement from client
[20Aug2026 14:18:25.530] [Netty Server IO #13/DEBUG] [net.minecraftforge.network.LoginWrapper/FMLHANDSHAKE]: Recieved login wrapper packet event for channel fml:handshake with index 18
[20Aug2026 14:18:25.530] [Netty Server IO #13/DEBUG] [net.minecraftforge.network.HandshakeHandler/FMLHANDSHAKE]: Received client indexed reply 18 of type net.minecraftforge.network.HandshakeMessages$C2SAcknowledge
[20Aug2026 14:18:25.530] [Netty Server IO #13/DEBUG] [net.minecraftforge.network.HandshakeHandler/FMLHANDSHAKE]: Received acknowledgement from client
[20Aug2026 14:18:25.530] [Netty Server IO #13/DEBUG] [net.minecraftforge.network.LoginWrapper/FMLHANDSHAKE]: Recieved login wrapper packet event for channel fml:handshake with index 19
[20Aug2026 14:18:25.530] [Netty Server IO #13/DEBUG] [net.minecraftforge.network.HandshakeHandler/FMLHANDSHAKE]: Received client indexed reply 19 of type net.minecraftforge.network.HandshakeMessages$C2SAcknowledge
[20Aug2026 14:18:25.530] [Netty Server IO #13/DEBUG] [net.minecraftforge.network.HandshakeHandler/FMLHANDSHAKE]: Received acknowledgement from client
[20Aug2026 14:18:25.857] [Netty Server IO #13/DEBUG] [net.minecraftforge.network.LoginWrapper/FMLHANDSHAKE]: Recieved login wrapper packet event for channel fml:handshake with index 20
[20Aug2026 14:18:25.857] [Netty Server IO #13/DEBUG] [net.minecraftforge.network.HandshakeHandler/FMLHANDSHAKE]: Received client indexed reply 20 of type net.minecraftforge.network.HandshakeMessages$C2SAcknowledge
[20Aug2026 14:18:25.857] [Netty Server IO #13/DEBUG] [net.minecraftforge.network.HandshakeHandler/FMLHANDSHAKE]: Received acknowledgement from client
[20Aug2026 14:18:25.857] [Netty Server IO #13/DEBUG] [net.minecraftforge.network.LoginWrapper/FMLHANDSHAKE]: Recieved login wrapper packet event for channel fml:handshake with index 21
[20Aug2026 14:18:25.857] [Netty Server IO #13/DEBUG] [net.minecraftforge.network.HandshakeHandler/FMLHANDSHAKE]: Received client indexed reply 21 of type net.minecraftforge.network.HandshakeMessages$C2SAcknowledge
[20Aug2026 14:18:25.857] [Netty Server IO #13/DEBUG] [net.minecraftforge.network.HandshakeHandler/FMLHANDSHAKE]: Received acknowledgement from client
[20Aug2026 14:18:25.887] [Server thread/DEBUG] [net.minecraftforge.network.HandshakeHandler/FMLHANDSHAKE]: Handshake complete!
[20Aug2026 14:18:25.976] [Server thread/INFO] [net.minecraft.server.players.PlayerList/]: sarah[/192.168.1.6:35714] logged in with entity id 116770 at (10.5, 97.0, 1.5)
[20Aug2026 14:18:25.979] [Server thread/DEBUG] [net.minecraftforge.network.filters.NetworkFilters/]: Injected net.minecraftforge.network.filters.ForgeConnectionNetworkFilter@a29a8b7 into net.minecraft.network.Connection@5715d79
[20Aug2026 14:18:25.983] [Server thread/INFO] [net.minecraft.server.MinecraftServer/]: sarah joined the game
[20Aug2026 14:18:26.050] [Server thread/INFO] [fallingtrees | Config/]: Sending common config 'fallingtrees:fallingtrees_common' to sarah
[20Aug2026 14:18:26.052] [Server thread/DEBUG] [voicechat/]: [voicechat] Setting default state of sarah: {disabled=false, disconnected=true, uuid=3ccf5268-e1fc-3cba-9fee-34a34e8d05d9, name=sarah, group=null}
[20Aug2026 14:18:26.302] [Netty Server IO #13/INFO] [fallingtrees | Config/]: Received client config 'fallingtrees:fallingtrees_client' from sarah
[20Aug2026 14:18:26.303] [Server thread/INFO] [voicechat/]: [voicechat] Received secret request of sarah (20)
[20Aug2026 14:18:26.305] [Server thread/DEBUG] [voicechat/]: [voicechat] Sending initial states to sarah
[20Aug2026 14:18:26.305] [Server thread/DEBUG] [voicechat/]: [voicechat] Synchronizing 0 groups with sarah
[20Aug2026 14:18:26.305] [Server thread/DEBUG] [voicechat/]: [voicechat] Synchronizing 1 volume categories with sarah
[20Aug2026 14:18:26.305] [Server thread/INFO] [voicechat/]: [voicechat] Sent secret to sarah
[20Aug2026 14:18:40.071] [Server thread/INFO] [net.minecraft.server.MinecraftServer/]: <sarah> uhh
[20Aug2026 14:18:42.338] [Server thread/INFO] [net.minecraft.server.MinecraftServer/]: <sarah> CAN YOU TP ME
[20Aug2026 14:18:50.536] [Server thread/INFO] [net.minecraft.server.MinecraftServer/]: <sarah> UH OH
[20Aug2026 14:18:52.163] [Server thread/INFO] [net.minecraft.server.MinecraftServer/]: [Shinzgami: Teleported sarah to Shinzgami]
[20Aug2026 14:19:17.786] [Server thread/INFO] [net.minecraft.server.MinecraftServer/]: <sarah> IM SUPER LAGGY
[20Aug2026 14:19:27.383] [Server thread/INFO] [net.minecraft.server.MinecraftServer/]: <sarah> OH SORRY FOX
[20Aug2026 14:19:33.417] [Server thread/INFO] [net.minecraft.server.MinecraftServer/]: <sadkewa> same for me
[20Aug2026 14:19:59.653] [Server thread/DEBUG] [net.minecraftforge.common.ForgeHooks/WP]: Gathering id map for writing to world save world
[20Aug2026 14:19:59.659] [Server thread/DEBUG] [net.minecraftforge.common.ForgeHooks/WP]: ID Map collection complete world
[20Aug2026 14:20:05.722] [Netty Server IO #15/DEBUG] [net.minecraftforge.network.HandshakeHandler/FMLHANDSHAKE]: Starting new modded impl connection. Found 22 messages to dispatch.
[20Aug2026 14:20:05.994] [Server thread/DEBUG] [net.minecraftforge.network.HandshakeHandler/FMLHANDSHAKE]: Sending ticking packet info 'net.minecraftforge.network.HandshakeMessages$S2CModData' to 'fml:handshake' sequence 0
[20Aug2026 14:20:06.046] [Server thread/DEBUG] [net.minecraftforge.network.HandshakeHandler/FMLHANDSHAKE]: Sending ticking packet info 'net.minecraftforge.network.HandshakeMessages$S2CModList' to 'fml:handshake' sequence 1
[20Aug2026 14:20:06.083] [Server thread/DEBUG] [net.minecraftforge.network.HandshakeHandler/FMLHANDSHAKE]: Sending ticking packet info 'Registry minecraft:command_argument_type' to 'fml:handshake' sequence 2
[20Aug2026 14:20:06.135] [Server thread/DEBUG] [net.minecraftforge.network.HandshakeHandler/FMLHANDSHAKE]: Sending ticking packet info 'Registry minecraft:recipe_serializer' to 'fml:handshake' sequence 3
[20Aug2026 14:20:06.185] [Server thread/DEBUG] [net.minecraftforge.network.HandshakeHandler/FMLHANDSHAKE]: Sending ticking packet info 'Registry minecraft:sound_event' to 'fml:handshake' sequence 4
[20Aug2026 14:20:06.233] [Server thread/DEBUG] [net.minecraftforge.network.HandshakeHandler/FMLHANDSHAKE]: Sending ticking packet info 'Registry minecraft:particle_type' to 'fml:handshake' sequence 5
[20Aug2026 14:20:06.284] [Server thread/DEBUG] [net.minecraftforge.network.HandshakeHandler/FMLHANDSHAKE]: Sending ticking packet info 'Registry minecraft:villager_profession' to 'fml:handshake' sequence 6
[20Aug2026 14:20:06.284] [Netty Server IO #15/DEBUG] [net.minecraftforge.network.LoginWrapper/FMLHANDSHAKE]: Recieved login wrapper packet event for channel fml:handshake with index 1
[20Aug2026 14:20:06.284] [Netty Server IO #15/DEBUG] [net.minecraftforge.network.HandshakeHandler/FMLHANDSHAKE]: Received client indexed reply 1 of type net.minecraftforge.network.HandshakeMessages$C2SModListReply
[20Aug2026 14:20:06.284] [Netty Server IO #15/DEBUG] [net.minecraftforge.network.HandshakeHandler/FMLHANDSHAKE]: Received client connection with modlist [minecraft, voicechat, voicechat_api, doubledoors, extragore, ambientsounds, supermartijn642configlib, nochatreports, geckolib, creativecore, cleanswing, trender, modelfix, sound_physics_remastered, its_not_real, collective, enhancedvisuals, entityculling, betterthirdperson, badmobs, architectury, fallingtrees, jamlib, pandalib, rightclickharvest, transition, chat_heads, the_wonderland, forge, varietree, embeddium, rubidium, oculus, durabilitytooltip, essential, presencefootsteps]
[20Aug2026 14:20:06.284] [Netty Server IO #15/DEBUG] [net.minecraftforge.network.NetworkRegistry/NETREGISTRY]: Channel 'pandalib:config_sync' : Version test of '1' from client : ACCEPTED
[20Aug2026 14:20:06.284] [Netty Server IO #15/DEBUG] [net.minecraftforge.network.NetworkRegistry/NETREGISTRY]: Channel 'architectury:network' : Version test of '1' from client : ACCEPTED
[20Aug2026 14:20:06.284] [Netty Server IO #15/DEBUG] [net.minecraftforge.network.NetworkRegistry/NETREGISTRY]: Channel 'voicechat:secret' : Version test of 'ALLOWVANILLA 💓💓💓' from client : ACCEPTED
[20Aug2026 14:20:06.284] [Netty Server IO #15/DEBUG] [net.minecraftforge.network.NetworkRegistry/NETREGISTRY]: Channel 'voicechat:leave_group' : Version test of 'ALLOWVANILLA 💓💓💓' from client : ACCEPTED
[20Aug2026 14:20:06.284] [Netty Server IO #15/DEBUG] [net.minecraftforge.network.NetworkRegistry/NETREGISTRY]: Channel 'voicechat:create_group' : Version test of 'ALLOWVANILLA 💓💓💓' from client : ACCEPTED
[20Aug2026 14:20:06.284] [Netty Server IO #15/DEBUG] [net.minecraftforge.network.NetworkRegistry/NETREGISTRY]: Channel 'minecraft:unregister' : Version test of 'FML3' from client : ACCEPTED
[20Aug2026 14:20:06.284] [Netty Server IO #15/DEBUG] [net.minecraftforge.network.NetworkRegistry/NETREGISTRY]: Channel 'enhancedvisuals:main' : Version test of '1' from client : ACCEPTED
[20Aug2026 14:20:06.284] [Netty Server IO #15/DEBUG] [net.minecraftforge.network.NetworkRegistry/NETREGISTRY]: Channel 'voicechat:states' : Version test of 'ALLOWVANILLA 💓💓💓' from client : ACCEPTED
[20Aug2026 14:20:06.284] [Netty Server IO #15/DEBUG] [net.minecraftforge.network.NetworkRegistry/NETREGISTRY]: Channel 'voicechat:set_group' : Version test of 'ALLOWVANILLA 💓💓💓' from client : ACCEPTED
[20Aug2026 14:20:06.284] [Netty Server IO #15/DEBUG] [net.minecraftforge.network.NetworkRegistry/NETREGISTRY]: Channel 'voicechat:joined_group' : Version test of 'ALLOWVANILLA 💓💓💓' from client : ACCEPTED
[20Aug2026 14:20:06.284] [Netty Server IO #15/DEBUG] [net.minecraftforge.network.NetworkRegistry/NETREGISTRY]: Channel 'voicechat:update_state' : Version test of 'ALLOWVANILLA 💓💓💓' from client : ACCEPTED
[20Aug2026 14:20:06.284] [Netty Server IO #15/DEBUG] [net.minecraftforge.network.NetworkRegistry/NETREGISTRY]: Channel 'extragore:main' : Version test of '1' from client : ACCEPTED
[20Aug2026 14:20:06.284] [Netty Server IO #15/DEBUG] [net.minecraftforge.network.NetworkRegistry/NETREGISTRY]: Channel 'voicechat:add_group' : Version test of 'ALLOWVANILLA 💓💓💓' from client : ACCEPTED
[20Aug2026 14:20:06.286] [Netty Server IO #15/DEBUG] [net.minecraftforge.network.NetworkRegistry/NETREGISTRY]: Channel 'fml:loginwrapper' : Version test of 'FML3' from client : ACCEPTED
[20Aug2026 14:20:06.286] [Netty Server IO #15/DEBUG] [net.minecraftforge.network.NetworkRegistry/NETREGISTRY]: Channel 'its_not_real:its_not_real' : Version test of '1' from client : ACCEPTED
[20Aug2026 14:20:06.286] [Netty Server IO #15/DEBUG] [net.minecraftforge.network.NetworkRegistry/NETREGISTRY]: Channel 'forge:tier_sorting' : Version test of '1.0' from client : ACCEPTED
[20Aug2026 14:20:06.286] [Netty Server IO #15/DEBUG] [net.minecraftforge.network.NetworkRegistry/NETREGISTRY]: Channel 'supermartijn642configlib:sync_configs' : Version test of '1.1.8' from client : ACCEPTED
[20Aug2026 14:20:06.286] [Netty Server IO #15/DEBUG] [net.minecraftforge.network.NetworkRegistry/NETREGISTRY]: Channel 'the_wonderland:the_wonderland' : Version test of '1' from client : ACCEPTED
[20Aug2026 14:20:06.286] [Netty Server IO #15/DEBUG] [net.minecraftforge.network.NetworkRegistry/NETREGISTRY]: Channel 'fml:play' : Version test of 'FML3' from client : ACCEPTED
[20Aug2026 14:20:06.286] [Netty Server IO #15/DEBUG] [net.minecraftforge.network.NetworkRegistry/NETREGISTRY]: Channel 'creativecore:main' : Version test of '1' from client : ACCEPTED
[20Aug2026 14:20:06.286] [Netty Server IO #15/DEBUG] [net.minecraftforge.network.NetworkRegistry/NETREGISTRY]: Channel 'voicechat:request_secret' : Version test of 'ALLOWVANILLA 💓💓💓' from client : ACCEPTED
[20Aug2026 14:20:06.286] [Netty Server IO #15/DEBUG] [net.minecraftforge.network.NetworkRegistry/NETREGISTRY]: Channel 'fml:handshake' : Version test of 'FML3' from client : ACCEPTED
[20Aug2026 14:20:06.286] [Netty Server IO #15/DEBUG] [net.minecraftforge.network.NetworkRegistry/NETREGISTRY]: Channel 'voicechat:state' : Version test of 'ALLOWVANILLA 💓💓💓' from client : ACCEPTED
[20Aug2026 14:20:06.286] [Netty Server IO #15/DEBUG] [net.minecraftforge.network.NetworkRegistry/NETREGISTRY]: Channel 'voicechat:remove_category' : Version test of 'ALLOWVANILLA 💓💓💓' from client : ACCEPTED
[20Aug2026 14:20:06.286] [Netty Server IO #15/DEBUG] [net.minecraftforge.network.NetworkRegistry/NETREGISTRY]: Channel 'voicechat:remove_group' : Version test of 'ALLOWVANILLA 💓💓💓' from client : ACCEPTED
[20Aug2026 14:20:06.286] [Netty Server IO #15/DEBUG] [net.minecraftforge.network.NetworkRegistry/NETREGISTRY]: Channel 'voicechat:add_category' : Version test of 'ALLOWVANILLA 💓💓💓' from client : ACCEPTED
[20Aug2026 14:20:06.286] [Netty Server IO #15/DEBUG] [net.minecraftforge.network.NetworkRegistry/NETREGISTRY]: Channel 'voicechat:remove_state' : Version test of 'ALLOWVANILLA 💓💓💓' from client : ACCEPTED
[20Aug2026 14:20:06.286] [Netty Server IO #15/DEBUG] [net.minecraftforge.network.NetworkRegistry/NETREGISTRY]: Channel 'minecraft:register' : Version test of 'FML3' from client : ACCEPTED
[20Aug2026 14:20:06.286] [Netty Server IO #15/DEBUG] [net.minecraftforge.network.NetworkRegistry/NETREGISTRY]: Channel 'forge:split' : Version test of '1.1' from client : ACCEPTED
[20Aug2026 14:20:06.286] [Netty Server IO #15/DEBUG] [net.minecraftforge.network.NetworkRegistry/NETREGISTRY]: Channel 'geckolib:main' : Version test of '1' from client : ACCEPTED
[20Aug2026 14:20:06.286] [Netty Server IO #15/DEBUG] [net.minecraftforge.network.NetworkRegistry/NETREGISTRY]: Accepting channel list from client
[20Aug2026 14:20:06.286] [Netty Server IO #15/DEBUG] [net.minecraftforge.network.HandshakeHandler/FMLHANDSHAKE]: Accepted client connection mod list
[20Aug2026 14:20:06.328] [Netty Server IO #15/DEBUG] [net.minecraftforge.network.LoginWrapper/FMLHANDSHAKE]: Recieved login wrapper packet event for channel fml:handshake with index 2
[20Aug2026 14:20:06.329] [Netty Server IO #15/DEBUG] [net.minecraftforge.network.HandshakeHandler/FMLHANDSHAKE]: Received client indexed reply 2 of type net.minecraftforge.network.HandshakeMessages$C2SAcknowledge
[20Aug2026 14:20:06.329] [Netty Server IO #15/DEBUG] [net.minecraftforge.network.HandshakeHandler/FMLHANDSHAKE]: Received acknowledgement from client
[20Aug2026 14:20:06.334] [Server thread/DEBUG] [net.minecraftforge.network.HandshakeHandler/FMLHANDSHAKE]: Sending ticking packet info 'Registry minecraft:item' to 'fml:handshake' sequence 7
[20Aug2026 14:20:06.376] [Netty Server IO #15/DEBUG] [net.minecraftforge.network.LoginWrapper/FMLHANDSHAKE]: Recieved login wrapper packet event for channel fml:handshake with index 3
[20Aug2026 14:20:06.376] [Netty Server IO #15/DEBUG] [net.minecraftforge.network.HandshakeHandler/FMLHANDSHAKE]: Received client indexed reply 3 of type net.minecraftforge.network.HandshakeMessages$C2SAcknowledge
[20Aug2026 14:20:06.376] [Netty Server IO #15/DEBUG] [net.minecraftforge.network.HandshakeHandler/FMLHANDSHAKE]: Received acknowledgement from client
[20Aug2026 14:20:06.384] [Server thread/DEBUG] [net.minecraftforge.network.HandshakeHandler/FMLHANDSHAKE]: Sending ticking packet info 'Registry minecraft:potion' to 'fml:handshake' sequence 8
[20Aug2026 14:20:06.439] [Server thread/DEBUG] [net.minecraftforge.network.HandshakeHandler/FMLHANDSHAKE]: Sending ticking packet info 'Registry minecraft:painting_variant' to 'fml:handshake' sequence 9
[20Aug2026 14:20:06.484] [Server thread/DEBUG] [net.minecraftforge.network.HandshakeHandler/FMLHANDSHAKE]: Sending ticking packet info 'Registry forge:fluid_type' to 'fml:handshake' sequence 10
[20Aug2026 14:20:06.535] [Server thread/DEBUG] [net.minecraftforge.network.HandshakeHandler/FMLHANDSHAKE]: Sending ticking packet info 'Registry minecraft:block_entity_type' to 'fml:handshake' sequence 11
[20Aug2026 14:20:06.584] [Server thread/DEBUG] [net.minecraftforge.network.HandshakeHandler/FMLHANDSHAKE]: Sending ticking packet info 'Registry forge:display_contexts' to 'fml:handshake' sequence 12
[20Aug2026 14:20:06.633] [Server thread/DEBUG] [net.minecraftforge.network.HandshakeHandler/FMLHANDSHAKE]: Sending ticking packet info 'Registry minecraft:block' to 'fml:handshake' sequence 13
[20Aug2026 14:20:06.684] [Server thread/DEBUG] [net.minecraftforge.network.HandshakeHandler/FMLHANDSHAKE]: Sending ticking packet info 'Registry forge:entity_data_serializers' to 'fml:handshake' sequence 14
[20Aug2026 14:20:06.736] [Server thread/DEBUG] [net.minecraftforge.network.HandshakeHandler/FMLHANDSHAKE]: Sending ticking packet info 'Registry minecraft:mob_effect' to 'fml:handshake' sequence 15
[20Aug2026 14:20:06.785] [Server thread/DEBUG] [net.minecraftforge.network.HandshakeHandler/FMLHANDSHAKE]: Sending ticking packet info 'Registry minecraft:stat_type' to 'fml:handshake' sequence 16
[20Aug2026 14:20:06.838] [Server thread/DEBUG] [net.minecraftforge.network.HandshakeHandler/FMLHANDSHAKE]: Sending ticking packet info 'Registry minecraft:menu' to 'fml:handshake' sequence 17
[20Aug2026 14:20:06.856] [Netty Server IO #15/DEBUG] [net.minecraftforge.network.LoginWrapper/FMLHANDSHAKE]: Recieved login wrapper packet event for channel fml:handshake with index 4
[20Aug2026 14:20:06.856] [Netty Server IO #15/DEBUG] [net.minecraftforge.network.HandshakeHandler/FMLHANDSHAKE]: Received client indexed reply 4 of type net.minecraftforge.network.HandshakeMessages$C2SAcknowledge
[20Aug2026 14:20:06.856] [Netty Server IO #15/DEBUG] [net.minecraftforge.network.HandshakeHandler/FMLHANDSHAKE]: Received acknowledgement from client
[20Aug2026 14:20:06.856] [Netty Server IO #15/DEBUG] [net.minecraftforge.network.LoginWrapper/FMLHANDSHAKE]: Recieved login wrapper packet event for channel fml:handshake with index 5
[20Aug2026 14:20:06.856] [Netty Server IO #15/DEBUG] [net.minecraftforge.network.HandshakeHandler/FMLHANDSHAKE]: Received client indexed reply 5 of type net.minecraftforge.network.HandshakeMessages$C2SAcknowledge
[20Aug2026 14:20:06.856] [Netty Server IO #15/DEBUG] [net.minecraftforge.network.HandshakeHandler/FMLHANDSHAKE]: Received acknowledgement from client
[20Aug2026 14:20:06.866] [Netty Server IO #15/DEBUG] [net.minecraftforge.network.LoginWrapper/FMLHANDSHAKE]: Recieved login wrapper packet event for channel fml:handshake with index 6
[20Aug2026 14:20:06.866] [Netty Server IO #15/DEBUG] [net.minecraftforge.network.HandshakeHandler/FMLHANDSHAKE]: Received client indexed reply 6 of type net.minecraftforge.network.HandshakeMessages$C2SAcknowledge
[20Aug2026 14:20:06.866] [Netty Server IO #15/DEBUG] [net.minecraftforge.network.HandshakeHandler/FMLHANDSHAKE]: Received acknowledgement from client
[20Aug2026 14:20:06.884] [Server thread/DEBUG] [net.minecraftforge.network.HandshakeHandler/FMLHANDSHAKE]: Sending ticking packet info 'Registry minecraft:enchantment' to 'fml:handshake' sequence 18
[20Aug2026 14:20:06.936] [Server thread/DEBUG] [net.minecraftforge.network.HandshakeHandler/FMLHANDSHAKE]: Sending ticking packet info 'Registry minecraft:fluid' to 'fml:handshake' sequence 19
[20Aug2026 14:20:06.944] [Netty Server IO #15/DEBUG] [net.minecraftforge.network.LoginWrapper/FMLHANDSHAKE]: Recieved login wrapper packet event for channel fml:handshake with index 7
[20Aug2026 14:20:06.944] [Netty Server IO #15/DEBUG] [net.minecraftforge.network.HandshakeHandler/FMLHANDSHAKE]: Received client indexed reply 7 of type net.minecraftforge.network.HandshakeMessages$C2SAcknowledge
[20Aug2026 14:20:06.944] [Netty Server IO #15/DEBUG] [net.minecraftforge.network.HandshakeHandler/FMLHANDSHAKE]: Received acknowledgement from client
[20Aug2026 14:20:06.944] [Netty Server IO #15/DEBUG] [net.minecraftforge.network.LoginWrapper/FMLHANDSHAKE]: Recieved login wrapper packet event for channel fml:handshake with index 8
[20Aug2026 14:20:06.944] [Netty Server IO #15/DEBUG] [net.minecraftforge.network.HandshakeHandler/FMLHANDSHAKE]: Received client indexed reply 8 of type net.minecraftforge.network.HandshakeMessages$C2SAcknowledge
[20Aug2026 14:20:06.944] [Netty Server IO #15/DEBUG] [net.minecraftforge.network.HandshakeHandler/FMLHANDSHAKE]: Received acknowledgement from client
[20Aug2026 14:20:06.944] [Netty Server IO #15/DEBUG] [net.minecraftforge.network.LoginWrapper/FMLHANDSHAKE]: Recieved login wrapper packet event for channel fml:handshake with index 9
[20Aug2026 14:20:06.944] [Netty Server IO #15/DEBUG] [net.minecraftforge.network.HandshakeHandler/FMLHANDSHAKE]: Received client indexed reply 9 of type net.minecraftforge.network.HandshakeMessages$C2SAcknowledge
[20Aug2026 14:20:06.944] [Netty Server IO #15/DEBUG] [net.minecraftforge.network.HandshakeHandler/FMLHANDSHAKE]: Received acknowledgement from client
[20Aug2026 14:20:06.949] [Netty Server IO #15/DEBUG] [net.minecraftforge.network.LoginWrapper/FMLHANDSHAKE]: Recieved login wrapper packet event for channel fml:handshake with index 10
[20Aug2026 14:20:06.949] [Netty Server IO #15/DEBUG] [net.minecraftforge.network.HandshakeHandler/FMLHANDSHAKE]: Received client indexed reply 10 of type net.minecraftforge.network.HandshakeMessages$C2SAcknowledge
[20Aug2026 14:20:06.949] [Netty Server IO #15/DEBUG] [net.minecraftforge.network.HandshakeHandler/FMLHANDSHAKE]: Received acknowledgement from client
[20Aug2026 14:20:06.949] [Netty Server IO #15/DEBUG] [net.minecraftforge.network.LoginWrapper/FMLHANDSHAKE]: Recieved login wrapper packet event for channel fml:handshake with index 11
[20Aug2026 14:20:06.949] [Netty Server IO #15/DEBUG] [net.minecraftforge.network.HandshakeHandler/FMLHANDSHAKE]: Received client indexed reply 11 of type net.minecraftforge.network.HandshakeMessages$C2SAcknowledge
[20Aug2026 14:20:06.949] [Netty Server IO #15/DEBUG] [net.minecraftforge.network.HandshakeHandler/FMLHANDSHAKE]: Received acknowledgement from client
[20Aug2026 14:20:06.949] [Netty Server IO #15/DEBUG] [net.minecraftforge.network.LoginWrapper/FMLHANDSHAKE]: Recieved login wrapper packet event for channel fml:handshake with index 12
[20Aug2026 14:20:06.949] [Netty Server IO #15/DEBUG] [net.minecraftforge.network.HandshakeHandler/FMLHANDSHAKE]: Received client indexed reply 12 of type net.minecraftforge.network.HandshakeMessages$C2SAcknowledge
[20Aug2026 14:20:06.949] [Netty Server IO #15/DEBUG] [net.minecraftforge.network.HandshakeHandler/FMLHANDSHAKE]: Received acknowledgement from client
[20Aug2026 14:20:06.986] [Server thread/DEBUG] [net.minecraftforge.network.HandshakeHandler/FMLHANDSHAKE]: Sending ticking packet info 'Registry minecraft:entity_type' to 'fml:handshake' sequence 20
[20Aug2026 14:20:07.036] [Server thread/DEBUG] [net.minecraftforge.network.HandshakeHandler/FMLHANDSHAKE]: Sending ticking packet info 'Config forge-server.toml' to 'fml:handshake' sequence 21
[20Aug2026 14:20:07.076] [Netty Server IO #15/DEBUG] [net.minecraftforge.network.LoginWrapper/FMLHANDSHAKE]: Recieved login wrapper packet event for channel fml:handshake with index 13
[20Aug2026 14:20:07.076] [Netty Server IO #15/DEBUG] [net.minecraftforge.network.HandshakeHandler/FMLHANDSHAKE]: Received client indexed reply 13 of type net.minecraftforge.network.HandshakeMessages$C2SAcknowledge
[20Aug2026 14:20:07.076] [Netty Server IO #15/DEBUG] [net.minecraftforge.network.HandshakeHandler/FMLHANDSHAKE]: Received acknowledgement from client
[20Aug2026 14:20:07.081] [Netty Server IO #15/DEBUG] [net.minecraftforge.network.LoginWrapper/FMLHANDSHAKE]: Recieved login wrapper packet event for channel fml:handshake with index 14
[20Aug2026 14:20:07.081] [Netty Server IO #15/DEBUG] [net.minecraftforge.network.HandshakeHandler/FMLHANDSHAKE]: Received client indexed reply 14 of type net.minecraftforge.network.HandshakeMessages$C2SAcknowledge
[20Aug2026 14:20:07.081] [Netty Server IO #15/DEBUG] [net.minecraftforge.network.HandshakeHandler/FMLHANDSHAKE]: Received acknowledgement from client
[20Aug2026 14:20:07.081] [Netty Server IO #15/DEBUG] [net.minecraftforge.network.LoginWrapper/FMLHANDSHAKE]: Recieved login wrapper packet event for channel fml:handshake with index 15
[20Aug2026 14:20:07.081] [Netty Server IO #15/DEBUG] [net.minecraftforge.network.HandshakeHandler/FMLHANDSHAKE]: Received client indexed reply 15 of type net.minecraftforge.network.HandshakeMessages$C2SAcknowledge
[20Aug2026 14:20:07.081] [Netty Server IO #15/DEBUG] [net.minecraftforge.network.HandshakeHandler/FMLHANDSHAKE]: Received acknowledgement from client
[20Aug2026 14:20:07.081] [Netty Server IO #15/DEBUG] [net.minecraftforge.network.LoginWrapper/FMLHANDSHAKE]: Recieved login wrapper packet event for channel fml:handshake with index 16
[20Aug2026 14:20:07.081] [Netty Server IO #15/DEBUG] [net.minecraftforge.network.HandshakeHandler/FMLHANDSHAKE]: Received client indexed reply 16 of type net.minecraftforge.network.HandshakeMessages$C2SAcknowledge
[20Aug2026 14:20:07.081] [Netty Server IO #15/DEBUG] [net.minecraftforge.network.HandshakeHandler/FMLHANDSHAKE]: Received acknowledgement from client
[20Aug2026 14:20:07.081] [Netty Server IO #15/DEBUG] [net.minecraftforge.network.LoginWrapper/FMLHANDSHAKE]: Recieved login wrapper packet event for channel fml:handshake with index 17
[20Aug2026 14:20:07.081] [Netty Server IO #15/DEBUG] [net.minecraftforge.network.HandshakeHandler/FMLHANDSHAKE]: Received client indexed reply 17 of type net.minecraftforge.network.HandshakeMessages$C2SAcknowledge
[20Aug2026 14:20:07.082] [Netty Server IO #15/DEBUG] [net.minecraftforge.network.HandshakeHandler/FMLHANDSHAKE]: Received acknowledgement from client
[20Aug2026 14:20:07.106] [Netty Server IO #15/DEBUG] [net.minecraftforge.network.LoginWrapper/FMLHANDSHAKE]: Recieved login wrapper packet event for channel fml:handshake with index 18
[20Aug2026 14:20:07.106] [Netty Server IO #15/DEBUG] [net.minecraftforge.network.HandshakeHandler/FMLHANDSHAKE]: Received client indexed reply 18 of type net.minecraftforge.network.HandshakeMessages$C2SAcknowledge
[20Aug2026 14:20:07.106] [Netty Server IO #15/DEBUG] [net.minecraftforge.network.HandshakeHandler/FMLHANDSHAKE]: Received acknowledgement from client
[20Aug2026 14:20:07.164] [Netty Server IO #15/DEBUG] [net.minecraftforge.network.LoginWrapper/FMLHANDSHAKE]: Recieved login wrapper packet event for channel fml:handshake with index 19
[20Aug2026 14:20:07.164] [Netty Server IO #15/DEBUG] [net.minecraftforge.network.HandshakeHandler/FMLHANDSHAKE]: Received client indexed reply 19 of type net.minecraftforge.network.HandshakeMessages$C2SAcknowledge
[20Aug2026 14:20:07.164] [Netty Server IO #15/DEBUG] [net.minecraftforge.network.HandshakeHandler/FMLHANDSHAKE]: Received acknowledgement from client
[20Aug2026 14:20:07.911] [Netty Server IO #15/DEBUG] [net.minecraftforge.network.LoginWrapper/FMLHANDSHAKE]: Recieved login wrapper packet event for channel fml:handshake with index 20
[20Aug2026 14:20:07.911] [Netty Server IO #15/DEBUG] [net.minecraftforge.network.HandshakeHandler/FMLHANDSHAKE]: Received client indexed reply 20 of type net.minecraftforge.network.HandshakeMessages$C2SAcknowledge
[20Aug2026 14:20:07.911] [Netty Server IO #15/DEBUG] [net.minecraftforge.network.HandshakeHandler/FMLHANDSHAKE]: Received acknowledgement from client
[20Aug2026 14:20:07.911] [Netty Server IO #15/DEBUG] [net.minecraftforge.network.LoginWrapper/FMLHANDSHAKE]: Recieved login wrapper packet event for channel fml:handshake with index 21
[20Aug2026 14:20:07.911] [Netty Server IO #15/DEBUG] [net.minecraftforge.network.HandshakeHandler/FMLHANDSHAKE]: Received client indexed reply 21 of type net.minecraftforge.network.HandshakeMessages$C2SAcknowledge
[20Aug2026 14:20:07.911] [Netty Server IO #15/DEBUG] [net.minecraftforge.network.HandshakeHandler/FMLHANDSHAKE]: Received acknowledgement from client
[20Aug2026 14:20:07.934] [Server thread/DEBUG] [net.minecraftforge.network.HandshakeHandler/FMLHANDSHAKE]: Handshake complete!
[20Aug2026 14:20:08.010] [Server thread/INFO] [net.minecraft.server.players.PlayerList/]: Polar34_[/192.168.1.6:35791] logged in with entity id 142678 at (4.5, 99.0, 3.5)
[20Aug2026 14:20:08.010] [Server thread/DEBUG] [net.minecraftforge.network.filters.NetworkFilters/]: Injected net.minecraftforge.network.filters.ForgeConnectionNetworkFilter@f08d098 into net.minecraft.network.Connection@32b8ad08
[20Aug2026 14:20:08.013] [Server thread/INFO] [net.minecraft.server.MinecraftServer/]: Polar34_ joined the game
[20Aug2026 14:20:08.050] [Server thread/INFO] [fallingtrees | Config/]: Sending common config 'fallingtrees:fallingtrees_common' to Polar34_
[20Aug2026 14:20:08.052] [Server thread/DEBUG] [voicechat/]: [voicechat] Setting default state of Polar34_: {disabled=false, disconnected=true, uuid=11f5df90-5d8f-3f3d-be93-a940df925d20, name=Polar34_, group=null}
[20Aug2026 14:20:09.256] [Netty Server IO #15/INFO] [fallingtrees | Config/]: Received client config 'fallingtrees:fallingtrees_client' from Polar34_
[20Aug2026 14:20:09.339] [Server thread/INFO] [voicechat/]: [voicechat] Received secret request of Polar34_ (20)
[20Aug2026 14:20:09.339] [Server thread/DEBUG] [voicechat/]: [voicechat] Sending initial states to Polar34_
[20Aug2026 14:20:09.339] [Server thread/DEBUG] [voicechat/]: [voicechat] Synchronizing 0 groups with Polar34_
[20Aug2026 14:20:09.339] [Server thread/DEBUG] [voicechat/]: [voicechat] Synchronizing 1 volume categories with Polar34_
[20Aug2026 14:20:09.339] [Server thread/INFO] [voicechat/]: [voicechat] Sent secret to Polar34_
[20Aug2026 14:20:12.490] [Server thread/INFO] [net.minecraft.server.MinecraftServer/]: [Shinzgami: Teleported Polar34_ to Shinzgami]
[20Aug2026 14:20:49.641] [Server thread/INFO] [net.minecraft.server.MinecraftServer/]: Polar34_ was slain by sarah
[20Aug2026 14:20:51.895] [Server thread/INFO] [net.minecraft.server.MinecraftServer/]: <sarah> hahaha
[20Aug2026 14:20:54.189] [Server thread/INFO] [net.minecraft.server.MinecraftServer/]: <sarah> UH OH
[20Aug2026 14:20:56.588] [Server thread/WARN] [net.minecraft.server.level.ServerPlayerGameMode/]: Mismatch in destroy block pos: BlockPos{x=0, y=0, z=0} BlockPos{x=8, y=97, z=14}
[20Aug2026 14:21:08.572] [Server thread/INFO] [net.minecraft.server.MinecraftServer/]: [Shinzgami: Teleported Polar34_ to Shinzgami]
[20Aug2026 14:21:10.170] [Server thread/INFO] [net.minecraft.server.MinecraftServer/]: sarah fell from a high place
[20Aug2026 14:21:13.834] [Server thread/WARN] [net.minecraft.server.level.ServerLevel/]: Tried to add entity the_wonderland:angel but it was marked as removed already
[20Aug2026 14:21:49.651] [Server thread/INFO] [net.minecraft.server.MinecraftServer/]: [Shinzgami: Set own game mode to Survival Mode]
[20Aug2026 14:24:59.658] [Server thread/DEBUG] [net.minecraftforge.common.ForgeHooks/WP]: Gathering id map for writing to world save world
[20Aug2026 14:24:59.662] [Server thread/DEBUG] [net.minecraftforge.common.ForgeHooks/WP]: ID Map collection complete world
[20Aug2026 14:27:07.236] [Server thread/INFO] [net.minecraft.server.MinecraftServer/]: <sarah> CREEPER
[20Aug2026 14:27:10.956] [Server thread/INFO] [net.minecraft.server.MinecraftServer/]: <sarah> WHERE IS MY UHH STUFF
[20Aug2026 14:27:35.169] [Server thread/INFO] [net.minecraft.server.MinecraftServer/]: <sarah> okay thanks
[20Aug2026 14:27:52.810] [Server thread/INFO] [net.minecraft.server.MinecraftServer/]: <sarah> is this horror mod
[20Aug2026 14:28:06.886] [Server thread/INFO] [net.minecraft.server.MinecraftServer/]: <sarah> uhh
[20Aug2026 14:28:13.570] [Server thread/INFO] [net.minecraft.server.MinecraftServer/]: <sarah> it sme
[20Aug2026 14:28:24.387] [Server thread/INFO] [net.minecraft.server.MinecraftServer/]: <sarah> uhh
[20Aug2026 14:28:26.156] [Server thread/INFO] [net.minecraft.server.MinecraftServer/]: <sarah> whats horror
[20Aug2026 14:28:32.985] [Server thread/INFO] [net.minecraft.server.MinecraftServer/]: <sarah> about it
[20Aug2026 14:28:41.386] [Server thread/INFO] [net.minecraft.server.MinecraftServer/]: sadkewa was slain by Polar34_
[20Aug2026 14:29:09.515] [Server thread/INFO] [net.minecraft.server.MinecraftServer/]: <sarah> I COME IN PEACE
[20Aug2026 14:29:59.656] [Server thread/DEBUG] [net.minecraftforge.common.ForgeHooks/WP]: Gathering id map for writing to world save world
[20Aug2026 14:29:59.660] [Server thread/DEBUG] [net.minecraftforge.common.ForgeHooks/WP]: ID Map collection complete world
[20Aug2026 14:30:53.368] [Server thread/INFO] [net.minecraft.server.MinecraftServer/]: sarah was slain by Polar34_
[20Aug2026 14:32:24.336] [Server thread/INFO] [net.minecraft.server.MinecraftServer/]: sarah was slain by Shinzgami
[20Aug2026 14:32:51.438] [Server thread/INFO] [net.minecraft.server.MinecraftServer/]: Shinzgami was slain by sarah
[20Aug2026 14:32:54.872] [Server thread/INFO] [net.minecraft.server.MinecraftServer/]: <sarah> HAHAHA
[20Aug2026 14:34:00.570] [Server thread/INFO] [net.minecraft.server.MinecraftServer/]: sarah was slain by Polar34_
[20Aug2026 14:34:00.572] [Server thread/INFO] [net.minecraft.server.MinecraftServer/]: Polar34_ was slain by Shinzgami
[20Aug2026 14:34:03.323] [Server thread/INFO] [net.minecraft.server.MinecraftServer/]: sadkewa was slain by Shinzgami
[20Aug2026 14:34:20.111] [Server thread/INFO] [net.minecraft.server.MinecraftServer/]: Shinzgami was slain by Polar34_
[20Aug2026 14:34:25.346] [Server thread/INFO] [net.minecraft.server.MinecraftServer/]: <sarah> ITS GETTING LAGGY
[20Aug2026 14:34:37.248] [Server thread/INFO] [net.minecraft.server.MinecraftServer/]: <sarah> best house oat
[20Aug2026 14:34:59.648] [Server thread/DEBUG] [net.minecraftforge.common.ForgeHooks/WP]: Gathering id map for writing to world save world
[20Aug2026 14:34:59.652] [Server thread/DEBUG] [net.minecraftforge.common.ForgeHooks/WP]: ID Map collection complete world
[20Aug2026 14:35:15.457] [Server thread/INFO] [net.minecraft.server.MinecraftServer/]: sarah was slain by Polar34_
[20Aug2026 14:35:16.855] [Server thread/INFO] [net.minecraft.server.MinecraftServer/]: Polar34_ was slain by sadkewa
[20Aug2026 14:35:34.939] [Server thread/INFO] [net.minecraft.server.MinecraftServer/]: <sarah> uhh
[20Aug2026 14:35:35.765] [Server thread/INFO] [net.minecraft.server.MinecraftServer/]: <sarah> guys
[20Aug2026 14:35:39.064] [Server thread/INFO] [net.minecraft.server.MinecraftServer/]: <sarah> GUYS
[20Aug2026 14:35:44.873] [Server thread/INFO] [net.minecraft.server.MinecraftServer/]: <sarah> COME HERE
[20Aug2026 14:36:13.759] [Server thread/INFO] [net.minecraft.server.MinecraftServer/]: sadkewa fell from a high place
[20Aug2026 14:36:45.989] [Server thread/INFO] [net.minecraft.server.MinecraftServer/]: <sarah> CREEPER CREEPER
[20Aug2026 14:36:49.592] [Server thread/INFO] [net.minecraft.server.MinecraftServer/]: <sarah> are u hosting
[20Aug2026 14:36:56.416] [Server thread/INFO] [net.minecraft.server.MinecraftServer/]: <sarah> the server
[20Aug2026 14:37:02.973] [Server thread/INFO] [net.minecraft.server.MinecraftServer/]: <sarah> wait what
[20Aug2026 14:37:06.917] [Server thread/INFO] [net.minecraft.server.MinecraftServer/]: <sarah> its kinda laggy
[20Aug2026 14:37:26.144] [Server thread/INFO] [net.minecraft.server.MinecraftServer/]: <sarah> uh oh
[20Aug2026 14:37:35.884] [Server thread/INFO] [net.minecraft.server.MinecraftServer/]: sarah withered away
[20Aug2026 14:37:46.538] [Server thread/INFO] [net.minecraft.server.MinecraftServer/]: sarah withered away whilst fighting <0>
[20Aug2026 14:38:14.694] [Server thread/INFO] [net.minecraft.server.MinecraftServer/]: <sarah> black thing
[20Aug2026 14:38:21.816] [Server thread/INFO] [net.minecraft.server.MinecraftServer/]: <Polar34_> stfu
[20Aug2026 14:38:27.569] [Server thread/INFO] [net.minecraft.server.MinecraftServer/]: <sarah> no you
[20Aug2026 14:38:36.420] [Server thread/INFO] [net.minecraft.server.MinecraftServer/]: <sarah> okay not you
[20Aug2026 14:38:38.160] [Server thread/INFO] [net.minecraft.server.MinecraftServer/]: <Polar34_> nah im talking to the black dude
[20Aug2026 14:38:43.820] [Server thread/INFO] [net.minecraft.server.MinecraftServer/]: <sarah> black thing
[20Aug2026 14:38:52.349] [Server thread/INFO] [net.minecraft.server.MinecraftServer/]: <Polar34_> black nig
[20Aug2026 14:38:56.337] [Server thread/INFO] [net.minecraft.server.MinecraftServer/]: <sarah> rigger
[20Aug2026 14:39:01.365] [Server thread/INFO] [net.minecraft.server.MinecraftServer/]: <Polar34_> dagger
[20Aug2026 14:39:06.488] [Server thread/INFO] [net.minecraft.server.MinecraftServer/]: <sarah> digger
[20Aug2026 14:39:32.482] [Server thread/INFO] [net.minecraft.server.MinecraftServer/]: i know who you are
[20Aug2026 14:39:39.848] [Server thread/INFO] [net.minecraft.server.MinecraftServer/]: <sarah> black thing
[20Aug2026 14:39:42.338] [Server thread/INFO] [net.minecraft.server.MinecraftServer/]: <Polar34_> no u dont
[20Aug2026 14:39:45.486] [Server thread/INFO] [net.minecraft.server.MinecraftServer/]: <Shinzgami> orewa monkey d luffy
[20Aug2026 14:39:51.243] [Server thread/INFO] [net.minecraft.server.MinecraftServer/]: come here
[20Aug2026 14:39:57.188] [Server thread/INFO] [net.minecraft.server.MinecraftServer/]: <Polar34_> where
[20Aug2026 14:39:59.650] [Server thread/DEBUG] [net.minecraftforge.common.ForgeHooks/WP]: Gathering id map for writing to world save world
[20Aug2026 14:39:59.653] [Server thread/DEBUG] [net.minecraftforge.common.ForgeHooks/WP]: ID Map collection complete world
[20Aug2026 14:40:11.842] [Server thread/INFO] [net.minecraft.server.MinecraftServer/]: sarah fell from a high place
[20Aug2026 14:40:13.338] [Server thread/ERROR] [net.minecraftforge.fml.loading.RuntimeDistCleaner/DISTXFORM]: Attempted to load class net/minecraft/client/Minecraft for invalid dist DEDICATED_SERVER
[20Aug2026 14:40:13.411] [Server thread/DEBUG] [oshi.util.FileUtil/]: No oshi.architecture.properties file found from ClassLoader cpw.mods.modlauncher.TransformingClassLoader@118dcbbd
[20Aug2026 14:40:13.417] [Server thread/DEBUG] [oshi.util.FileUtil/]: No oshi.architecture.properties file found from ClassLoader jdk.internal.loader.ClassLoaders$AppClassLoader@4783da3f
[20Aug2026 14:40:13.508] [Server thread/WARN] [net.minecraft.server.network.ServerConnectionListener/]: Failed to handle packet for /192.168.1.6:35525
net.minecraft.ReportedException: Ticking player
	at net.minecraft.server.level.ServerPlayer.m_9240_(ServerPlayer.java:530) ~[server-1.20.1-20230612.114412-srg.jar%23159!/:?]
	at net.minecraft.server.network.ServerGamePacketListenerImpl.m_9933_(ServerGamePacketListenerImpl.java:262) ~[server-1.20.1-20230612.114412-srg.jar%23159!/:?]
	at net.minecraft.network.Connection.m_129483_(Connection.java:263) ~[server-1.20.1-20230612.114412-srg.jar%23159!/:?]
	at net.minecraft.server.network.ServerConnectionListener.m_9721_(ServerConnectionListener.java:142) ~[server-1.20.1-20230612.114412-srg.jar%23159!/:?]
	at net.minecraft.server.MinecraftServer.m_5703_(MinecraftServer.java:907) ~[server-1.20.1-20230612.114412-srg.jar%23159!/:?]
	at net.minecraft.server.dedicated.DedicatedServer.m_5703_(DedicatedServer.java:283) ~[server-1.20.1-20230612.114412-srg.jar%23159!/:?]
	at net.minecraft.server.MinecraftServer.m_5705_(MinecraftServer.java:814) ~[server-1.20.1-20230612.114412-srg.jar%23159!/:?]
	at net.minecraft.server.MinecraftServer.m_130011_(MinecraftServer.java:661) ~[server-1.20.1-20230612.114412-srg.jar%23159!/:?]
	at net.minecraft.server.MinecraftServer.m_206580_(MinecraftServer.java:251) ~[server-1.20.1-20230612.114412-srg.jar%23159!/:?]
	at java.lang.Thread.run(Thread.java:1583) ~[?:?]
Caused by: java.lang.RuntimeException: Attempted to load class net/minecraft/client/Minecraft for invalid dist DEDICATED_SERVER
	at net.minecraftforge.fml.loading.RuntimeDistCleaner.processClassWithFlags(RuntimeDistCleaner.java:57) ~[fmlloader-1.20.1-47.4.10.jar%2369!/:1.0]
	at cpw.mods.modlauncher.LaunchPluginHandler.offerClassNodeToPlugins(LaunchPluginHandler.java:88) ~[modlauncher-10.0.9.jar%2355!/:?]
	at cpw.mods.modlauncher.ClassTransformer.transform(ClassTransformer.java:120) ~[modlauncher-10.0.9.jar%2355!/:?]
	at cpw.mods.modlauncher.TransformingClassLoader.maybeTransformClassBytes(TransformingClassLoader.java:50) ~[modlauncher-10.0.9.jar%2355!/:?]
	at cpw.mods.cl.ModuleClassLoader.readerToClass(ModuleClassLoader.java:113) ~[securejarhandler-2.1.10.jar:?]
	at cpw.mods.cl.ModuleClassLoader.lambda$findClass$15(ModuleClassLoader.java:219) ~[securejarhandler-2.1.10.jar:?]
	at cpw.mods.cl.ModuleClassLoader.loadFromModule(ModuleClassLoader.java:229) ~[securejarhandler-2.1.10.jar:?]
	at cpw.mods.cl.ModuleClassLoader.findClass(ModuleClassLoader.java:219) ~[securejarhandler-2.1.10.jar:?]
	at cpw.mods.cl.ModuleClassLoader.loadClass(ModuleClassLoader.java:135) ~[securejarhandler-2.1.10.jar:?]
	at java.lang.ClassLoader.loadClass(ClassLoader.java:526) ~[?:?]
	at net.mcreator.why.procedures.STOPEffectExpiresProcedure.execute(STOPEffectExpiresProcedure.java:5) ~[its_not_real-1.1.1.1.1.1.1.1.jar%23146!/:?]
	at net.mcreator.why.potion.STOPMobEffect.m_6386_(STOPMobEffect.java:27) ~[its_not_real-1.1.1.1.1.1.1.1.jar%23146!/:?]
	at net.minecraft.world.entity.LivingEntity.m_7285_(LivingEntity.java:1024) ~[server-1.20.1-20230612.114412-srg.jar%23159!/:?]
	at net.minecraft.server.level.ServerPlayer.m_7285_(ServerPlayer.java:1182) ~[server-1.20.1-20230612.114412-srg.jar%23159!/:?]
	at net.minecraft.world.entity.LivingEntity.m_21217_(LivingEntity.java:763) ~[server-1.20.1-20230612.114412-srg.jar%23159!/:?]
	at net.minecraft.world.entity.LivingEntity.m_6075_(LivingEntity.java:432) ~[server-1.20.1-20230612.114412-srg.jar%23159!/:?]
	at net.minecraft.world.entity.Entity.m_8119_(Entity.java:422) ~[server-1.20.1-20230612.114412-srg.jar%23159!/:?]
	at net.minecraft.world.entity.LivingEntity.m_8119_(LivingEntity.java:2259) ~[server-1.20.1-20230612.114412-srg.jar%23159!/:?]
	at net.minecraft.world.entity.player.Player.m_8119_(Player.java:241) ~[server-1.20.1-20230612.114412-srg.jar%23159!/:?]
	at net.minecraft.server.level.ServerPlayer.m_9240_(ServerPlayer.java:467) ~[server-1.20.1-20230612.114412-srg.jar%23159!/:?]
	... 9 more
[20Aug2026 14:40:13.515] [Server thread/ERROR] [net.minecraftforge.fml.loading.RuntimeDistCleaner/DISTXFORM]: Attempted to load class net/minecraft/client/Minecraft for invalid dist DEDICATED_SERVER
[20Aug2026 14:40:13.554] [Server thread/DEBUG] [oshi.util.FileUtil/]: No oshi.architecture.properties file found from ClassLoader cpw.mods.modlauncher.TransformingClassLoader@118dcbbd
[20Aug2026 14:40:13.555] [Server thread/DEBUG] [oshi.util.FileUtil/]: No oshi.architecture.properties file found from ClassLoader jdk.internal.loader.ClassLoaders$AppClassLoader@4783da3f
[20Aug2026 14:40:13.622] [Server thread/WARN] [net.minecraft.server.network.ServerConnectionListener/]: Failed to handle packet for /192.168.1.6:35539
net.minecraft.ReportedException: Ticking player
	at net.minecraft.server.level.ServerPlayer.m_9240_(ServerPlayer.java:530) ~[server-1.20.1-20230612.114412-srg.jar%23159!/:?]
	at net.minecraft.server.network.ServerGamePacketListenerImpl.m_9933_(ServerGamePacketListenerImpl.java:262) ~[server-1.20.1-20230612.114412-srg.jar%23159!/:?]
	at net.minecraft.network.Connection.m_129483_(Connection.java:263) ~[server-1.20.1-20230612.114412-srg.jar%23159!/:?]
	at net.minecraft.server.network.ServerConnectionListener.m_9721_(ServerConnectionListener.java:142) ~[server-1.20.1-20230612.114412-srg.jar%23159!/:?]
	at net.minecraft.server.MinecraftServer.m_5703_(MinecraftServer.java:907) ~[server-1.20.1-20230612.114412-srg.jar%23159!/:?]
	at net.minecraft.server.dedicated.DedicatedServer.m_5703_(DedicatedServer.java:283) ~[server-1.20.1-20230612.114412-srg.jar%23159!/:?]
	at net.minecraft.server.MinecraftServer.m_5705_(MinecraftServer.java:814) ~[server-1.20.1-20230612.114412-srg.jar%23159!/:?]
	at net.minecraft.server.MinecraftServer.m_130011_(MinecraftServer.java:661) ~[server-1.20.1-20230612.114412-srg.jar%23159!/:?]
	at net.minecraft.server.MinecraftServer.m_206580_(MinecraftServer.java:251) ~[server-1.20.1-20230612.114412-srg.jar%23159!/:?]
	at java.lang.Thread.run(Thread.java:1583) ~[?:?]
Caused by: java.lang.RuntimeException: Attempted to load class net/minecraft/client/Minecraft for invalid dist DEDICATED_SERVER
	at net.minecraftforge.fml.loading.RuntimeDistCleaner.processClassWithFlags(RuntimeDistCleaner.java:57) ~[fmlloader-1.20.1-47.4.10.jar%2369!/:1.0]
	at cpw.mods.modlauncher.LaunchPluginHandler.offerClassNodeToPlugins(LaunchPluginHandler.java:88) ~[modlauncher-10.0.9.jar%2355!/:?]
	at cpw.mods.modlauncher.ClassTransformer.transform(ClassTransformer.java:120) ~[modlauncher-10.0.9.jar%2355!/:?]
	at cpw.mods.modlauncher.TransformingClassLoader.maybeTransformClassBytes(TransformingClassLoader.java:50) ~[modlauncher-10.0.9.jar%2355!/:?]
	at cpw.mods.cl.ModuleClassLoader.readerToClass(ModuleClassLoader.java:113) ~[securejarhandler-2.1.10.jar:?]
	at cpw.mods.cl.ModuleClassLoader.lambda$findClass$15(ModuleClassLoader.java:219) ~[securejarhandler-2.1.10.jar:?]
	at cpw.mods.cl.ModuleClassLoader.loadFromModule(ModuleClassLoader.java:229) ~[securejarhandler-2.1.10.jar:?]
	at cpw.mods.cl.ModuleClassLoader.findClass(ModuleClassLoader.java:219) ~[securejarhandler-2.1.10.jar:?]
	at cpw.mods.cl.ModuleClassLoader.loadClass(ModuleClassLoader.java:135) ~[securejarhandler-2.1.10.jar:?]
	at java.lang.ClassLoader.loadClass(ClassLoader.java:526) ~[?:?]
	at net.mcreator.why.procedures.STOPEffectExpiresProcedure.execute(STOPEffectExpiresProcedure.java:5) ~[its_not_real-1.1.1.1.1.1.1.1.jar%23146!/:?]
	at net.mcreator.why.potion.STOPMobEffect.m_6386_(STOPMobEffect.java:27) ~[its_not_real-1.1.1.1.1.1.1.1.jar%23146!/:?]
	at net.minecraft.world.entity.LivingEntity.m_7285_(LivingEntity.java:1024) ~[server-1.20.1-20230612.114412-srg.jar%23159!/:?]
	at net.minecraft.server.level.ServerPlayer.m_7285_(ServerPlayer.java:1182) ~[server-1.20.1-20230612.114412-srg.jar%23159!/:?]
	at net.minecraft.world.entity.LivingEntity.m_21217_(LivingEntity.java:763) ~[server-1.20.1-20230612.114412-srg.jar%23159!/:?]
	at net.minecraft.world.entity.LivingEntity.m_6075_(LivingEntity.java:432) ~[server-1.20.1-20230612.114412-srg.jar%23159!/:?]
	at net.minecraft.world.entity.Entity.m_8119_(Entity.java:422) ~[server-1.20.1-20230612.114412-srg.jar%23159!/:?]
	at net.minecraft.world.entity.LivingEntity.m_8119_(LivingEntity.java:2259) ~[server-1.20.1-20230612.114412-srg.jar%23159!/:?]
	at net.minecraft.world.entity.player.Player.m_8119_(Player.java:241) ~[server-1.20.1-20230612.114412-srg.jar%23159!/:?]
	at net.minecraft.server.level.ServerPlayer.m_9240_(ServerPlayer.java:467) ~[server-1.20.1-20230612.114412-srg.jar%23159!/:?]
	... 9 more
[20Aug2026 14:40:13.629] [Server thread/ERROR] [net.minecraftforge.fml.loading.RuntimeDistCleaner/DISTXFORM]: Attempted to load class net/minecraft/client/Minecraft for invalid dist DEDICATED_SERVER
[20Aug2026 14:40:13.658] [Server thread/DEBUG] [oshi.util.FileUtil/]: No oshi.architecture.properties file found from ClassLoader cpw.mods.modlauncher.TransformingClassLoader@118dcbbd
[20Aug2026 14:40:13.659] [Server thread/DEBUG] [oshi.util.FileUtil/]: No oshi.architecture.properties file found from ClassLoader jdk.internal.loader.ClassLoaders$AppClassLoader@4783da3f
[20Aug2026 14:40:13.719] [Server thread/WARN] [net.minecraft.server.network.ServerConnectionListener/]: Failed to handle packet for /192.168.1.6:35690
net.minecraft.ReportedException: Ticking player
	at net.minecraft.server.level.ServerPlayer.m_9240_(ServerPlayer.java:530) ~[server-1.20.1-20230612.114412-srg.jar%23159!/:?]
	at net.minecraft.server.network.ServerGamePacketListenerImpl.m_9933_(ServerGamePacketListenerImpl.java:262) ~[server-1.20.1-20230612.114412-srg.jar%23159!/:?]
	at net.minecraft.network.Connection.m_129483_(Connection.java:263) ~[server-1.20.1-20230612.114412-srg.jar%23159!/:?]
	at net.minecraft.server.network.ServerConnectionListener.m_9721_(ServerConnectionListener.java:142) ~[server-1.20.1-20230612.114412-srg.jar%23159!/:?]
	at net.minecraft.server.MinecraftServer.m_5703_(MinecraftServer.java:907) ~[server-1.20.1-20230612.114412-srg.jar%23159!/:?]
	at net.minecraft.server.dedicated.DedicatedServer.m_5703_(DedicatedServer.java:283) ~[server-1.20.1-20230612.114412-srg.jar%23159!/:?]
	at net.minecraft.server.MinecraftServer.m_5705_(MinecraftServer.java:814) ~[server-1.20.1-20230612.114412-srg.jar%23159!/:?]
	at net.minecraft.server.MinecraftServer.m_130011_(MinecraftServer.java:661) ~[server-1.20.1-20230612.114412-srg.jar%23159!/:?]
	at net.minecraft.server.MinecraftServer.m_206580_(MinecraftServer.java:251) ~[server-1.20.1-20230612.114412-srg.jar%23159!/:?]
	at java.lang.Thread.run(Thread.java:1583) ~[?:?]
Caused by: java.lang.RuntimeException: Attempted to load class net/minecraft/client/Minecraft for invalid dist DEDICATED_SERVER
	at net.minecraftforge.fml.loading.RuntimeDistCleaner.processClassWithFlags(RuntimeDistCleaner.java:57) ~[fmlloader-1.20.1-47.4.10.jar%2369!/:1.0]
	at cpw.mods.modlauncher.LaunchPluginHandler.offerClassNodeToPlugins(LaunchPluginHandler.java:88) ~[modlauncher-10.0.9.jar%2355!/:?]
	at cpw.mods.modlauncher.ClassTransformer.transform(ClassTransformer.java:120) ~[modlauncher-10.0.9.jar%2355!/:?]
	at cpw.mods.modlauncher.TransformingClassLoader.maybeTransformClassBytes(TransformingClassLoader.java:50) ~[modlauncher-10.0.9.jar%2355!/:?]
	at cpw.mods.cl.ModuleClassLoader.readerToClass(ModuleClassLoader.java:113) ~[securejarhandler-2.1.10.jar:?]
	at cpw.mods.cl.ModuleClassLoader.lambda$findClass$15(ModuleClassLoader.java:219) ~[securejarhandler-2.1.10.jar:?]
	at cpw.mods.cl.ModuleClassLoader.loadFromModule(ModuleClassLoader.java:229) ~[securejarhandler-2.1.10.jar:?]
	at cpw.mods.cl.ModuleClassLoader.findClass(ModuleClassLoader.java:219) ~[securejarhandler-2.1.10.jar:?]
	at cpw.mods.cl.ModuleClassLoader.loadClass(ModuleClassLoader.java:135) ~[securejarhandler-2.1.10.jar:?]
	at java.lang.ClassLoader.loadClass(ClassLoader.java:526) ~[?:?]
	at net.mcreator.why.procedures.STOPEffectExpiresProcedure.execute(STOPEffectExpiresProcedure.java:5) ~[its_not_real-1.1.1.1.1.1.1.1.jar%23146!/:?]
	at net.mcreator.why.potion.STOPMobEffect.m_6386_(STOPMobEffect.java:27) ~[its_not_real-1.1.1.1.1.1.1.1.jar%23146!/:?]
	at net.minecraft.world.entity.LivingEntity.m_7285_(LivingEntity.java:1024) ~[server-1.20.1-20230612.114412-srg.jar%23159!/:?]
	at net.minecraft.server.level.ServerPlayer.m_7285_(ServerPlayer.java:1182) ~[server-1.20.1-20230612.114412-srg.jar%23159!/:?]
	at net.minecraft.world.entity.LivingEntity.m_21217_(LivingEntity.java:763) ~[server-1.20.1-20230612.114412-srg.jar%23159!/:?]
	at net.minecraft.world.entity.LivingEntity.m_6075_(LivingEntity.java:432) ~[server-1.20.1-20230612.114412-srg.jar%23159!/:?]
	at net.minecraft.world.entity.Entity.m_8119_(Entity.java:422) ~[server-1.20.1-20230612.114412-srg.jar%23159!/:?]
	at net.minecraft.world.entity.LivingEntity.m_8119_(LivingEntity.java:2259) ~[server-1.20.1-20230612.114412-srg.jar%23159!/:?]
	at net.minecraft.world.entity.player.Player.m_8119_(Player.java:241) ~[server-1.20.1-20230612.114412-srg.jar%23159!/:?]
	at net.minecraft.server.level.ServerPlayer.m_9240_(ServerPlayer.java:467) ~[server-1.20.1-20230612.114412-srg.jar%23159!/:?]
	... 9 more
[20Aug2026 14:40:13.724] [Server thread/ERROR] [net.minecraftforge.fml.loading.RuntimeDistCleaner/DISTXFORM]: Attempted to load class net/minecraft/client/Minecraft for invalid dist DEDICATED_SERVER
[20Aug2026 14:40:13.758] [Server thread/DEBUG] [oshi.util.FileUtil/]: No oshi.architecture.properties file found from ClassLoader cpw.mods.modlauncher.TransformingClassLoader@118dcbbd
[20Aug2026 14:40:13.758] [Server thread/DEBUG] [oshi.util.FileUtil/]: No oshi.architecture.properties file found from ClassLoader jdk.internal.loader.ClassLoaders$AppClassLoader@4783da3f
[20Aug2026 14:40:13.809] [Server thread/WARN] [net.minecraft.server.network.ServerConnectionListener/]: Failed to handle packet for /192.168.1.6:35714
net.minecraft.ReportedException: Ticking player
	at net.minecraft.server.level.ServerPlayer.m_9240_(ServerPlayer.java:530) ~[server-1.20.1-20230612.114412-srg.jar%23159!/:?]
	at net.minecraft.server.network.ServerGamePacketListenerImpl.m_9933_(ServerGamePacketListenerImpl.java:262) ~[server-1.20.1-20230612.114412-srg.jar%23159!/:?]
	at net.minecraft.network.Connection.m_129483_(Connection.java:263) ~[server-1.20.1-20230612.114412-srg.jar%23159!/:?]
	at net.minecraft.server.network.ServerConnectionListener.m_9721_(ServerConnectionListener.java:142) ~[server-1.20.1-20230612.114412-srg.jar%23159!/:?]
	at net.minecraft.server.MinecraftServer.m_5703_(MinecraftServer.java:907) ~[server-1.20.1-20230612.114412-srg.jar%23159!/:?]
	at net.minecraft.server.dedicated.DedicatedServer.m_5703_(DedicatedServer.java:283) ~[server-1.20.1-20230612.114412-srg.jar%23159!/:?]
	at net.minecraft.server.MinecraftServer.m_5705_(MinecraftServer.java:814) ~[server-1.20.1-20230612.114412-srg.jar%23159!/:?]
	at net.minecraft.server.MinecraftServer.m_130011_(MinecraftServer.java:661) ~[server-1.20.1-20230612.114412-srg.jar%23159!/:?]
	at net.minecraft.server.MinecraftServer.m_206580_(MinecraftServer.java:251) ~[server-1.20.1-20230612.114412-srg.jar%23159!/:?]
	at java.lang.Thread.run(Thread.java:1583) ~[?:?]
Caused by: java.lang.RuntimeException: Attempted to load class net/minecraft/client/Minecraft for invalid dist DEDICATED_SERVER
	at net.minecraftforge.fml.loading.RuntimeDistCleaner.processClassWithFlags(RuntimeDistCleaner.java:57) ~[fmlloader-1.20.1-47.4.10.jar%2369!/:1.0]
	at cpw.mods.modlauncher.LaunchPluginHandler.offerClassNodeToPlugins(LaunchPluginHandler.java:88) ~[modlauncher-10.0.9.jar%2355!/:?]
	at cpw.mods.modlauncher.ClassTransformer.transform(ClassTransformer.java:120) ~[modlauncher-10.0.9.jar%2355!/:?]
	at cpw.mods.modlauncher.TransformingClassLoader.maybeTransformClassBytes(TransformingClassLoader.java:50) ~[modlauncher-10.0.9.jar%2355!/:?]
	at cpw.mods.cl.ModuleClassLoader.readerToClass(ModuleClassLoader.java:113) ~[securejarhandler-2.1.10.jar:?]
	at cpw.mods.cl.ModuleClassLoader.lambda$findClass$15(ModuleClassLoader.java:219) ~[securejarhandler-2.1.10.jar:?]
	at cpw.mods.cl.ModuleClassLoader.loadFromModule(ModuleClassLoader.java:229) ~[securejarhandler-2.1.10.jar:?]
	at cpw.mods.cl.ModuleClassLoader.findClass(ModuleClassLoader.java:219) ~[securejarhandler-2.1.10.jar:?]
	at cpw.mods.cl.ModuleClassLoader.loadClass(ModuleClassLoader.java:135) ~[securejarhandler-2.1.10.jar:?]
	at java.lang.ClassLoader.loadClass(ClassLoader.java:526) ~[?:?]
	at net.mcreator.why.procedures.STOPEffectExpiresProcedure.execute(STOPEffectExpiresProcedure.java:5) ~[its_not_real-1.1.1.1.1.1.1.1.jar%23146!/:?]
	at net.mcreator.why.potion.STOPMobEffect.m_6386_(STOPMobEffect.java:27) ~[its_not_real-1.1.1.1.1.1.1.1.jar%23146!/:?]
	at net.minecraft.world.entity.LivingEntity.m_7285_(LivingEntity.java:1024) ~[server-1.20.1-20230612.114412-srg.jar%23159!/:?]
	at net.minecraft.server.level.ServerPlayer.m_7285_(ServerPlayer.java:1182) ~[server-1.20.1-20230612.114412-srg.jar%23159!/:?]
	at net.minecraft.world.entity.LivingEntity.m_21217_(LivingEntity.java:763) ~[server-1.20.1-20230612.114412-srg.jar%23159!/:?]
	at net.minecraft.world.entity.LivingEntity.m_6075_(LivingEntity.java:432) ~[server-1.20.1-20230612.114412-srg.jar%23159!/:?]
	at net.minecraft.world.entity.Entity.m_8119_(Entity.java:422) ~[server-1.20.1-20230612.114412-srg.jar%23159!/:?]
	at net.minecraft.world.entity.LivingEntity.m_8119_(LivingEntity.java:2259) ~[server-1.20.1-20230612.114412-srg.jar%23159!/:?]
	at net.minecraft.world.entity.player.Player.m_8119_(Player.java:241) ~[server-1.20.1-20230612.114412-srg.jar%23159!/:?]
	at net.minecraft.server.level.ServerPlayer.m_9240_(ServerPlayer.java:467) ~[server-1.20.1-20230612.114412-srg.jar%23159!/:?]
	... 9 more
[20Aug2026 14:40:13.814] [Server thread/ERROR] [net.minecraftforge.fml.loading.RuntimeDistCleaner/DISTXFORM]: Attempted to load class net/minecraft/client/Minecraft for invalid dist DEDICATED_SERVER
[20Aug2026 14:40:13.843] [Server thread/DEBUG] [oshi.util.FileUtil/]: No oshi.architecture.properties file found from ClassLoader cpw.mods.modlauncher.TransformingClassLoader@118dcbbd
[20Aug2026 14:40:13.843] [Server thread/DEBUG] [oshi.util.FileUtil/]: No oshi.architecture.properties file found from ClassLoader jdk.internal.loader.ClassLoaders$AppClassLoader@4783da3f
[20Aug2026 14:40:13.888] [Server thread/WARN] [net.minecraft.server.network.ServerConnectionListener/]: Failed to handle packet for /192.168.1.6:35791
net.minecraft.ReportedException: Ticking player
	at net.minecraft.server.level.ServerPlayer.m_9240_(ServerPlayer.java:530) ~[server-1.20.1-20230612.114412-srg.jar%23159!/:?]
	at net.minecraft.server.network.ServerGamePacketListenerImpl.m_9933_(ServerGamePacketListenerImpl.java:262) ~[server-1.20.1-20230612.114412-srg.jar%23159!/:?]
	at net.minecraft.network.Connection.m_129483_(Connection.java:263) ~[server-1.20.1-20230612.114412-srg.jar%23159!/:?]
	at net.minecraft.server.network.ServerConnectionListener.m_9721_(ServerConnectionListener.java:142) ~[server-1.20.1-20230612.114412-srg.jar%23159!/:?]
	at net.minecraft.server.MinecraftServer.m_5703_(MinecraftServer.java:907) ~[server-1.20.1-20230612.114412-srg.jar%23159!/:?]
	at net.minecraft.server.dedicated.DedicatedServer.m_5703_(DedicatedServer.java:283) ~[server-1.20.1-20230612.114412-srg.jar%23159!/:?]
	at net.minecraft.server.MinecraftServer.m_5705_(MinecraftServer.java:814) ~[server-1.20.1-20230612.114412-srg.jar%23159!/:?]
	at net.minecraft.server.MinecraftServer.m_130011_(MinecraftServer.java:661) ~[server-1.20.1-20230612.114412-srg.jar%23159!/:?]
	at net.minecraft.server.MinecraftServer.m_206580_(MinecraftServer.java:251) ~[server-1.20.1-20230612.114412-srg.jar%23159!/:?]
	at java.lang.Thread.run(Thread.java:1583) ~[?:?]
Caused by: java.lang.RuntimeException: Attempted to load class net/minecraft/client/Minecraft for invalid dist DEDICATED_SERVER
	at net.minecraftforge.fml.loading.RuntimeDistCleaner.processClassWithFlags(RuntimeDistCleaner.java:57) ~[fmlloader-1.20.1-47.4.10.jar%2369!/:1.0]
	at cpw.mods.modlauncher.LaunchPluginHandler.offerClassNodeToPlugins(LaunchPluginHandler.java:88) ~[modlauncher-10.0.9.jar%2355!/:?]
	at cpw.mods.modlauncher.ClassTransformer.transform(ClassTransformer.java:120) ~[modlauncher-10.0.9.jar%2355!/:?]
	at cpw.mods.modlauncher.TransformingClassLoader.maybeTransformClassBytes(TransformingClassLoader.java:50) ~[modlauncher-10.0.9.jar%2355!/:?]
	at cpw.mods.cl.ModuleClassLoader.readerToClass(ModuleClassLoader.java:113) ~[securejarhandler-2.1.10.jar:?]
	at cpw.mods.cl.ModuleClassLoader.lambda$findClass$15(ModuleClassLoader.java:219) ~[securejarhandler-2.1.10.jar:?]
	at cpw.mods.cl.ModuleClassLoader.loadFromModule(ModuleClassLoader.java:229) ~[securejarhandler-2.1.10.jar:?]
	at cpw.mods.cl.ModuleClassLoader.findClass(ModuleClassLoader.java:219) ~[securejarhandler-2.1.10.jar:?]
	at cpw.mods.cl.ModuleClassLoader.loadClass(ModuleClassLoader.java:135) ~[securejarhandler-2.1.10.jar:?]
	at java.lang.ClassLoader.loadClass(ClassLoader.java:526) ~[?:?]
	at net.mcreator.why.procedures.STOPEffectExpiresProcedure.execute(STOPEffectExpiresProcedure.java:5) ~[its_not_real-1.1.1.1.1.1.1.1.jar%23146!/:?]
	at net.mcreator.why.potion.STOPMobEffect.m_6386_(STOPMobEffect.java:27) ~[its_not_real-1.1.1.1.1.1.1.1.jar%23146!/:?]
	at net.minecraft.world.entity.LivingEntity.m_7285_(LivingEntity.java:1024) ~[server-1.20.1-20230612.114412-srg.jar%23159!/:?]
	at net.minecraft.server.level.ServerPlayer.m_7285_(ServerPlayer.java:1182) ~[server-1.20.1-20230612.114412-srg.jar%23159!/:?]
	at net.minecraft.world.entity.LivingEntity.m_21217_(LivingEntity.java:763) ~[server-1.20.1-20230612.114412-srg.jar%23159!/:?]
	at net.minecraft.world.entity.LivingEntity.m_6075_(LivingEntity.java:432) ~[server-1.20.1-20230612.114412-srg.jar%23159!/:?]
	at net.minecraft.world.entity.Entity.m_8119_(Entity.java:422) ~[server-1.20.1-20230612.114412-srg.jar%23159!/:?]
	at net.minecraft.world.entity.LivingEntity.m_8119_(LivingEntity.java:2259) ~[server-1.20.1-20230612.114412-srg.jar%23159!/:?]
	at net.minecraft.world.entity.player.Player.m_8119_(Player.java:241) ~[server-1.20.1-20230612.114412-srg.jar%23159!/:?]
	at net.minecraft.server.level.ServerPlayer.m_9240_(ServerPlayer.java:467) ~[server-1.20.1-20230612.114412-srg.jar%23159!/:?]
	... 9 more
[20Aug2026 14:40:13.891] [Server thread/INFO] [net.minecraft.server.network.ServerGamePacketListenerImpl/]: Moony09_ lost connection: Internal server error
[20Aug2026 14:40:13.895] [Server thread/INFO] [net.minecraft.server.MinecraftServer/]: Moony09_ left the game
[20Aug2026 14:40:13.895] [Server thread/DEBUG] [voicechat/]: [voicechat] Removing state of Moony09_
[20Aug2026 14:40:13.896] [Server thread/INFO] [voicechat/]: [voicechat] Disconnecting client Moony09_
[20Aug2026 14:40:13.904] [Server thread/INFO] [net.minecraft.server.network.ServerGamePacketListenerImpl/]: Shinzgami lost connection: Internal server error
[20Aug2026 14:40:13.904] [Server thread/INFO] [net.minecraft.server.MinecraftServer/]: Shinzgami left the game
[20Aug2026 14:40:13.905] [Server thread/DEBUG] [voicechat/]: [voicechat] Removing state of Shinzgami
[20Aug2026 14:40:13.905] [Server thread/INFO] [voicechat/]: [voicechat] Disconnecting client Shinzgami
[20Aug2026 14:40:13.914] [Server thread/INFO] [net.minecraft.server.network.ServerGamePacketListenerImpl/]: Polar34_ lost connection: Internal server error
[20Aug2026 14:40:13.914] [Server thread/INFO] [net.minecraft.server.MinecraftServer/]: Polar34_ left the game
[20Aug2026 14:40:13.915] [Server thread/DEBUG] [voicechat/]: [voicechat] Removing state of Polar34_
[20Aug2026 14:40:13.915] [Server thread/INFO] [voicechat/]: [voicechat] Disconnecting client Polar34_
[20Aug2026 14:40:13.923] [Server thread/INFO] [net.minecraft.server.network.ServerGamePacketListenerImpl/]: sadkewa lost connection: Internal server error
[20Aug2026 14:40:13.924] [Server thread/INFO] [net.minecraft.server.MinecraftServer/]: sadkewa left the game
[20Aug2026 14:40:13.924] [Server thread/DEBUG] [voicechat/]: [voicechat] Removing state of sadkewa
[20Aug2026 14:40:13.924] [Server thread/INFO] [voicechat/]: [voicechat] Disconnecting client sadkewa
[20Aug2026 14:40:13.933] [Server thread/INFO] [net.minecraft.server.network.ServerGamePacketListenerImpl/]: sarah lost connection: Internal server error
[20Aug2026 14:40:13.934] [Server thread/INFO] [net.minecraft.server.MinecraftServer/]: sarah left the game
[20Aug2026 14:40:13.934] [Server thread/DEBUG] [voicechat/]: [voicechat] Removing state of sarah
[20Aug2026 14:40:13.934] [Server thread/INFO] [voicechat/]: [voicechat] Disconnecting client sarah
[20Aug2026 14:40:13.954] [Server thread/WARN] [net.minecraft.network.Connection/]: handleDisconnection() called twice
[20Aug2026 14:40:13.955] [Server thread/WARN] [net.minecraft.network.Connection/]: handleDisconnection() called twice
[20Aug2026 14:40:13.955] [Server thread/WARN] [net.minecraft.network.Connection/]: handleDisconnection() called twice
[20Aug2026 14:40:13.955] [Server thread/WARN] [net.minecraft.network.Connection/]: handleDisconnection() called twice
[20Aug2026 14:40:13.955] [Server thread/WARN] [net.minecraft.network.Connection/]: handleDisconnection() called twice
[20Aug2026 14:40:18.998] [Netty Server IO #17/DEBUG] [net.minecraftforge.network.HandshakeHandler/FMLHANDSHAKE]: Starting new modded impl connection. Found 22 messages to dispatch.
[20Aug2026 14:40:19.277] [Server thread/DEBUG] [net.minecraftforge.network.HandshakeHandler/FMLHANDSHAKE]: Sending ticking packet info 'net.minecraftforge.network.HandshakeMessages$S2CModData' to 'fml:handshake' sequence 0
[20Aug2026 14:40:19.325] [Server thread/DEBUG] [net.minecraftforge.network.HandshakeHandler/FMLHANDSHAKE]: Sending ticking packet info 'net.minecraftforge.network.HandshakeMessages$S2CModList' to 'fml:handshake' sequence 1
[20Aug2026 14:40:19.376] [Server thread/DEBUG] [net.minecraftforge.network.HandshakeHandler/FMLHANDSHAKE]: Sending ticking packet info 'Registry minecraft:command_argument_type' to 'fml:handshake' sequence 2
[20Aug2026 14:40:19.427] [Server thread/DEBUG] [net.minecraftforge.network.HandshakeHandler/FMLHANDSHAKE]: Sending ticking packet info 'Registry minecraft:recipe_serializer' to 'fml:handshake' sequence 3
[20Aug2026 14:40:19.475] [Server thread/DEBUG] [net.minecraftforge.network.HandshakeHandler/FMLHANDSHAKE]: Sending ticking packet info 'Registry minecraft:sound_event' to 'fml:handshake' sequence 4
[20Aug2026 14:40:19.526] [Server thread/DEBUG] [net.minecraftforge.network.HandshakeHandler/FMLHANDSHAKE]: Sending ticking packet info 'Registry minecraft:particle_type' to 'fml:handshake' sequence 5
[20Aug2026 14:40:19.566] [Netty Server IO #17/DEBUG] [net.minecraftforge.network.LoginWrapper/FMLHANDSHAKE]: Recieved login wrapper packet event for channel fml:handshake with index 1
[20Aug2026 14:40:19.566] [Netty Server IO #17/DEBUG] [net.minecraftforge.network.HandshakeHandler/FMLHANDSHAKE]: Received client indexed reply 1 of type net.minecraftforge.network.HandshakeMessages$C2SModListReply
[20Aug2026 14:40:19.566] [Netty Server IO #17/DEBUG] [net.minecraftforge.network.HandshakeHandler/FMLHANDSHAKE]: Received client connection with modlist [minecraft, voicechat, voicechat_api, libipn, doubledoors, extragore, ambientsounds, mousetweaks, supermartijn642configlib, nochatreports, geckolib, creativecore, cleanswing, trender, kotlinforforge, modelfix, sound_physics_remastered, its_not_real, collective, enhancedvisuals, freecam, entityculling, betterthirdperson, badmobs, inventoryprofilesnext, architectury, fallingtrees, jamlib, pandalib, rightclickharvest, transition, dynamic_fps, chat_heads, the_wonderland, forge, varietree, embeddium, rubidium, oculus, durabilitytooltip, essential, presencefootsteps]
[20Aug2026 14:40:19.566] [Netty Server IO #17/DEBUG] [net.minecraftforge.network.NetworkRegistry/NETREGISTRY]: Channel 'pandalib:config_sync' : Version test of '1' from client : ACCEPTED
[20Aug2026 14:40:19.566] [Netty Server IO #17/DEBUG] [net.minecraftforge.network.NetworkRegistry/NETREGISTRY]: Channel 'architectury:network' : Version test of '1' from client : ACCEPTED
[20Aug2026 14:40:19.566] [Netty Server IO #17/DEBUG] [net.minecraftforge.network.NetworkRegistry/NETREGISTRY]: Channel 'voicechat:secret' : Version test of 'ALLOWVANILLA 💓💓💓' from client : ACCEPTED
[20Aug2026 14:40:19.566] [Netty Server IO #17/DEBUG] [net.minecraftforge.network.NetworkRegistry/NETREGISTRY]: Channel 'voicechat:leave_group' : Version test of 'ALLOWVANILLA 💓💓💓' from client : ACCEPTED
[20Aug2026 14:40:19.566] [Netty Server IO #17/DEBUG] [net.minecraftforge.network.NetworkRegistry/NETREGISTRY]: Channel 'voicechat:create_group' : Version test of 'ALLOWVANILLA 💓💓💓' from client : ACCEPTED
[20Aug2026 14:40:19.566] [Netty Server IO #17/DEBUG] [net.minecraftforge.network.NetworkRegistry/NETREGISTRY]: Channel 'minecraft:unregister' : Version test of 'FML3' from client : ACCEPTED
[20Aug2026 14:40:19.566] [Netty Server IO #17/DEBUG] [net.minecraftforge.network.NetworkRegistry/NETREGISTRY]: Channel 'enhancedvisuals:main' : Version test of '1' from client : ACCEPTED
[20Aug2026 14:40:19.567] [Netty Server IO #17/DEBUG] [net.minecraftforge.network.NetworkRegistry/NETREGISTRY]: Channel 'voicechat:states' : Version test of 'ALLOWVANILLA 💓💓💓' from client : ACCEPTED
[20Aug2026 14:40:19.567] [Netty Server IO #17/DEBUG] [net.minecraftforge.network.NetworkRegistry/NETREGISTRY]: Channel 'voicechat:set_group' : Version test of 'ALLOWVANILLA 💓💓💓' from client : ACCEPTED
[20Aug2026 14:40:19.567] [Netty Server IO #17/DEBUG] [net.minecraftforge.network.NetworkRegistry/NETREGISTRY]: Channel 'voicechat:joined_group' : Version test of 'ALLOWVANILLA 💓💓💓' from client : ACCEPTED
[20Aug2026 14:40:19.567] [Netty Server IO #17/DEBUG] [net.minecraftforge.network.NetworkRegistry/NETREGISTRY]: Channel 'voicechat:update_state' : Version test of 'ALLOWVANILLA 💓💓💓' from client : ACCEPTED
[20Aug2026 14:40:19.567] [Netty Server IO #17/DEBUG] [net.minecraftforge.network.NetworkRegistry/NETREGISTRY]: Channel 'extragore:main' : Version test of '1' from client : ACCEPTED
[20Aug2026 14:40:19.567] [Netty Server IO #17/DEBUG] [net.minecraftforge.network.NetworkRegistry/NETREGISTRY]: Channel 'voicechat:add_group' : Version test of 'ALLOWVANILLA 💓💓💓' from client : ACCEPTED
[20Aug2026 14:40:19.567] [Netty Server IO #17/DEBUG] [net.minecraftforge.network.NetworkRegistry/NETREGISTRY]: Channel 'fml:loginwrapper' : Version test of 'FML3' from client : ACCEPTED
[20Aug2026 14:40:19.567] [Netty Server IO #17/DEBUG] [net.minecraftforge.network.NetworkRegistry/NETREGISTRY]: Channel 'its_not_real:its_not_real' : Version test of '1' from client : ACCEPTED
[20Aug2026 14:40:19.567] [Netty Server IO #17/DEBUG] [net.minecraftforge.network.NetworkRegistry/NETREGISTRY]: Channel 'forge:tier_sorting' : Version test of '1.0' from client : ACCEPTED
[20Aug2026 14:40:19.567] [Netty Server IO #17/DEBUG] [net.minecraftforge.network.NetworkRegistry/NETREGISTRY]: Channel 'supermartijn642configlib:sync_configs' : Version test of '1.1.8' from client : ACCEPTED
[20Aug2026 14:40:19.567] [Netty Server IO #17/DEBUG] [net.minecraftforge.network.NetworkRegistry/NETREGISTRY]: Channel 'the_wonderland:the_wonderland' : Version test of '1' from client : ACCEPTED
[20Aug2026 14:40:19.567] [Netty Server IO #17/DEBUG] [net.minecraftforge.network.NetworkRegistry/NETREGISTRY]: Channel 'fml:play' : Version test of 'FML3' from client : ACCEPTED
[20Aug2026 14:40:19.567] [Netty Server IO #17/DEBUG] [net.minecraftforge.network.NetworkRegistry/NETREGISTRY]: Channel 'creativecore:main' : Version test of '1' from client : ACCEPTED
[20Aug2026 14:40:19.567] [Netty Server IO #17/DEBUG] [net.minecraftforge.network.NetworkRegistry/NETREGISTRY]: Channel 'voicechat:request_secret' : Version test of 'ALLOWVANILLA 💓💓💓' from client : ACCEPTED
[20Aug2026 14:40:19.567] [Netty Server IO #17/DEBUG] [net.minecraftforge.network.NetworkRegistry/NETREGISTRY]: Channel 'fml:handshake' : Version test of 'FML3' from client : ACCEPTED
[20Aug2026 14:40:19.567] [Netty Server IO #17/DEBUG] [net.minecraftforge.network.NetworkRegistry/NETREGISTRY]: Channel 'voicechat:state' : Version test of 'ALLOWVANILLA 💓💓💓' from client : ACCEPTED
[20Aug2026 14:40:19.567] [Netty Server IO #17/DEBUG] [net.minecraftforge.network.NetworkRegistry/NETREGISTRY]: Channel 'voicechat:remove_category' : Version test of 'ALLOWVANILLA 💓💓💓' from client : ACCEPTED
[20Aug2026 14:40:19.567] [Netty Server IO #17/DEBUG] [net.minecraftforge.network.NetworkRegistry/NETREGISTRY]: Channel 'voicechat:remove_group' : Version test of 'ALLOWVANILLA 💓💓💓' from client : ACCEPTED
[20Aug2026 14:40:19.567] [Netty Server IO #17/DEBUG] [net.minecraftforge.network.NetworkRegistry/NETREGISTRY]: Channel 'voicechat:add_category' : Version test of 'ALLOWVANILLA 💓💓💓' from client : ACCEPTED
[20Aug2026 14:40:19.567] [Netty Server IO #17/DEBUG] [net.minecraftforge.network.NetworkRegistry/NETREGISTRY]: Channel 'voicechat:remove_state' : Version test of 'ALLOWVANILLA 💓💓💓' from client : ACCEPTED
[20Aug2026 14:40:19.567] [Netty Server IO #17/DEBUG] [net.minecraftforge.network.NetworkRegistry/NETREGISTRY]: Channel 'minecraft:register' : Version test of 'FML3' from client : ACCEPTED
[20Aug2026 14:40:19.567] [Netty Server IO #17/DEBUG] [net.minecraftforge.network.NetworkRegistry/NETREGISTRY]: Channel 'forge:split' : Version test of '1.1' from client : ACCEPTED
[20Aug2026 14:40:19.567] [Netty Server IO #17/DEBUG] [net.minecraftforge.network.NetworkRegistry/NETREGISTRY]: Channel 'geckolib:main' : Version test of '1' from client : ACCEPTED
[20Aug2026 14:40:19.567] [Netty Server IO #17/DEBUG] [net.minecraftforge.network.NetworkRegistry/NETREGISTRY]: Accepting channel list from client
[20Aug2026 14:40:19.568] [Netty Server IO #17/DEBUG] [net.minecraftforge.network.HandshakeHandler/FMLHANDSHAKE]: Accepted client connection mod list
[20Aug2026 14:40:19.576] [Server thread/DEBUG] [net.minecraftforge.network.HandshakeHandler/FMLHANDSHAKE]: Sending ticking packet info 'Registry minecraft:villager_profession' to 'fml:handshake' sequence 6
[20Aug2026 14:40:19.618] [Netty Server IO #17/DEBUG] [net.minecraftforge.network.LoginWrapper/FMLHANDSHAKE]: Recieved login wrapper packet event for channel fml:handshake with index 2
[20Aug2026 14:40:19.618] [Netty Server IO #17/DEBUG] [net.minecraftforge.network.HandshakeHandler/FMLHANDSHAKE]: Received client indexed reply 2 of type net.minecraftforge.network.HandshakeMessages$C2SAcknowledge
[20Aug2026 14:40:19.618] [Netty Server IO #17/DEBUG] [net.minecraftforge.network.HandshakeHandler/FMLHANDSHAKE]: Received acknowledgement from client
[20Aug2026 14:40:19.627] [Server thread/DEBUG] [net.minecraftforge.network.HandshakeHandler/FMLHANDSHAKE]: Sending ticking packet info 'Registry minecraft:item' to 'fml:handshake' sequence 7
[20Aug2026 14:40:19.675] [Server thread/DEBUG] [net.minecraftforge.network.HandshakeHandler/FMLHANDSHAKE]: Sending ticking packet info 'Registry minecraft:potion' to 'fml:handshake' sequence 8
[20Aug2026 14:40:19.698] [Netty Server IO #17/DEBUG] [net.minecraftforge.network.LoginWrapper/FMLHANDSHAKE]: Recieved login wrapper packet event for channel fml:handshake with index 3
[20Aug2026 14:40:19.698] [Netty Server IO #17/DEBUG] [net.minecraftforge.network.HandshakeHandler/FMLHANDSHAKE]: Received client indexed reply 3 of type net.minecraftforge.network.HandshakeMessages$C2SAcknowledge
[20Aug2026 14:40:19.698] [Netty Server IO #17/DEBUG] [net.minecraftforge.network.HandshakeHandler/FMLHANDSHAKE]: Received acknowledgement from client
[20Aug2026 14:40:19.726] [Server thread/DEBUG] [net.minecraftforge.network.HandshakeHandler/FMLHANDSHAKE]: Sending ticking packet info 'Registry minecraft:painting_variant' to 'fml:handshake' sequence 9
[20Aug2026 14:40:19.776] [Server thread/DEBUG] [net.minecraftforge.network.HandshakeHandler/FMLHANDSHAKE]: Sending ticking packet info 'Registry forge:fluid_type' to 'fml:handshake' sequence 10
[20Aug2026 14:40:19.827] [Server thread/DEBUG] [net.minecraftforge.network.HandshakeHandler/FMLHANDSHAKE]: Sending ticking packet info 'Registry minecraft:block_entity_type' to 'fml:handshake' sequence 11
[20Aug2026 14:40:19.876] [Server thread/DEBUG] [net.minecraftforge.network.HandshakeHandler/FMLHANDSHAKE]: Sending ticking packet info 'Registry forge:display_contexts' to 'fml:handshake' sequence 12
[20Aug2026 14:40:19.925] [Server thread/DEBUG] [net.minecraftforge.network.HandshakeHandler/FMLHANDSHAKE]: Sending ticking packet info 'Registry minecraft:block' to 'fml:handshake' sequence 13
[20Aug2026 14:40:19.977] [Server thread/DEBUG] [net.minecraftforge.network.HandshakeHandler/FMLHANDSHAKE]: Sending ticking packet info 'Registry forge:entity_data_serializers' to 'fml:handshake' sequence 14
[20Aug2026 14:40:20.026] [Server thread/DEBUG] [net.minecraftforge.network.HandshakeHandler/FMLHANDSHAKE]: Sending ticking packet info 'Registry minecraft:mob_effect' to 'fml:handshake' sequence 15
[20Aug2026 14:40:20.075] [Server thread/DEBUG] [net.minecraftforge.network.HandshakeHandler/FMLHANDSHAKE]: Sending ticking packet info 'Registry minecraft:stat_type' to 'fml:handshake' sequence 16
[20Aug2026 14:40:20.126] [Server thread/DEBUG] [net.minecraftforge.network.HandshakeHandler/FMLHANDSHAKE]: Sending ticking packet info 'Registry minecraft:menu' to 'fml:handshake' sequence 17
[20Aug2026 14:40:20.167] [Netty Server IO #17/DEBUG] [net.minecraftforge.network.LoginWrapper/FMLHANDSHAKE]: Recieved login wrapper packet event for channel fml:handshake with index 4
[20Aug2026 14:40:20.168] [Netty Server IO #17/DEBUG] [net.minecraftforge.network.HandshakeHandler/FMLHANDSHAKE]: Received client indexed reply 4 of type net.minecraftforge.network.HandshakeMessages$C2SAcknowledge
[20Aug2026 14:40:20.168] [Netty Server IO #17/DEBUG] [net.minecraftforge.network.HandshakeHandler/FMLHANDSHAKE]: Received acknowledgement from client
[20Aug2026 14:40:20.168] [Netty Server IO #17/DEBUG] [net.minecraftforge.network.LoginWrapper/FMLHANDSHAKE]: Recieved login wrapper packet event for channel fml:handshake with index 5
[20Aug2026 14:40:20.168] [Netty Server IO #17/DEBUG] [net.minecraftforge.network.HandshakeHandler/FMLHANDSHAKE]: Received client indexed reply 5 of type net.minecraftforge.network.HandshakeMessages$C2SAcknowledge
[20Aug2026 14:40:20.168] [Netty Server IO #17/DEBUG] [net.minecraftforge.network.HandshakeHandler/FMLHANDSHAKE]: Received acknowledgement from client
[20Aug2026 14:40:20.168] [Netty Server IO #17/DEBUG] [net.minecraftforge.network.LoginWrapper/FMLHANDSHAKE]: Recieved login wrapper packet event for channel fml:handshake with index 6
[20Aug2026 14:40:20.168] [Netty Server IO #17/DEBUG] [net.minecraftforge.network.HandshakeHandler/FMLHANDSHAKE]: Received client indexed reply 6 of type net.minecraftforge.network.HandshakeMessages$C2SAcknowledge
[20Aug2026 14:40:20.168] [Netty Server IO #17/DEBUG] [net.minecraftforge.network.HandshakeHandler/FMLHANDSHAKE]: Received acknowledgement from client
[20Aug2026 14:40:20.177] [Server thread/DEBUG] [net.minecraftforge.network.HandshakeHandler/FMLHANDSHAKE]: Sending ticking packet info 'Registry minecraft:enchantment' to 'fml:handshake' sequence 18
[20Aug2026 14:40:20.226] [Server thread/DEBUG] [net.minecraftforge.network.HandshakeHandler/FMLHANDSHAKE]: Sending ticking packet info 'Registry minecraft:fluid' to 'fml:handshake' sequence 19
[20Aug2026 14:40:20.276] [Server thread/DEBUG] [net.minecraftforge.network.HandshakeHandler/FMLHANDSHAKE]: Sending ticking packet info 'Registry minecraft:entity_type' to 'fml:handshake' sequence 20
[20Aug2026 14:40:20.277] [Netty Server IO #17/DEBUG] [net.minecraftforge.network.LoginWrapper/FMLHANDSHAKE]: Recieved login wrapper packet event for channel fml:handshake with index 7
[20Aug2026 14:40:20.277] [Netty Server IO #17/DEBUG] [net.minecraftforge.network.HandshakeHandler/FMLHANDSHAKE]: Received client indexed reply 7 of type net.minecraftforge.network.HandshakeMessages$C2SAcknowledge
[20Aug2026 14:40:20.277] [Netty Server IO #17/DEBUG] [net.minecraftforge.network.HandshakeHandler/FMLHANDSHAKE]: Received acknowledgement from client
[20Aug2026 14:40:20.277] [Netty Server IO #17/DEBUG] [net.minecraftforge.network.LoginWrapper/FMLHANDSHAKE]: Recieved login wrapper packet event for channel fml:handshake with index 8
[20Aug2026 14:40:20.277] [Netty Server IO #17/DEBUG] [net.minecraftforge.network.HandshakeHandler/FMLHANDSHAKE]: Received client indexed reply 8 of type net.minecraftforge.network.HandshakeMessages$C2SAcknowledge
[20Aug2026 14:40:20.277] [Netty Server IO #17/DEBUG] [net.minecraftforge.network.HandshakeHandler/FMLHANDSHAKE]: Received acknowledgement from client
[20Aug2026 14:40:20.277] [Netty Server IO #17/DEBUG] [net.minecraftforge.network.LoginWrapper/FMLHANDSHAKE]: Recieved login wrapper packet event for channel fml:handshake with index 9
[20Aug2026 14:40:20.277] [Netty Server IO #17/DEBUG] [net.minecraftforge.network.HandshakeHandler/FMLHANDSHAKE]: Received client indexed reply 9 of type net.minecraftforge.network.HandshakeMessages$C2SAcknowledge
[20Aug2026 14:40:20.278] [Netty Server IO #17/DEBUG] [net.minecraftforge.network.HandshakeHandler/FMLHANDSHAKE]: Received acknowledgement from client
[20Aug2026 14:40:20.278] [Netty Server IO #17/DEBUG] [net.minecraftforge.network.LoginWrapper/FMLHANDSHAKE]: Recieved login wrapper packet event for channel fml:handshake with index 10
[20Aug2026 14:40:20.278] [Netty Server IO #17/DEBUG] [net.minecraftforge.network.HandshakeHandler/FMLHANDSHAKE]: Received client indexed reply 10 of type net.minecraftforge.network.HandshakeMessages$C2SAcknowledge
[20Aug2026 14:40:20.278] [Netty Server IO #17/DEBUG] [net.minecraftforge.network.HandshakeHandler/FMLHANDSHAKE]: Received acknowledgement from client
[20Aug2026 14:40:20.278] [Netty Server IO #17/DEBUG] [net.minecraftforge.network.LoginWrapper/FMLHANDSHAKE]: Recieved login wrapper packet event for channel fml:handshake with index 11
[20Aug2026 14:40:20.278] [Netty Server IO #17/DEBUG] [net.minecraftforge.network.HandshakeHandler/FMLHANDSHAKE]: Received client indexed reply 11 of type net.minecraftforge.network.HandshakeMessages$C2SAcknowledge
[20Aug2026 14:40:20.278] [Netty Server IO #17/DEBUG] [net.minecraftforge.network.HandshakeHandler/FMLHANDSHAKE]: Received acknowledgement from client
[20Aug2026 14:40:20.278] [Netty Server IO #17/DEBUG] [net.minecraftforge.network.LoginWrapper/FMLHANDSHAKE]: Recieved login wrapper packet event for channel fml:handshake with index 12
[20Aug2026 14:40:20.278] [Netty Server IO #17/DEBUG] [net.minecraftforge.network.HandshakeHandler/FMLHANDSHAKE]: Received client indexed reply 12 of type net.minecraftforge.network.HandshakeMessages$C2SAcknowledge
[20Aug2026 14:40:20.278] [Netty Server IO #17/DEBUG] [net.minecraftforge.network.HandshakeHandler/FMLHANDSHAKE]: Received acknowledgement from client
[20Aug2026 14:40:20.325] [Server thread/DEBUG] [net.minecraftforge.network.HandshakeHandler/FMLHANDSHAKE]: Sending ticking packet info 'Config forge-server.toml' to 'fml:handshake' sequence 21
[20Aug2026 14:40:20.427] [Netty Server IO #17/DEBUG] [net.minecraftforge.network.LoginWrapper/FMLHANDSHAKE]: Recieved login wrapper packet event for channel fml:handshake with index 13
[20Aug2026 14:40:20.427] [Netty Server IO #17/DEBUG] [net.minecraftforge.network.HandshakeHandler/FMLHANDSHAKE]: Received client indexed reply 13 of type net.minecraftforge.network.HandshakeMessages$C2SAcknowledge
[20Aug2026 14:40:20.427] [Netty Server IO #17/DEBUG] [net.minecraftforge.network.HandshakeHandler/FMLHANDSHAKE]: Received acknowledgement from client
[20Aug2026 14:40:20.427] [Netty Server IO #17/DEBUG] [net.minecraftforge.network.LoginWrapper/FMLHANDSHAKE]: Recieved login wrapper packet event for channel fml:handshake with index 14
[20Aug2026 14:40:20.427] [Netty Server IO #17/DEBUG] [net.minecraftforge.network.HandshakeHandler/FMLHANDSHAKE]: Received client indexed reply 14 of type net.minecraftforge.network.HandshakeMessages$C2SAcknowledge
[20Aug2026 14:40:20.427] [Netty Server IO #17/DEBUG] [net.minecraftforge.network.HandshakeHandler/FMLHANDSHAKE]: Received acknowledgement from client
[20Aug2026 14:40:20.427] [Netty Server IO #17/DEBUG] [net.minecraftforge.network.LoginWrapper/FMLHANDSHAKE]: Recieved login wrapper packet event for channel fml:handshake with index 15
[20Aug2026 14:40:20.427] [Netty Server IO #17/DEBUG] [net.minecraftforge.network.HandshakeHandler/FMLHANDSHAKE]: Received client indexed reply 15 of type net.minecraftforge.network.HandshakeMessages$C2SAcknowledge
[20Aug2026 14:40:20.427] [Netty Server IO #17/DEBUG] [net.minecraftforge.network.HandshakeHandler/FMLHANDSHAKE]: Received acknowledgement from client
[20Aug2026 14:40:20.427] [Netty Server IO #17/DEBUG] [net.minecraftforge.network.LoginWrapper/FMLHANDSHAKE]: Recieved login wrapper packet event for channel fml:handshake with index 16
[20Aug2026 14:40:20.427] [Netty Server IO #17/DEBUG] [net.minecraftforge.network.HandshakeHandler/FMLHANDSHAKE]: Received client indexed reply 16 of type net.minecraftforge.network.HandshakeMessages$C2SAcknowledge
[20Aug2026 14:40:20.427] [Netty Server IO #17/DEBUG] [net.minecraftforge.network.HandshakeHandler/FMLHANDSHAKE]: Received acknowledgement from client
[20Aug2026 14:40:20.427] [Netty Server IO #17/DEBUG] [net.minecraftforge.network.LoginWrapper/FMLHANDSHAKE]: Recieved login wrapper packet event for channel fml:handshake with index 17
[20Aug2026 14:40:20.427] [Netty Server IO #17/DEBUG] [net.minecraftforge.network.HandshakeHandler/FMLHANDSHAKE]: Received client indexed reply 17 of type net.minecraftforge.network.HandshakeMessages$C2SAcknowledge
[20Aug2026 14:40:20.427] [Netty Server IO #17/DEBUG] [net.minecraftforge.network.HandshakeHandler/FMLHANDSHAKE]: Received acknowledgement from client
[20Aug2026 14:40:20.427] [Netty Server IO #17/DEBUG] [net.minecraftforge.network.LoginWrapper/FMLHANDSHAKE]: Recieved login wrapper packet event for channel fml:handshake with index 18
[20Aug2026 14:40:20.427] [Netty Server IO #17/DEBUG] [net.minecraftforge.network.HandshakeHandler/FMLHANDSHAKE]: Received client indexed reply 18 of type net.minecraftforge.network.HandshakeMessages$C2SAcknowledge
[20Aug2026 14:40:20.427] [Netty Server IO #17/DEBUG] [net.minecraftforge.network.HandshakeHandler/FMLHANDSHAKE]: Received acknowledgement from client
[20Aug2026 14:40:20.538] [Netty Server IO #17/DEBUG] [net.minecraftforge.network.LoginWrapper/FMLHANDSHAKE]: Recieved login wrapper packet event for channel fml:handshake with index 19
[20Aug2026 14:40:20.539] [Netty Server IO #17/DEBUG] [net.minecraftforge.network.HandshakeHandler/FMLHANDSHAKE]: Received client indexed reply 19 of type net.minecraftforge.network.HandshakeMessages$C2SAcknowledge
[20Aug2026 14:40:20.539] [Netty Server IO #17/DEBUG] [net.minecraftforge.network.HandshakeHandler/FMLHANDSHAKE]: Received acknowledgement from client
[20Aug2026 14:40:20.898] [Netty Server IO #17/DEBUG] [net.minecraftforge.network.LoginWrapper/FMLHANDSHAKE]: Recieved login wrapper packet event for channel fml:handshake with index 20
[20Aug2026 14:40:20.898] [Netty Server IO #17/DEBUG] [net.minecraftforge.network.HandshakeHandler/FMLHANDSHAKE]: Received client indexed reply 20 of type net.minecraftforge.network.HandshakeMessages$C2SAcknowledge
[20Aug2026 14:40:20.898] [Netty Server IO #17/DEBUG] [net.minecraftforge.network.HandshakeHandler/FMLHANDSHAKE]: Received acknowledgement from client
[20Aug2026 14:40:20.898] [Netty Server IO #17/DEBUG] [net.minecraftforge.network.LoginWrapper/FMLHANDSHAKE]: Recieved login wrapper packet event for channel fml:handshake with index 21
[20Aug2026 14:40:20.898] [Netty Server IO #17/DEBUG] [net.minecraftforge.network.HandshakeHandler/FMLHANDSHAKE]: Received client indexed reply 21 of type net.minecraftforge.network.HandshakeMessages$C2SAcknowledge
[20Aug2026 14:40:20.898] [Netty Server IO #17/DEBUG] [net.minecraftforge.network.HandshakeHandler/FMLHANDSHAKE]: Received acknowledgement from client
[20Aug2026 14:40:20.927] [Server thread/DEBUG] [net.minecraftforge.network.HandshakeHandler/FMLHANDSHAKE]: Handshake complete!
[20Aug2026 14:40:21.018] [Server thread/INFO] [net.minecraft.server.players.PlayerList/]: sadkewa[/192.168.1.6:36325] logged in with entity id 441664 at (-543.494201540947, 72.25999996066093, 1777.6490246802568)
[20Aug2026 14:40:21.018] [Server thread/DEBUG] [net.minecraftforge.network.filters.NetworkFilters/]: Injected net.minecraftforge.network.filters.ForgeConnectionNetworkFilter@6f2c1af7 into net.minecraft.network.Connection@15a9b01a
[20Aug2026 14:40:21.021] [Server thread/INFO] [net.minecraft.server.MinecraftServer/]: sadkewa joined the game
[20Aug2026 14:40:21.023] [Server thread/INFO] [fallingtrees | Config/]: Sending common config 'fallingtrees:fallingtrees_common' to sadkewa
[20Aug2026 14:40:21.024] [Server thread/DEBUG] [voicechat/]: [voicechat] Setting default state of sadkewa: {disabled=false, disconnected=true, uuid=c95ba5d9-f943-3fde-bceb-bc7fb8e3daa9, name=sadkewa, group=null}
[20Aug2026 14:40:21.346] [Netty Server IO #17/INFO] [fallingtrees | Config/]: Received client config 'fallingtrees:fallingtrees_client' from sadkewa
[20Aug2026 14:40:21.652] [Server thread/INFO] [voicechat/]: [voicechat] Received secret request of sadkewa (20)
[20Aug2026 14:40:21.653] [Server thread/DEBUG] [voicechat/]: [voicechat] Sending initial states to sadkewa
[20Aug2026 14:40:21.653] [Server thread/DEBUG] [voicechat/]: [voicechat] Synchronizing 0 groups with sadkewa
[20Aug2026 14:40:21.653] [Server thread/DEBUG] [voicechat/]: [voicechat] Synchronizing 1 volume categories with sadkewa
[20Aug2026 14:40:21.653] [Server thread/INFO] [voicechat/]: [voicechat] Sent secret to sadkewa
[20Aug2026 14:40:22.507] [Netty Server IO #19/DEBUG] [net.minecraftforge.network.HandshakeHandler/FMLHANDSHAKE]: Starting new modded impl connection. Found 22 messages to dispatch.
[20Aug2026 14:40:22.793] [Server thread/DEBUG] [net.minecraftforge.network.HandshakeHandler/FMLHANDSHAKE]: Sending ticking packet info 'net.minecraftforge.network.HandshakeMessages$S2CModData' to 'fml:handshake' sequence 0
[20Aug2026 14:40:22.845] [Server thread/DEBUG] [net.minecraftforge.network.HandshakeHandler/FMLHANDSHAKE]: Sending ticking packet info 'net.minecraftforge.network.HandshakeMessages$S2CModList' to 'fml:handshake' sequence 1
[20Aug2026 14:40:22.891] [Server thread/DEBUG] [net.minecraftforge.network.HandshakeHandler/FMLHANDSHAKE]: Sending ticking packet info 'Registry minecraft:command_argument_type' to 'fml:handshake' sequence 2
[20Aug2026 14:40:22.945] [Server thread/DEBUG] [net.minecraftforge.network.HandshakeHandler/FMLHANDSHAKE]: Sending ticking packet info 'Registry minecraft:recipe_serializer' to 'fml:handshake' sequence 3
[20Aug2026 14:40:22.994] [Server thread/DEBUG] [net.minecraftforge.network.HandshakeHandler/FMLHANDSHAKE]: Sending ticking packet info 'Registry minecraft:sound_event' to 'fml:handshake' sequence 4
[20Aug2026 14:40:23.045] [Server thread/DEBUG] [net.minecraftforge.network.HandshakeHandler/FMLHANDSHAKE]: Sending ticking packet info 'Registry minecraft:particle_type' to 'fml:handshake' sequence 5
[20Aug2026 14:40:23.085] [Netty Server IO #19/DEBUG] [net.minecraftforge.network.LoginWrapper/FMLHANDSHAKE]: Recieved login wrapper packet event for channel fml:handshake with index 1
[20Aug2026 14:40:23.085] [Netty Server IO #19/DEBUG] [net.minecraftforge.network.HandshakeHandler/FMLHANDSHAKE]: Received client indexed reply 1 of type net.minecraftforge.network.HandshakeMessages$C2SModListReply
[20Aug2026 14:40:23.085] [Netty Server IO #19/DEBUG] [net.minecraftforge.network.HandshakeHandler/FMLHANDSHAKE]: Received client connection with modlist [minecraft, voicechat, voicechat_api, doubledoors, extragore, ambientsounds, supermartijn642configlib, nochatreports, geckolib, creativecore, cleanswing, trender, modelfix, sound_physics_remastered, its_not_real, collective, enhancedvisuals, entityculling, betterthirdperson, badmobs, architectury, fallingtrees, jamlib, pandalib, rightclickharvest, transition, chat_heads, the_wonderland, forge, varietree, embeddium, rubidium, oculus, durabilitytooltip, essential, presencefootsteps]
[20Aug2026 14:40:23.085] [Netty Server IO #19/DEBUG] [net.minecraftforge.network.NetworkRegistry/NETREGISTRY]: Channel 'pandalib:config_sync' : Version test of '1' from client : ACCEPTED
[20Aug2026 14:40:23.085] [Netty Server IO #19/DEBUG] [net.minecraftforge.network.NetworkRegistry/NETREGISTRY]: Channel 'architectury:network' : Version test of '1' from client : ACCEPTED
[20Aug2026 14:40:23.085] [Netty Server IO #19/DEBUG] [net.minecraftforge.network.NetworkRegistry/NETREGISTRY]: Channel 'voicechat:secret' : Version test of 'ALLOWVANILLA 💓💓💓' from client : ACCEPTED
[20Aug2026 14:40:23.085] [Netty Server IO #19/DEBUG] [net.minecraftforge.network.NetworkRegistry/NETREGISTRY]: Channel 'voicechat:leave_group' : Version test of 'ALLOWVANILLA 💓💓💓' from client : ACCEPTED
[20Aug2026 14:40:23.085] [Netty Server IO #19/DEBUG] [net.minecraftforge.network.NetworkRegistry/NETREGISTRY]: Channel 'voicechat:create_group' : Version test of 'ALLOWVANILLA 💓💓💓' from client : ACCEPTED
[20Aug2026 14:40:23.085] [Netty Server IO #19/DEBUG] [net.minecraftforge.network.NetworkRegistry/NETREGISTRY]: Channel 'minecraft:unregister' : Version test of 'FML3' from client : ACCEPTED
[20Aug2026 14:40:23.085] [Netty Server IO #19/DEBUG] [net.minecraftforge.network.NetworkRegistry/NETREGISTRY]: Channel 'enhancedvisuals:main' : Version test of '1' from client : ACCEPTED
[20Aug2026 14:40:23.085] [Netty Server IO #19/DEBUG] [net.minecraftforge.network.NetworkRegistry/NETREGISTRY]: Channel 'voicechat:states' : Version test of 'ALLOWVANILLA 💓💓💓' from client : ACCEPTED
[20Aug2026 14:40:23.086] [Netty Server IO #19/DEBUG] [net.minecraftforge.network.NetworkRegistry/NETREGISTRY]: Channel 'voicechat:set_group' : Version test of 'ALLOWVANILLA 💓💓💓' from client : ACCEPTED
[20Aug2026 14:40:23.086] [Netty Server IO #19/DEBUG] [net.minecraftforge.network.NetworkRegistry/NETREGISTRY]: Channel 'voicechat:joined_group' : Version test of 'ALLOWVANILLA 💓💓💓' from client : ACCEPTED
[20Aug2026 14:40:23.086] [Netty Server IO #19/DEBUG] [net.minecraftforge.network.NetworkRegistry/NETREGISTRY]: Channel 'voicechat:update_state' : Version test of 'ALLOWVANILLA 💓💓💓' from client : ACCEPTED
[20Aug2026 14:40:23.086] [Netty Server IO #19/DEBUG] [net.minecraftforge.network.NetworkRegistry/NETREGISTRY]: Channel 'extragore:main' : Version test of '1' from client : ACCEPTED
[20Aug2026 14:40:23.086] [Netty Server IO #19/DEBUG] [net.minecraftforge.network.NetworkRegistry/NETREGISTRY]: Channel 'voicechat:add_group' : Version test of 'ALLOWVANILLA 💓💓💓' from client : ACCEPTED
[20Aug2026 14:40:23.086] [Netty Server IO #19/DEBUG] [net.minecraftforge.network.NetworkRegistry/NETREGISTRY]: Channel 'fml:loginwrapper' : Version test of 'FML3' from client : ACCEPTED
[20Aug2026 14:40:23.086] [Netty Server IO #19/DEBUG] [net.minecraftforge.network.NetworkRegistry/NETREGISTRY]: Channel 'its_not_real:its_not_real' : Version test of '1' from client : ACCEPTED
[20Aug2026 14:40:23.086] [Netty Server IO #19/DEBUG] [net.minecraftforge.network.NetworkRegistry/NETREGISTRY]: Channel 'forge:tier_sorting' : Version test of '1.0' from client : ACCEPTED
[20Aug2026 14:40:23.086] [Netty Server IO #19/DEBUG] [net.minecraftforge.network.NetworkRegistry/NETREGISTRY]: Channel 'supermartijn642configlib:sync_configs' : Version test of '1.1.8' from client : ACCEPTED
[20Aug2026 14:40:23.086] [Netty Server IO #19/DEBUG] [net.minecraftforge.network.NetworkRegistry/NETREGISTRY]: Channel 'the_wonderland:the_wonderland' : Version test of '1' from client : ACCEPTED
[20Aug2026 14:40:23.086] [Netty Server IO #19/DEBUG] [net.minecraftforge.network.NetworkRegistry/NETREGISTRY]: Channel 'fml:play' : Version test of 'FML3' from client : ACCEPTED
[20Aug2026 14:40:23.086] [Netty Server IO #19/DEBUG] [net.minecraftforge.network.NetworkRegistry/NETREGISTRY]: Channel 'creativecore:main' : Version test of '1' from client : ACCEPTED
[20Aug2026 14:40:23.086] [Netty Server IO #19/DEBUG] [net.minecraftforge.network.NetworkRegistry/NETREGISTRY]: Channel 'voicechat:request_secret' : Version test of 'ALLOWVANILLA 💓💓💓' from client : ACCEPTED
[20Aug2026 14:40:23.086] [Netty Server IO #19/DEBUG] [net.minecraftforge.network.NetworkRegistry/NETREGISTRY]: Channel 'fml:handshake' : Version test of 'FML3' from client : ACCEPTED
[20Aug2026 14:40:23.086] [Netty Server IO #19/DEBUG] [net.minecraftforge.network.NetworkRegistry/NETREGISTRY]: Channel 'voicechat:state' : Version test of 'ALLOWVANILLA 💓💓💓' from client : ACCEPTED
[20Aug2026 14:40:23.086] [Netty Server IO #19/DEBUG] [net.minecraftforge.network.NetworkRegistry/NETREGISTRY]: Channel 'voicechat:remove_category' : Version test of 'ALLOWVANILLA 💓💓💓' from client : ACCEPTED
[20Aug2026 14:40:23.086] [Netty Server IO #19/DEBUG] [net.minecraftforge.network.NetworkRegistry/NETREGISTRY]: Channel 'voicechat:remove_group' : Version test of 'ALLOWVANILLA 💓💓💓' from client : ACCEPTED
[20Aug2026 14:40:23.086] [Netty Server IO #19/DEBUG] [net.minecraftforge.network.NetworkRegistry/NETREGISTRY]: Channel 'voicechat:add_category' : Version test of 'ALLOWVANILLA 💓💓💓' from client : ACCEPTED
[20Aug2026 14:40:23.086] [Netty Server IO #19/DEBUG] [net.minecraftforge.network.NetworkRegistry/NETREGISTRY]: Channel 'voicechat:remove_state' : Version test of 'ALLOWVANILLA 💓💓💓' from client : ACCEPTED
[20Aug2026 14:40:23.086] [Netty Server IO #19/DEBUG] [net.minecraftforge.network.NetworkRegistry/NETREGISTRY]: Channel 'minecraft:register' : Version test of 'FML3' from client : ACCEPTED
[20Aug2026 14:40:23.086] [Netty Server IO #19/DEBUG] [net.minecraftforge.network.NetworkRegistry/NETREGISTRY]: Channel 'forge:split' : Version test of '1.1' from client : ACCEPTED
[20Aug2026 14:40:23.086] [Netty Server IO #19/DEBUG] [net.minecraftforge.network.NetworkRegistry/NETREGISTRY]: Channel 'geckolib:main' : Version test of '1' from client : ACCEPTED
[20Aug2026 14:40:23.086] [Netty Server IO #19/DEBUG] [net.minecraftforge.network.NetworkRegistry/NETREGISTRY]: Accepting channel list from client
[20Aug2026 14:40:23.086] [Netty Server IO #19/DEBUG] [net.minecraftforge.network.HandshakeHandler/FMLHANDSHAKE]: Accepted client connection mod list
[20Aug2026 14:40:23.093] [Server thread/DEBUG] [net.minecraftforge.network.HandshakeHandler/FMLHANDSHAKE]: Sending ticking packet info 'Registry minecraft:villager_profession' to 'fml:handshake' sequence 6
[20Aug2026 14:40:23.118] [Netty Server IO #19/DEBUG] [net.minecraftforge.network.LoginWrapper/FMLHANDSHAKE]: Recieved login wrapper packet event for channel fml:handshake with index 2
[20Aug2026 14:40:23.118] [Netty Server IO #19/DEBUG] [net.minecraftforge.network.HandshakeHandler/FMLHANDSHAKE]: Received client indexed reply 2 of type net.minecraftforge.network.HandshakeMessages$C2SAcknowledge
[20Aug2026 14:40:23.118] [Netty Server IO #19/DEBUG] [net.minecraftforge.network.HandshakeHandler/FMLHANDSHAKE]: Received acknowledgement from client
[20Aug2026 14:40:23.143] [Server thread/DEBUG] [net.minecraftforge.network.HandshakeHandler/FMLHANDSHAKE]: Sending ticking packet info 'Registry minecraft:item' to 'fml:handshake' sequence 7
[20Aug2026 14:40:23.175] [Netty Server IO #19/DEBUG] [net.minecraftforge.network.LoginWrapper/FMLHANDSHAKE]: Recieved login wrapper packet event for channel fml:handshake with index 3
[20Aug2026 14:40:23.175] [Netty Server IO #19/DEBUG] [net.minecraftforge.network.HandshakeHandler/FMLHANDSHAKE]: Received client indexed reply 3 of type net.minecraftforge.network.HandshakeMessages$C2SAcknowledge
[20Aug2026 14:40:23.175] [Netty Server IO #19/DEBUG] [net.minecraftforge.network.HandshakeHandler/FMLHANDSHAKE]: Received acknowledgement from client
[20Aug2026 14:40:23.193] [Server thread/DEBUG] [net.minecraftforge.network.HandshakeHandler/FMLHANDSHAKE]: Sending ticking packet info 'Registry minecraft:potion' to 'fml:handshake' sequence 8
[20Aug2026 14:40:23.243] [Server thread/DEBUG] [net.minecraftforge.network.HandshakeHandler/FMLHANDSHAKE]: Sending ticking packet info 'Registry minecraft:painting_variant' to 'fml:handshake' sequence 9
[20Aug2026 14:40:23.295] [Server thread/DEBUG] [net.minecraftforge.network.HandshakeHandler/FMLHANDSHAKE]: Sending ticking packet info 'Registry forge:fluid_type' to 'fml:handshake' sequence 10
[20Aug2026 14:40:23.334] [Server thread/DEBUG] [net.minecraftforge.network.HandshakeHandler/FMLHANDSHAKE]: Sending ticking packet info 'Registry minecraft:block_entity_type' to 'fml:handshake' sequence 11
[20Aug2026 14:40:23.384] [Server thread/DEBUG] [net.minecraftforge.network.HandshakeHandler/FMLHANDSHAKE]: Sending ticking packet info 'Registry forge:display_contexts' to 'fml:handshake' sequence 12
[20Aug2026 14:40:23.434] [Server thread/DEBUG] [net.minecraftforge.network.HandshakeHandler/FMLHANDSHAKE]: Sending ticking packet info 'Registry minecraft:block' to 'fml:handshake' sequence 13
[20Aug2026 14:40:23.485] [Server thread/DEBUG] [net.minecraftforge.network.HandshakeHandler/FMLHANDSHAKE]: Sending ticking packet info 'Registry forge:entity_data_serializers' to 'fml:handshake' sequence 14
[20Aug2026 14:40:23.534] [Server thread/DEBUG] [net.minecraftforge.network.HandshakeHandler/FMLHANDSHAKE]: Sending ticking packet info 'Registry minecraft:mob_effect' to 'fml:handshake' sequence 15
[20Aug2026 14:40:23.584] [Server thread/DEBUG] [net.minecraftforge.network.HandshakeHandler/FMLHANDSHAKE]: Sending ticking packet info 'Registry minecraft:stat_type' to 'fml:handshake' sequence 16
[20Aug2026 14:40:23.635] [Server thread/DEBUG] [net.minecraftforge.network.HandshakeHandler/FMLHANDSHAKE]: Sending ticking packet info 'Registry minecraft:menu' to 'fml:handshake' sequence 17
[20Aug2026 14:40:23.683] [Server thread/DEBUG] [net.minecraftforge.network.HandshakeHandler/FMLHANDSHAKE]: Sending ticking packet info 'Registry minecraft:enchantment' to 'fml:handshake' sequence 18
[20Aug2026 14:40:23.702] [Netty Server IO #19/DEBUG] [net.minecraftforge.network.LoginWrapper/FMLHANDSHAKE]: Recieved login wrapper packet event for channel fml:handshake with index 4
[20Aug2026 14:40:23.703] [Netty Server IO #19/DEBUG] [net.minecraftforge.network.HandshakeHandler/FMLHANDSHAKE]: Received client indexed reply 4 of type net.minecraftforge.network.HandshakeMessages$C2SAcknowledge
[20Aug2026 14:40:23.703] [Netty Server IO #19/DEBUG] [net.minecraftforge.network.HandshakeHandler/FMLHANDSHAKE]: Received acknowledgement from client
[20Aug2026 14:40:23.707] [Netty Server IO #19/DEBUG] [net.minecraftforge.network.LoginWrapper/FMLHANDSHAKE]: Recieved login wrapper packet event for channel fml:handshake with index 5
[20Aug2026 14:40:23.707] [Netty Server IO #19/DEBUG] [net.minecraftforge.network.HandshakeHandler/FMLHANDSHAKE]: Received client indexed reply 5 of type net.minecraftforge.network.HandshakeMessages$C2SAcknowledge
[20Aug2026 14:40:23.707] [Netty Server IO #19/DEBUG] [net.minecraftforge.network.HandshakeHandler/FMLHANDSHAKE]: Received acknowledgement from client
[20Aug2026 14:40:23.712] [Netty Server IO #19/DEBUG] [net.minecraftforge.network.LoginWrapper/FMLHANDSHAKE]: Recieved login wrapper packet event for channel fml:handshake with index 6
[20Aug2026 14:40:23.712] [Netty Server IO #19/DEBUG] [net.minecraftforge.network.HandshakeHandler/FMLHANDSHAKE]: Received client indexed reply 6 of type net.minecraftforge.network.HandshakeMessages$C2SAcknowledge
[20Aug2026 14:40:23.712] [Netty Server IO #19/DEBUG] [net.minecraftforge.network.HandshakeHandler/FMLHANDSHAKE]: Received acknowledgement from client
[20Aug2026 14:40:23.733] [Server thread/DEBUG] [net.minecraftforge.network.HandshakeHandler/FMLHANDSHAKE]: Sending ticking packet info 'Registry minecraft:fluid' to 'fml:handshake' sequence 19
[20Aug2026 14:40:23.776] [Netty Server IO #19/DEBUG] [net.minecraftforge.network.LoginWrapper/FMLHANDSHAKE]: Recieved login wrapper packet event for channel fml:handshake with index 7
[20Aug2026 14:40:23.776] [Netty Server IO #19/DEBUG] [net.minecraftforge.network.HandshakeHandler/FMLHANDSHAKE]: Received client indexed reply 7 of type net.minecraftforge.network.HandshakeMessages$C2SAcknowledge
[20Aug2026 14:40:23.776] [Netty Server IO #19/DEBUG] [net.minecraftforge.network.HandshakeHandler/FMLHANDSHAKE]: Received acknowledgement from client
[20Aug2026 14:40:23.778] [Netty Server IO #19/DEBUG] [net.minecraftforge.network.LoginWrapper/FMLHANDSHAKE]: Recieved login wrapper packet event for channel fml:handshake with index 8
[20Aug2026 14:40:23.778] [Netty Server IO #19/DEBUG] [net.minecraftforge.network.HandshakeHandler/FMLHANDSHAKE]: Received client indexed reply 8 of type net.minecraftforge.network.HandshakeMessages$C2SAcknowledge
[20Aug2026 14:40:23.778] [Netty Server IO #19/DEBUG] [net.minecraftforge.network.HandshakeHandler/FMLHANDSHAKE]: Received acknowledgement from client
[20Aug2026 14:40:23.778] [Netty Server IO #19/DEBUG] [net.minecraftforge.network.LoginWrapper/FMLHANDSHAKE]: Recieved login wrapper packet event for channel fml:handshake with index 9
[20Aug2026 14:40:23.778] [Netty Server IO #19/DEBUG] [net.minecraftforge.network.HandshakeHandler/FMLHANDSHAKE]: Received client indexed reply 9 of type net.minecraftforge.network.HandshakeMessages$C2SAcknowledge
[20Aug2026 14:40:23.778] [Netty Server IO #19/DEBUG] [net.minecraftforge.network.HandshakeHandler/FMLHANDSHAKE]: Received acknowledgement from client
[20Aug2026 14:40:23.784] [Server thread/DEBUG] [net.minecraftforge.network.HandshakeHandler/FMLHANDSHAKE]: Sending ticking packet info 'Registry minecraft:entity_type' to 'fml:handshake' sequence 20
[20Aug2026 14:40:23.789] [Netty Server IO #19/DEBUG] [net.minecraftforge.network.LoginWrapper/FMLHANDSHAKE]: Recieved login wrapper packet event for channel fml:handshake with index 10
[20Aug2026 14:40:23.789] [Netty Server IO #19/DEBUG] [net.minecraftforge.network.HandshakeHandler/FMLHANDSHAKE]: Received client indexed reply 10 of type net.minecraftforge.network.HandshakeMessages$C2SAcknowledge
[20Aug2026 14:40:23.789] [Netty Server IO #19/DEBUG] [net.minecraftforge.network.HandshakeHandler/FMLHANDSHAKE]: Received acknowledgement from client
[20Aug2026 14:40:23.789] [Netty Server IO #19/DEBUG] [net.minecraftforge.network.LoginWrapper/FMLHANDSHAKE]: Recieved login wrapper packet event for channel fml:handshake with index 11
[20Aug2026 14:40:23.789] [Netty Server IO #19/DEBUG] [net.minecraftforge.network.HandshakeHandler/FMLHANDSHAKE]: Received client indexed reply 11 of type net.minecraftforge.network.HandshakeMessages$C2SAcknowledge
[20Aug2026 14:40:23.789] [Netty Server IO #19/DEBUG] [net.minecraftforge.network.HandshakeHandler/FMLHANDSHAKE]: Received acknowledgement from client
[20Aug2026 14:40:23.789] [Netty Server IO #19/DEBUG] [net.minecraftforge.network.LoginWrapper/FMLHANDSHAKE]: Recieved login wrapper packet event for channel fml:handshake with index 12
[20Aug2026 14:40:23.789] [Netty Server IO #19/DEBUG] [net.minecraftforge.network.HandshakeHandler/FMLHANDSHAKE]: Received client indexed reply 12 of type net.minecraftforge.network.HandshakeMessages$C2SAcknowledge
[20Aug2026 14:40:23.789] [Netty Server IO #19/DEBUG] [net.minecraftforge.network.HandshakeHandler/FMLHANDSHAKE]: Received acknowledgement from client
[20Aug2026 14:40:23.834] [Server thread/DEBUG] [net.minecraftforge.network.HandshakeHandler/FMLHANDSHAKE]: Sending ticking packet info 'Config forge-server.toml' to 'fml:handshake' sequence 21
[20Aug2026 14:40:23.839] [Netty Server IO #22/DEBUG] [net.minecraftforge.network.HandshakeHandler/FMLHANDSHAKE]: Starting new modded impl connection. Found 22 messages to dispatch.
[20Aug2026 14:40:23.884] [Server thread/DEBUG] [net.minecraftforge.network.HandshakeHandler/FMLHANDSHAKE]: Sending ticking packet info 'net.minecraftforge.network.HandshakeMessages$S2CModData' to 'fml:handshake' sequence 0
[20Aug2026 14:40:23.935] [Server thread/DEBUG] [net.minecraftforge.network.HandshakeHandler/FMLHANDSHAKE]: Sending ticking packet info 'net.minecraftforge.network.HandshakeMessages$S2CModList' to 'fml:handshake' sequence 1
[20Aug2026 14:40:23.952] [Netty Server IO #19/DEBUG] [net.minecraftforge.network.LoginWrapper/FMLHANDSHAKE]: Recieved login wrapper packet event for channel fml:handshake with index 13
[20Aug2026 14:40:23.952] [Netty Server IO #19/DEBUG] [net.minecraftforge.network.HandshakeHandler/FMLHANDSHAKE]: Received client indexed reply 13 of type net.minecraftforge.network.HandshakeMessages$C2SAcknowledge
[20Aug2026 14:40:23.952] [Netty Server IO #19/DEBUG] [net.minecraftforge.network.HandshakeHandler/FMLHANDSHAKE]: Received acknowledgement from client
[20Aug2026 14:40:23.952] [Netty Server IO #19/DEBUG] [net.minecraftforge.network.LoginWrapper/FMLHANDSHAKE]: Recieved login wrapper packet event for channel fml:handshake with index 14
[20Aug2026 14:40:23.952] [Netty Server IO #19/DEBUG] [net.minecraftforge.network.HandshakeHandler/FMLHANDSHAKE]: Received client indexed reply 14 of type net.minecraftforge.network.HandshakeMessages$C2SAcknowledge
[20Aug2026 14:40:23.952] [Netty Server IO #19/DEBUG] [net.minecraftforge.network.HandshakeHandler/FMLHANDSHAKE]: Received acknowledgement from client
[20Aug2026 14:40:23.955] [Netty Server IO #19/DEBUG] [net.minecraftforge.network.LoginWrapper/FMLHANDSHAKE]: Recieved login wrapper packet event for channel fml:handshake with index 15
[20Aug2026 14:40:23.955] [Netty Server IO #19/DEBUG] [net.minecraftforge.network.HandshakeHandler/FMLHANDSHAKE]: Received client indexed reply 15 of type net.minecraftforge.network.HandshakeMessages$C2SAcknowledge
[20Aug2026 14:40:23.955] [Netty Server IO #19/DEBUG] [net.minecraftforge.network.HandshakeHandler/FMLHANDSHAKE]: Received acknowledgement from client
[20Aug2026 14:40:23.955] [Netty Server IO #19/DEBUG] [net.minecraftforge.network.LoginWrapper/FMLHANDSHAKE]: Recieved login wrapper packet event for channel fml:handshake with index 16
[20Aug2026 14:40:23.955] [Netty Server IO #19/DEBUG] [net.minecraftforge.network.HandshakeHandler/FMLHANDSHAKE]: Received client indexed reply 16 of type net.minecraftforge.network.HandshakeMessages$C2SAcknowledge
[20Aug2026 14:40:23.955] [Netty Server IO #19/DEBUG] [net.minecraftforge.network.HandshakeHandler/FMLHANDSHAKE]: Received acknowledgement from client
[20Aug2026 14:40:23.955] [Netty Server IO #19/DEBUG] [net.minecraftforge.network.LoginWrapper/FMLHANDSHAKE]: Recieved login wrapper packet event for channel fml:handshake with index 17
[20Aug2026 14:40:23.955] [Netty Server IO #19/DEBUG] [net.minecraftforge.network.HandshakeHandler/FMLHANDSHAKE]: Received client indexed reply 17 of type net.minecraftforge.network.HandshakeMessages$C2SAcknowledge
[20Aug2026 14:40:23.955] [Netty Server IO #19/DEBUG] [net.minecraftforge.network.HandshakeHandler/FMLHANDSHAKE]: Received acknowledgement from client
[20Aug2026 14:40:23.955] [Netty Server IO #19/DEBUG] [net.minecraftforge.network.LoginWrapper/FMLHANDSHAKE]: Recieved login wrapper packet event for channel fml:handshake with index 18
[20Aug2026 14:40:23.955] [Netty Server IO #19/DEBUG] [net.minecraftforge.network.HandshakeHandler/FMLHANDSHAKE]: Received client indexed reply 18 of type net.minecraftforge.network.HandshakeMessages$C2SAcknowledge
[20Aug2026 14:40:23.955] [Netty Server IO #19/DEBUG] [net.minecraftforge.network.HandshakeHandler/FMLHANDSHAKE]: Received acknowledgement from client
[20Aug2026 14:40:23.955] [Netty Server IO #19/DEBUG] [net.minecraftforge.network.LoginWrapper/FMLHANDSHAKE]: Recieved login wrapper packet event for channel fml:handshake with index 19
[20Aug2026 14:40:23.955] [Netty Server IO #19/DEBUG] [net.minecraftforge.network.HandshakeHandler/FMLHANDSHAKE]: Received client indexed reply 19 of type net.minecraftforge.network.HandshakeMessages$C2SAcknowledge
[20Aug2026 14:40:23.955] [Netty Server IO #19/DEBUG] [net.minecraftforge.network.HandshakeHandler/FMLHANDSHAKE]: Received acknowledgement from client
[20Aug2026 14:40:23.983] [Server thread/DEBUG] [net.minecraftforge.network.HandshakeHandler/FMLHANDSHAKE]: Sending ticking packet info 'Registry minecraft:command_argument_type' to 'fml:handshake' sequence 2
[20Aug2026 14:40:24.034] [Server thread/DEBUG] [net.minecraftforge.network.HandshakeHandler/FMLHANDSHAKE]: Sending ticking packet info 'Registry minecraft:recipe_serializer' to 'fml:handshake' sequence 3
[20Aug2026 14:40:24.082] [Server thread/DEBUG] [net.minecraftforge.network.HandshakeHandler/FMLHANDSHAKE]: Sending ticking packet info 'Registry minecraft:sound_event' to 'fml:handshake' sequence 4
[20Aug2026 14:40:24.135] [Server thread/DEBUG] [net.minecraftforge.network.HandshakeHandler/FMLHANDSHAKE]: Sending ticking packet info 'Registry minecraft:particle_type' to 'fml:handshake' sequence 5
[20Aug2026 14:40:24.183] [Server thread/DEBUG] [net.minecraftforge.network.HandshakeHandler/FMLHANDSHAKE]: Sending ticking packet info 'Registry minecraft:villager_profession' to 'fml:handshake' sequence 6
[20Aug2026 14:40:24.233] [Server thread/DEBUG] [net.minecraftforge.network.HandshakeHandler/FMLHANDSHAKE]: Sending ticking packet info 'Registry minecraft:item' to 'fml:handshake' sequence 7
[20Aug2026 14:40:24.282] [Server thread/DEBUG] [net.minecraftforge.network.HandshakeHandler/FMLHANDSHAKE]: Sending ticking packet info 'Registry minecraft:potion' to 'fml:handshake' sequence 8
[20Aug2026 14:40:24.333] [Server thread/DEBUG] [net.minecraftforge.network.HandshakeHandler/FMLHANDSHAKE]: Sending ticking packet info 'Registry minecraft:painting_variant' to 'fml:handshake' sequence 9
[20Aug2026 14:40:24.384] [Server thread/DEBUG] [net.minecraftforge.network.HandshakeHandler/FMLHANDSHAKE]: Sending ticking packet info 'Registry forge:fluid_type' to 'fml:handshake' sequence 10
[20Aug2026 14:40:24.434] [Server thread/DEBUG] [net.minecraftforge.network.HandshakeHandler/FMLHANDSHAKE]: Sending ticking packet info 'Registry minecraft:block_entity_type' to 'fml:handshake' sequence 11
[20Aug2026 14:40:24.483] [Server thread/DEBUG] [net.minecraftforge.network.HandshakeHandler/FMLHANDSHAKE]: Sending ticking packet info 'Registry forge:display_contexts' to 'fml:handshake' sequence 12
[20Aug2026 14:40:24.535] [Server thread/DEBUG] [net.minecraftforge.network.HandshakeHandler/FMLHANDSHAKE]: Sending ticking packet info 'Registry minecraft:block' to 'fml:handshake' sequence 13
[20Aug2026 14:40:24.583] [Server thread/DEBUG] [net.minecraftforge.network.HandshakeHandler/FMLHANDSHAKE]: Sending ticking packet info 'Registry forge:entity_data_serializers' to 'fml:handshake' sequence 14
[20Aug2026 14:40:24.612] [Netty Server IO #19/DEBUG] [net.minecraftforge.network.LoginWrapper/FMLHANDSHAKE]: Recieved login wrapper packet event for channel fml:handshake with index 20
[20Aug2026 14:40:24.612] [Netty Server IO #19/DEBUG] [net.minecraftforge.network.HandshakeHandler/FMLHANDSHAKE]: Received client indexed reply 20 of type net.minecraftforge.network.HandshakeMessages$C2SAcknowledge
[20Aug2026 14:40:24.612] [Netty Server IO #19/DEBUG] [net.minecraftforge.network.HandshakeHandler/FMLHANDSHAKE]: Received acknowledgement from client
[20Aug2026 14:40:24.617] [Netty Server IO #19/DEBUG] [net.minecraftforge.network.LoginWrapper/FMLHANDSHAKE]: Recieved login wrapper packet event for channel fml:handshake with index 21
[20Aug2026 14:40:24.617] [Netty Server IO #19/DEBUG] [net.minecraftforge.network.HandshakeHandler/FMLHANDSHAKE]: Received client indexed reply 21 of type net.minecraftforge.network.HandshakeMessages$C2SAcknowledge
[20Aug2026 14:40:24.617] [Netty Server IO #19/DEBUG] [net.minecraftforge.network.HandshakeHandler/FMLHANDSHAKE]: Received acknowledgement from client
[20Aug2026 14:40:24.634] [Server thread/DEBUG] [net.minecraftforge.network.HandshakeHandler/FMLHANDSHAKE]: Handshake complete!
[20Aug2026 14:40:24.634] [Server thread/DEBUG] [net.minecraftforge.network.HandshakeHandler/FMLHANDSHAKE]: Sending ticking packet info 'Registry minecraft:mob_effect' to 'fml:handshake' sequence 15
[20Aug2026 14:40:24.715] [Server thread/INFO] [net.minecraft.server.players.PlayerList/]: Polar34_[/192.168.1.6:36331] logged in with entity id 442445 at (-551.9846323624953, 72.0, 1772.717458755819)
[20Aug2026 14:40:24.715] [Server thread/DEBUG] [net.minecraftforge.network.filters.NetworkFilters/]: Injected net.minecraftforge.network.filters.ForgeConnectionNetworkFilter@f1be89c into net.minecraft.network.Connection@3831c80c
[20Aug2026 14:40:24.719] [Server thread/INFO] [net.minecraft.server.MinecraftServer/]: Polar34_ joined the game
[20Aug2026 14:40:24.752] [Server thread/INFO] [fallingtrees | Config/]: Sending common config 'fallingtrees:fallingtrees_common' to Polar34_
[20Aug2026 14:40:24.753] [Server thread/DEBUG] [voicechat/]: [voicechat] Setting default state of Polar34_: {disabled=false, disconnected=true, uuid=11f5df90-5d8f-3f3d-be93-a940df925d20, name=Polar34_, group=null}
[20Aug2026 14:40:24.753] [Server thread/DEBUG] [net.minecraftforge.network.HandshakeHandler/FMLHANDSHAKE]: Sending ticking packet info 'Registry minecraft:stat_type' to 'fml:handshake' sequence 16
[20Aug2026 14:40:24.771] [Server thread/DEBUG] [net.minecraftforge.network.HandshakeHandler/FMLHANDSHAKE]: Sending ticking packet info 'Registry minecraft:menu' to 'fml:handshake' sequence 17
[20Aug2026 14:40:24.835] [Server thread/DEBUG] [net.minecraftforge.network.HandshakeHandler/FMLHANDSHAKE]: Sending ticking packet info 'Registry minecraft:enchantment' to 'fml:handshake' sequence 18
[20Aug2026 14:40:24.901] [Server thread/DEBUG] [net.minecraftforge.network.HandshakeHandler/FMLHANDSHAKE]: Sending ticking packet info 'Registry minecraft:fluid' to 'fml:handshake' sequence 19
[20Aug2026 14:40:24.960] [Server thread/DEBUG] [net.minecraftforge.network.HandshakeHandler/FMLHANDSHAKE]: Sending ticking packet info 'Registry minecraft:entity_type' to 'fml:handshake' sequence 20
[20Aug2026 14:40:25.020] [Server thread/DEBUG] [net.minecraftforge.network.HandshakeHandler/FMLHANDSHAKE]: Sending ticking packet info 'Config forge-server.toml' to 'fml:handshake' sequence 21
[20Aug2026 14:40:25.025] [Netty Server IO #19/INFO] [fallingtrees | Config/]: Received client config 'fallingtrees:fallingtrees_client' from Polar34_
[20Aug2026 14:40:25.102] [Netty Server IO #23/DEBUG] [net.minecraftforge.network.HandshakeHandler/FMLHANDSHAKE]: Starting new modded impl connection. Found 22 messages to dispatch.
[20Aug2026 14:40:25.129] [Server thread/INFO] [voicechat/]: [voicechat] Received secret request of Polar34_ (20)
[20Aug2026 14:40:25.130] [Server thread/DEBUG] [voicechat/]: [voicechat] Sending initial states to Polar34_
[20Aug2026 14:40:25.130] [Server thread/DEBUG] [voicechat/]: [voicechat] Synchronizing 0 groups with Polar34_
[20Aug2026 14:40:25.130] [Server thread/DEBUG] [voicechat/]: [voicechat] Synchronizing 1 volume categories with Polar34_
[20Aug2026 14:40:25.130] [Server thread/INFO] [voicechat/]: [voicechat] Sent secret to Polar34_
[20Aug2026 14:40:25.169] [Server thread/DEBUG] [net.minecraftforge.network.HandshakeHandler/FMLHANDSHAKE]: Sending ticking packet info 'net.minecraftforge.network.HandshakeMessages$S2CModData' to 'fml:handshake' sequence 0
[20Aug2026 14:40:25.225] [Server thread/DEBUG] [net.minecraftforge.network.HandshakeHandler/FMLHANDSHAKE]: Sending ticking packet info 'net.minecraftforge.network.HandshakeMessages$S2CModList' to 'fml:handshake' sequence 1
[20Aug2026 14:40:25.238] [Server thread/DEBUG] [net.minecraftforge.network.HandshakeHandler/FMLHANDSHAKE]: Sending ticking packet info 'Registry minecraft:command_argument_type' to 'fml:handshake' sequence 2
[20Aug2026 14:40:25.249] [Server thread/DEBUG] [net.minecraftforge.network.HandshakeHandler/FMLHANDSHAKE]: Sending ticking packet info 'Registry minecraft:recipe_serializer' to 'fml:handshake' sequence 3
[20Aug2026 14:40:25.259] [Netty Server IO #23/DEBUG] [net.minecraftforge.network.LoginWrapper/FMLHANDSHAKE]: Recieved login wrapper packet event for channel fml:handshake with index 1
[20Aug2026 14:40:25.259] [Netty Server IO #23/DEBUG] [net.minecraftforge.network.HandshakeHandler/FMLHANDSHAKE]: Received client indexed reply 1 of type net.minecraftforge.network.HandshakeMessages$C2SModListReply
[20Aug2026 14:40:25.259] [Netty Server IO #23/DEBUG] [net.minecraftforge.network.HandshakeHandler/FMLHANDSHAKE]: Received client connection with modlist [minecraft, voicechat, voicechat_api, doubledoors, extragore, ambientsounds, supermartijn642configlib, nochatreports, geckolib, creativecore, cleanswing, trender, modelfix, sound_physics_remastered, its_not_real, collective, enhancedvisuals, entityculling, betterthirdperson, badmobs, architectury, fallingtrees, jamlib, pandalib, rightclickharvest, transition, chat_heads, the_wonderland, forge, varietree, tlskincape, embeddium, rubidium, oculus, durabilitytooltip, essential, presencefootsteps]
[20Aug2026 14:40:25.259] [Netty Server IO #23/DEBUG] [net.minecraftforge.network.NetworkRegistry/NETREGISTRY]: Channel 'pandalib:config_sync' : Version test of '1' from client : ACCEPTED
[20Aug2026 14:40:25.259] [Netty Server IO #23/DEBUG] [net.minecraftforge.network.NetworkRegistry/NETREGISTRY]: Channel 'architectury:network' : Version test of '1' from client : ACCEPTED
[20Aug2026 14:40:25.259] [Netty Server IO #23/DEBUG] [net.minecraftforge.network.NetworkRegistry/NETREGISTRY]: Channel 'voicechat:secret' : Version test of 'ALLOWVANILLA 💓💓💓' from client : ACCEPTED
[20Aug2026 14:40:25.259] [Netty Server IO #23/DEBUG] [net.minecraftforge.network.NetworkRegistry/NETREGISTRY]: Channel 'voicechat:leave_group' : Version test of 'ALLOWVANILLA 💓💓💓' from client : ACCEPTED
[20Aug2026 14:40:25.259] [Netty Server IO #23/DEBUG] [net.minecraftforge.network.NetworkRegistry/NETREGISTRY]: Channel 'voicechat:create_group' : Version test of 'ALLOWVANILLA 💓💓💓' from client : ACCEPTED
[20Aug2026 14:40:25.259] [Netty Server IO #23/DEBUG] [net.minecraftforge.network.NetworkRegistry/NETREGISTRY]: Channel 'minecraft:unregister' : Version test of 'FML3' from client : ACCEPTED
[20Aug2026 14:40:25.259] [Netty Server IO #23/DEBUG] [net.minecraftforge.network.NetworkRegistry/NETREGISTRY]: Channel 'enhancedvisuals:main' : Version test of '1' from client : ACCEPTED
[20Aug2026 14:40:25.259] [Netty Server IO #23/DEBUG] [net.minecraftforge.network.NetworkRegistry/NETREGISTRY]: Channel 'voicechat:states' : Version test of 'ALLOWVANILLA 💓💓💓' from client : ACCEPTED
[20Aug2026 14:40:25.259] [Netty Server IO #23/DEBUG] [net.minecraftforge.network.NetworkRegistry/NETREGISTRY]: Channel 'voicechat:set_group' : Version test of 'ALLOWVANILLA 💓💓💓' from client : ACCEPTED
[20Aug2026 14:40:25.259] [Netty Server IO #23/DEBUG] [net.minecraftforge.network.NetworkRegistry/NETREGISTRY]: Channel 'voicechat:joined_group' : Version test of 'ALLOWVANILLA 💓💓💓' from client : ACCEPTED
[20Aug2026 14:40:25.259] [Netty Server IO #23/DEBUG] [net.minecraftforge.network.NetworkRegistry/NETREGISTRY]: Channel 'voicechat:update_state' : Version test of 'ALLOWVANILLA 💓💓💓' from client : ACCEPTED
[20Aug2026 14:40:25.259] [Netty Server IO #23/DEBUG] [net.minecraftforge.network.NetworkRegistry/NETREGISTRY]: Channel 'extragore:main' : Version test of '1' from client : ACCEPTED
[20Aug2026 14:40:25.260] [Netty Server IO #23/DEBUG] [net.minecraftforge.network.NetworkRegistry/NETREGISTRY]: Channel 'voicechat:add_group' : Version test of 'ALLOWVANILLA 💓💓💓' from client : ACCEPTED
[20Aug2026 14:40:25.260] [Netty Server IO #23/DEBUG] [net.minecraftforge.network.NetworkRegistry/NETREGISTRY]: Channel 'fml:loginwrapper' : Version test of 'FML3' from client : ACCEPTED
[20Aug2026 14:40:25.260] [Netty Server IO #23/DEBUG] [net.minecraftforge.network.NetworkRegistry/NETREGISTRY]: Channel 'its_not_real:its_not_real' : Version test of '1' from client : ACCEPTED
[20Aug2026 14:40:25.260] [Netty Server IO #23/DEBUG] [net.minecraftforge.network.NetworkRegistry/NETREGISTRY]: Channel 'forge:tier_sorting' : Version test of '1.0' from client : ACCEPTED
[20Aug2026 14:40:25.260] [Netty Server IO #23/DEBUG] [net.minecraftforge.network.NetworkRegistry/NETREGISTRY]: Channel 'supermartijn642configlib:sync_configs' : Version test of '1.1.8' from client : ACCEPTED
[20Aug2026 14:40:25.260] [Netty Server IO #23/DEBUG] [net.minecraftforge.network.NetworkRegistry/NETREGISTRY]: Channel 'the_wonderland:the_wonderland' : Version test of '1' from client : ACCEPTED
[20Aug2026 14:40:25.260] [Netty Server IO #23/DEBUG] [net.minecraftforge.network.NetworkRegistry/NETREGISTRY]: Channel 'fml:play' : Version test of 'FML3' from client : ACCEPTED
[20Aug2026 14:40:25.260] [Netty Server IO #23/DEBUG] [net.minecraftforge.network.NetworkRegistry/NETREGISTRY]: Channel 'creativecore:main' : Version test of '1' from client : ACCEPTED
[20Aug2026 14:40:25.260] [Netty Server IO #23/DEBUG] [net.minecraftforge.network.NetworkRegistry/NETREGISTRY]: Channel 'voicechat:request_secret' : Version test of 'ALLOWVANILLA 💓💓💓' from client : ACCEPTED
[20Aug2026 14:40:25.260] [Netty Server IO #23/DEBUG] [net.minecraftforge.network.NetworkRegistry/NETREGISTRY]: Channel 'fml:handshake' : Version test of 'FML3' from client : ACCEPTED
[20Aug2026 14:40:25.260] [Netty Server IO #23/DEBUG] [net.minecraftforge.network.NetworkRegistry/NETREGISTRY]: Channel 'voicechat:state' : Version test of 'ALLOWVANILLA 💓💓💓' from client : ACCEPTED
[20Aug2026 14:40:25.260] [Netty Server IO #23/DEBUG] [net.minecraftforge.network.NetworkRegistry/NETREGISTRY]: Channel 'voicechat:remove_category' : Version test of 'ALLOWVANILLA 💓💓💓' from client : ACCEPTED
[20Aug2026 14:40:25.260] [Netty Server IO #23/DEBUG] [net.minecraftforge.network.NetworkRegistry/NETREGISTRY]: Channel 'voicechat:remove_group' : Version test of 'ALLOWVANILLA 💓💓💓' from client : ACCEPTED
[20Aug2026 14:40:25.260] [Netty Server IO #23/DEBUG] [net.minecraftforge.network.NetworkRegistry/NETREGISTRY]: Channel 'voicechat:add_category' : Version test of 'ALLOWVANILLA 💓💓💓' from client : ACCEPTED
[20Aug2026 14:40:25.260] [Netty Server IO #23/DEBUG] [net.minecraftforge.network.NetworkRegistry/NETREGISTRY]: Channel 'voicechat:remove_state' : Version test of 'ALLOWVANILLA 💓💓💓' from client : ACCEPTED
[20Aug2026 14:40:25.260] [Netty Server IO #23/DEBUG] [net.minecraftforge.network.NetworkRegistry/NETREGISTRY]: Channel 'minecraft:register' : Version test of 'FML3' from client : ACCEPTED
[20Aug2026 14:40:25.260] [Netty Server IO #23/DEBUG] [net.minecraftforge.network.NetworkRegistry/NETREGISTRY]: Channel 'forge:split' : Version test of '1.1' from client : ACCEPTED
[20Aug2026 14:40:25.260] [Netty Server IO #23/DEBUG] [net.minecraftforge.network.NetworkRegistry/NETREGISTRY]: Channel 'geckolib:main' : Version test of '1' from client : ACCEPTED
[20Aug2026 14:40:25.260] [Netty Server IO #23/DEBUG] [net.minecraftforge.network.NetworkRegistry/NETREGISTRY]: Accepting channel list from client
[20Aug2026 14:40:25.260] [Netty Server IO #23/DEBUG] [net.minecraftforge.network.HandshakeHandler/FMLHANDSHAKE]: Accepted client connection mod list
[20Aug2026 14:40:25.264] [Server thread/DEBUG] [net.minecraftforge.network.HandshakeHandler/FMLHANDSHAKE]: Sending ticking packet info 'Registry minecraft:sound_event' to 'fml:handshake' sequence 4
[20Aug2026 14:40:25.274] [Netty Server IO #23/DEBUG] [net.minecraftforge.network.LoginWrapper/FMLHANDSHAKE]: Recieved login wrapper packet event for channel fml:handshake with index 2
[20Aug2026 14:40:25.274] [Netty Server IO #23/DEBUG] [net.minecraftforge.network.HandshakeHandler/FMLHANDSHAKE]: Received client indexed reply 2 of type net.minecraftforge.network.HandshakeMessages$C2SAcknowledge
[20Aug2026 14:40:25.274] [Netty Server IO #23/DEBUG] [net.minecraftforge.network.HandshakeHandler/FMLHANDSHAKE]: Received acknowledgement from client
[20Aug2026 14:40:25.286] [Netty Server IO #23/DEBUG] [net.minecraftforge.network.LoginWrapper/FMLHANDSHAKE]: Recieved login wrapper packet event for channel fml:handshake with index 3
[20Aug2026 14:40:25.286] [Netty Server IO #23/DEBUG] [net.minecraftforge.network.HandshakeHandler/FMLHANDSHAKE]: Received client indexed reply 3 of type net.minecraftforge.network.HandshakeMessages$C2SAcknowledge
[20Aug2026 14:40:25.286] [Netty Server IO #23/DEBUG] [net.minecraftforge.network.HandshakeHandler/FMLHANDSHAKE]: Received acknowledgement from client
[20Aug2026 14:40:25.295] [Server thread/DEBUG] [net.minecraftforge.network.HandshakeHandler/FMLHANDSHAKE]: Sending ticking packet info 'Registry minecraft:particle_type' to 'fml:handshake' sequence 5
[20Aug2026 14:40:25.359] [Server thread/DEBUG] [net.minecraftforge.network.HandshakeHandler/FMLHANDSHAKE]: Sending ticking packet info 'Registry minecraft:villager_profession' to 'fml:handshake' sequence 6
[20Aug2026 14:40:25.365] [Netty Server IO #23/DEBUG] [net.minecraftforge.network.LoginWrapper/FMLHANDSHAKE]: Recieved login wrapper packet event for channel fml:handshake with index 4
[20Aug2026 14:40:25.365] [Netty Server IO #23/DEBUG] [net.minecraftforge.network.HandshakeHandler/FMLHANDSHAKE]: Received client indexed reply 4 of type net.minecraftforge.network.HandshakeMessages$C2SAcknowledge
[20Aug2026 14:40:25.365] [Netty Server IO #23/DEBUG] [net.minecraftforge.network.HandshakeHandler/FMLHANDSHAKE]: Received acknowledgement from client
[20Aug2026 14:40:25.366] [Netty Server IO #23/DEBUG] [net.minecraftforge.network.LoginWrapper/FMLHANDSHAKE]: Recieved login wrapper packet event for channel fml:handshake with index 5
[20Aug2026 14:40:25.366] [Netty Server IO #23/DEBUG] [net.minecraftforge.network.HandshakeHandler/FMLHANDSHAKE]: Received client indexed reply 5 of type net.minecraftforge.network.HandshakeMessages$C2SAcknowledge
[20Aug2026 14:40:25.366] [Netty Server IO #23/DEBUG] [net.minecraftforge.network.HandshakeHandler/FMLHANDSHAKE]: Received acknowledgement from client
[20Aug2026 14:40:25.389] [Netty Server IO #23/DEBUG] [net.minecraftforge.network.LoginWrapper/FMLHANDSHAKE]: Recieved login wrapper packet event for channel fml:handshake with index 6
[20Aug2026 14:40:25.389] [Netty Server IO #23/DEBUG] [net.minecraftforge.network.HandshakeHandler/FMLHANDSHAKE]: Received client indexed reply 6 of type net.minecraftforge.network.HandshakeMessages$C2SAcknowledge
[20Aug2026 14:40:25.389] [Netty Server IO #23/DEBUG] [net.minecraftforge.network.HandshakeHandler/FMLHANDSHAKE]: Received acknowledgement from client
[20Aug2026 14:40:25.392] [Server thread/DEBUG] [net.minecraftforge.network.HandshakeHandler/FMLHANDSHAKE]: Sending ticking packet info 'Registry minecraft:item' to 'fml:handshake' sequence 7
[20Aug2026 14:40:25.434] [Server thread/DEBUG] [net.minecraftforge.network.HandshakeHandler/FMLHANDSHAKE]: Sending ticking packet info 'Registry minecraft:potion' to 'fml:handshake' sequence 8
[20Aug2026 14:40:25.439] [Netty Server IO #23/DEBUG] [net.minecraftforge.network.LoginWrapper/FMLHANDSHAKE]: Recieved login wrapper packet event for channel fml:handshake with index 7
[20Aug2026 14:40:25.439] [Netty Server IO #23/DEBUG] [net.minecraftforge.network.HandshakeHandler/FMLHANDSHAKE]: Received client indexed reply 7 of type net.minecraftforge.network.HandshakeMessages$C2SAcknowledge
[20Aug2026 14:40:25.439] [Netty Server IO #23/DEBUG] [net.minecraftforge.network.HandshakeHandler/FMLHANDSHAKE]: Received acknowledgement from client
[20Aug2026 14:40:25.471] [Netty Server IO #23/DEBUG] [net.minecraftforge.network.LoginWrapper/FMLHANDSHAKE]: Recieved login wrapper packet event for channel fml:handshake with index 8
[20Aug2026 14:40:25.471] [Netty Server IO #23/DEBUG] [net.minecraftforge.network.HandshakeHandler/FMLHANDSHAKE]: Received client indexed reply 8 of type net.minecraftforge.network.HandshakeMessages$C2SAcknowledge
[20Aug2026 14:40:25.471] [Netty Server IO #23/DEBUG] [net.minecraftforge.network.HandshakeHandler/FMLHANDSHAKE]: Received acknowledgement from client
[20Aug2026 14:40:25.484] [Server thread/DEBUG] [net.minecraftforge.network.HandshakeHandler/FMLHANDSHAKE]: Sending ticking packet info 'Registry minecraft:painting_variant' to 'fml:handshake' sequence 9
[20Aug2026 14:40:25.517] [Netty Server IO #23/DEBUG] [net.minecraftforge.network.LoginWrapper/FMLHANDSHAKE]: Recieved login wrapper packet event for channel fml:handshake with index 9
[20Aug2026 14:40:25.517] [Netty Server IO #23/DEBUG] [net.minecraftforge.network.HandshakeHandler/FMLHANDSHAKE]: Received client indexed reply 9 of type net.minecraftforge.network.HandshakeMessages$C2SAcknowledge
[20Aug2026 14:40:25.517] [Netty Server IO #23/DEBUG] [net.minecraftforge.network.HandshakeHandler/FMLHANDSHAKE]: Received acknowledgement from client
[20Aug2026 14:40:25.533] [Server thread/DEBUG] [net.minecraftforge.network.HandshakeHandler/FMLHANDSHAKE]: Sending ticking packet info 'Registry forge:fluid_type' to 'fml:handshake' sequence 10
[20Aug2026 14:40:25.569] [Netty Server IO #23/DEBUG] [net.minecraftforge.network.LoginWrapper/FMLHANDSHAKE]: Recieved login wrapper packet event for channel fml:handshake with index 10
[20Aug2026 14:40:25.569] [Netty Server IO #23/DEBUG] [net.minecraftforge.network.HandshakeHandler/FMLHANDSHAKE]: Received client indexed reply 10 of type net.minecraftforge.network.HandshakeMessages$C2SAcknowledge
[20Aug2026 14:40:25.569] [Netty Server IO #23/DEBUG] [net.minecraftforge.network.HandshakeHandler/FMLHANDSHAKE]: Received acknowledgement from client
[20Aug2026 14:40:25.585] [Server thread/DEBUG] [net.minecraftforge.network.HandshakeHandler/FMLHANDSHAKE]: Sending ticking packet info 'Registry minecraft:block_entity_type' to 'fml:handshake' sequence 11
[20Aug2026 14:40:25.615] [Netty Server IO #23/DEBUG] [net.minecraftforge.network.LoginWrapper/FMLHANDSHAKE]: Recieved login wrapper packet event for channel fml:handshake with index 11
[20Aug2026 14:40:25.615] [Netty Server IO #23/DEBUG] [net.minecraftforge.network.HandshakeHandler/FMLHANDSHAKE]: Received client indexed reply 11 of type net.minecraftforge.network.HandshakeMessages$C2SAcknowledge
[20Aug2026 14:40:25.615] [Netty Server IO #23/DEBUG] [net.minecraftforge.network.HandshakeHandler/FMLHANDSHAKE]: Received acknowledgement from client
[20Aug2026 14:40:25.633] [Server thread/DEBUG] [net.minecraftforge.network.HandshakeHandler/FMLHANDSHAKE]: Sending ticking packet info 'Registry forge:display_contexts' to 'fml:handshake' sequence 12
[20Aug2026 14:40:25.668] [Netty Server IO #23/DEBUG] [net.minecraftforge.network.LoginWrapper/FMLHANDSHAKE]: Recieved login wrapper packet event for channel fml:handshake with index 12
[20Aug2026 14:40:25.668] [Netty Server IO #23/DEBUG] [net.minecraftforge.network.HandshakeHandler/FMLHANDSHAKE]: Received client indexed reply 12 of type net.minecraftforge.network.HandshakeMessages$C2SAcknowledge
[20Aug2026 14:40:25.668] [Netty Server IO #23/DEBUG] [net.minecraftforge.network.HandshakeHandler/FMLHANDSHAKE]: Received acknowledgement from client
[20Aug2026 14:40:25.685] [Server thread/DEBUG] [net.minecraftforge.network.HandshakeHandler/FMLHANDSHAKE]: Sending ticking packet info 'Registry minecraft:block' to 'fml:handshake' sequence 13
[20Aug2026 14:40:25.729] [Netty Server IO #23/DEBUG] [net.minecraftforge.network.LoginWrapper/FMLHANDSHAKE]: Recieved login wrapper packet event for channel fml:handshake with index 13
[20Aug2026 14:40:25.729] [Netty Server IO #23/DEBUG] [net.minecraftforge.network.HandshakeHandler/FMLHANDSHAKE]: Received client indexed reply 13 of type net.minecraftforge.network.HandshakeMessages$C2SAcknowledge
[20Aug2026 14:40:25.729] [Netty Server IO #23/DEBUG] [net.minecraftforge.network.HandshakeHandler/FMLHANDSHAKE]: Received acknowledgement from client
[20Aug2026 14:40:25.735] [Server thread/DEBUG] [net.minecraftforge.network.HandshakeHandler/FMLHANDSHAKE]: Sending ticking packet info 'Registry forge:entity_data_serializers' to 'fml:handshake' sequence 14
[20Aug2026 14:40:25.769] [Netty Server IO #23/DEBUG] [net.minecraftforge.network.LoginWrapper/FMLHANDSHAKE]: Recieved login wrapper packet event for channel fml:handshake with index 14
[20Aug2026 14:40:25.769] [Netty Server IO #23/DEBUG] [net.minecraftforge.network.HandshakeHandler/FMLHANDSHAKE]: Received client indexed reply 14 of type net.minecraftforge.network.HandshakeMessages$C2SAcknowledge
[20Aug2026 14:40:25.769] [Netty Server IO #23/DEBUG] [net.minecraftforge.network.HandshakeHandler/FMLHANDSHAKE]: Received acknowledgement from client
[20Aug2026 14:40:25.784] [Server thread/DEBUG] [net.minecraftforge.network.HandshakeHandler/FMLHANDSHAKE]: Sending ticking packet info 'Registry minecraft:mob_effect' to 'fml:handshake' sequence 15
[20Aug2026 14:40:25.818] [Netty Server IO #23/DEBUG] [net.minecraftforge.network.LoginWrapper/FMLHANDSHAKE]: Recieved login wrapper packet event for channel fml:handshake with index 15
[20Aug2026 14:40:25.818] [Netty Server IO #23/DEBUG] [net.minecraftforge.network.HandshakeHandler/FMLHANDSHAKE]: Received client indexed reply 15 of type net.minecraftforge.network.HandshakeMessages$C2SAcknowledge
[20Aug2026 14:40:25.818] [Netty Server IO #23/DEBUG] [net.minecraftforge.network.HandshakeHandler/FMLHANDSHAKE]: Received acknowledgement from client
[20Aug2026 14:40:25.834] [Server thread/DEBUG] [net.minecraftforge.network.HandshakeHandler/FMLHANDSHAKE]: Sending ticking packet info 'Registry minecraft:stat_type' to 'fml:handshake' sequence 16
[20Aug2026 14:40:25.864] [Netty Server IO #23/DEBUG] [net.minecraftforge.network.LoginWrapper/FMLHANDSHAKE]: Recieved login wrapper packet event for channel fml:handshake with index 16
[20Aug2026 14:40:25.865] [Netty Server IO #23/DEBUG] [net.minecraftforge.network.HandshakeHandler/FMLHANDSHAKE]: Received client indexed reply 16 of type net.minecraftforge.network.HandshakeMessages$C2SAcknowledge
[20Aug2026 14:40:25.865] [Netty Server IO #23/DEBUG] [net.minecraftforge.network.HandshakeHandler/FMLHANDSHAKE]: Received acknowledgement from client
[20Aug2026 14:40:25.884] [Server thread/DEBUG] [net.minecraftforge.network.HandshakeHandler/FMLHANDSHAKE]: Sending ticking packet info 'Registry minecraft:menu' to 'fml:handshake' sequence 17
[20Aug2026 14:40:25.919] [Netty Server IO #23/DEBUG] [net.minecraftforge.network.LoginWrapper/FMLHANDSHAKE]: Recieved login wrapper packet event for channel fml:handshake with index 17
[20Aug2026 14:40:25.919] [Netty Server IO #23/DEBUG] [net.minecraftforge.network.HandshakeHandler/FMLHANDSHAKE]: Received client indexed reply 17 of type net.minecraftforge.network.HandshakeMessages$C2SAcknowledge
[20Aug2026 14:40:25.919] [Netty Server IO #23/DEBUG] [net.minecraftforge.network.HandshakeHandler/FMLHANDSHAKE]: Received acknowledgement from client
[20Aug2026 14:40:25.936] [Server thread/DEBUG] [net.minecraftforge.network.HandshakeHandler/FMLHANDSHAKE]: Sending ticking packet info 'Registry minecraft:enchantment' to 'fml:handshake' sequence 18
[20Aug2026 14:40:25.976] [Netty Server IO #23/DEBUG] [net.minecraftforge.network.LoginWrapper/FMLHANDSHAKE]: Recieved login wrapper packet event for channel fml:handshake with index 18
[20Aug2026 14:40:25.976] [Netty Server IO #23/DEBUG] [net.minecraftforge.network.HandshakeHandler/FMLHANDSHAKE]: Received client indexed reply 18 of type net.minecraftforge.network.HandshakeMessages$C2SAcknowledge
[20Aug2026 14:40:25.976] [Netty Server IO #23/DEBUG] [net.minecraftforge.network.HandshakeHandler/FMLHANDSHAKE]: Received acknowledgement from client
[20Aug2026 14:40:25.984] [Server thread/DEBUG] [net.minecraftforge.network.HandshakeHandler/FMLHANDSHAKE]: Sending ticking packet info 'Registry minecraft:fluid' to 'fml:handshake' sequence 19
[20Aug2026 14:40:26.014] [Netty Server IO #23/DEBUG] [net.minecraftforge.network.LoginWrapper/FMLHANDSHAKE]: Recieved login wrapper packet event for channel fml:handshake with index 19
[20Aug2026 14:40:26.014] [Netty Server IO #23/DEBUG] [net.minecraftforge.network.HandshakeHandler/FMLHANDSHAKE]: Received client indexed reply 19 of type net.minecraftforge.network.HandshakeMessages$C2SAcknowledge
[20Aug2026 14:40:26.014] [Netty Server IO #23/DEBUG] [net.minecraftforge.network.HandshakeHandler/FMLHANDSHAKE]: Received acknowledgement from client
[20Aug2026 14:40:26.035] [Server thread/DEBUG] [net.minecraftforge.network.HandshakeHandler/FMLHANDSHAKE]: Sending ticking packet info 'Registry minecraft:entity_type' to 'fml:handshake' sequence 20
[20Aug2026 14:40:26.083] [Server thread/DEBUG] [net.minecraftforge.network.HandshakeHandler/FMLHANDSHAKE]: Sending ticking packet info 'Config forge-server.toml' to 'fml:handshake' sequence 21
[20Aug2026 14:40:26.352] [Netty Server IO #23/DEBUG] [net.minecraftforge.network.LoginWrapper/FMLHANDSHAKE]: Recieved login wrapper packet event for channel fml:handshake with index 20
[20Aug2026 14:40:26.352] [Netty Server IO #23/DEBUG] [net.minecraftforge.network.HandshakeHandler/FMLHANDSHAKE]: Received client indexed reply 20 of type net.minecraftforge.network.HandshakeMessages$C2SAcknowledge
[20Aug2026 14:40:26.352] [Netty Server IO #23/DEBUG] [net.minecraftforge.network.HandshakeHandler/FMLHANDSHAKE]: Received acknowledgement from client
[20Aug2026 14:40:26.352] [Netty Server IO #23/DEBUG] [net.minecraftforge.network.LoginWrapper/FMLHANDSHAKE]: Recieved login wrapper packet event for channel fml:handshake with index 21
[20Aug2026 14:40:26.352] [Netty Server IO #23/DEBUG] [net.minecraftforge.network.HandshakeHandler/FMLHANDSHAKE]: Received client indexed reply 21 of type net.minecraftforge.network.HandshakeMessages$C2SAcknowledge
[20Aug2026 14:40:26.352] [Netty Server IO #23/DEBUG] [net.minecraftforge.network.HandshakeHandler/FMLHANDSHAKE]: Received acknowledgement from client
[20Aug2026 14:40:26.385] [Server thread/DEBUG] [net.minecraftforge.network.HandshakeHandler/FMLHANDSHAKE]: Handshake complete!
[20Aug2026 14:40:26.469] [Server thread/INFO] [net.minecraft.server.players.PlayerList/]: Moony09_[/192.168.1.6:36342] logged in with entity id 442810 at (-583.4816789173096, 72.0, 1789.6218825604533)
[20Aug2026 14:40:26.469] [Server thread/DEBUG] [net.minecraftforge.network.filters.NetworkFilters/]: Injected net.minecraftforge.network.filters.ForgeConnectionNetworkFilter@43df8d0 into net.minecraft.network.Connection@13a3a690
[20Aug2026 14:40:26.472] [Server thread/INFO] [net.minecraft.server.MinecraftServer/]: Moony09_ joined the game
[20Aug2026 14:40:26.496] [Server thread/INFO] [fallingtrees | Config/]: Sending common config 'fallingtrees:fallingtrees_common' to Moony09_
[20Aug2026 14:40:26.497] [Server thread/DEBUG] [voicechat/]: [voicechat] Setting default state of Moony09_: {disabled=false, disconnected=true, uuid=2c547c5a-4a90-3a57-a572-13aa0e23dd75, name=Moony09_, group=null}
[20Aug2026 14:40:26.597] [Netty Server IO #23/INFO] [fallingtrees | Config/]: Received client config 'fallingtrees:fallingtrees_client' from Moony09_
[20Aug2026 14:40:26.598] [Server thread/INFO] [voicechat/]: [voicechat] Received secret request of Moony09_ (20)
[20Aug2026 14:40:26.599] [Server thread/DEBUG] [voicechat/]: [voicechat] Sending initial states to Moony09_
[20Aug2026 14:40:26.599] [Server thread/DEBUG] [voicechat/]: [voicechat] Synchronizing 0 groups with Moony09_
[20Aug2026 14:40:26.599] [Server thread/DEBUG] [voicechat/]: [voicechat] Synchronizing 1 volume categories with Moony09_
[20Aug2026 14:40:26.599] [Server thread/INFO] [voicechat/]: [voicechat] Sent secret to Moony09_
[20Aug2026 14:40:41.242] [Server thread/INFO] [net.minecraft.server.network.ServerLoginPacketListenerImpl/]: com.mojang.authlib.GameProfile@512a359d[id=<null>,name=Shinzgami,properties={},legacy=false] (/[::1]:36338) lost connection: Disconnected
[20Aug2026 14:40:43.374] [Netty Server IO #3/DEBUG] [net.minecraftforge.network.HandshakeHandler/FMLHANDSHAKE]: Starting new modded impl connection. Found 22 messages to dispatch.
[20Aug2026 14:40:43.386] [Server thread/DEBUG] [net.minecraftforge.network.HandshakeHandler/FMLHANDSHAKE]: Sending ticking packet info 'net.minecraftforge.network.HandshakeMessages$S2CModData' to 'fml:handshake' sequence 0
[20Aug2026 14:40:43.438] [Server thread/DEBUG] [net.minecraftforge.network.HandshakeHandler/FMLHANDSHAKE]: Sending ticking packet info 'net.minecraftforge.network.HandshakeMessages$S2CModList' to 'fml:handshake' sequence 1
[20Aug2026 14:40:43.485] [Server thread/DEBUG] [net.minecraftforge.network.HandshakeHandler/FMLHANDSHAKE]: Sending ticking packet info 'Registry minecraft:command_argument_type' to 'fml:handshake' sequence 2
[20Aug2026 14:40:43.537] [Server thread/DEBUG] [net.minecraftforge.network.HandshakeHandler/FMLHANDSHAKE]: Sending ticking packet info 'Registry minecraft:recipe_serializer' to 'fml:handshake' sequence 3
[20Aug2026 14:40:43.585] [Server thread/DEBUG] [net.minecraftforge.network.HandshakeHandler/FMLHANDSHAKE]: Sending ticking packet info 'Registry minecraft:sound_event' to 'fml:handshake' sequence 4
[20Aug2026 14:40:43.635] [Server thread/DEBUG] [net.minecraftforge.network.HandshakeHandler/FMLHANDSHAKE]: Sending ticking packet info 'Registry minecraft:particle_type' to 'fml:handshake' sequence 5
[20Aug2026 14:40:43.685] [Server thread/DEBUG] [net.minecraftforge.network.HandshakeHandler/FMLHANDSHAKE]: Sending ticking packet info 'Registry minecraft:villager_profession' to 'fml:handshake' sequence 6
[20Aug2026 14:40:43.735] [Server thread/DEBUG] [net.minecraftforge.network.HandshakeHandler/FMLHANDSHAKE]: Sending ticking packet info 'Registry minecraft:item' to 'fml:handshake' sequence 7
[20Aug2026 14:40:43.784] [Server thread/DEBUG] [net.minecraftforge.network.HandshakeHandler/FMLHANDSHAKE]: Sending ticking packet info 'Registry minecraft:potion' to 'fml:handshake' sequence 8
[20Aug2026 14:40:43.834] [Server thread/DEBUG] [net.minecraftforge.network.HandshakeHandler/FMLHANDSHAKE]: Sending ticking packet info 'Registry minecraft:painting_variant' to 'fml:handshake' sequence 9
[20Aug2026 14:40:43.887] [Server thread/DEBUG] [net.minecraftforge.network.HandshakeHandler/FMLHANDSHAKE]: Sending ticking packet info 'Registry forge:fluid_type' to 'fml:handshake' sequence 10
[20Aug2026 14:40:43.936] [Server thread/DEBUG] [net.minecraftforge.network.HandshakeHandler/FMLHANDSHAKE]: Sending ticking packet info 'Registry minecraft:block_entity_type' to 'fml:handshake' sequence 11
[20Aug2026 14:40:43.984] [Server thread/DEBUG] [net.minecraftforge.network.HandshakeHandler/FMLHANDSHAKE]: Sending ticking packet info 'Registry forge:display_contexts' to 'fml:handshake' sequence 12
[20Aug2026 14:40:44.035] [Server thread/DEBUG] [net.minecraftforge.network.HandshakeHandler/FMLHANDSHAKE]: Sending ticking packet info 'Registry minecraft:block' to 'fml:handshake' sequence 13
[20Aug2026 14:40:44.087] [Server thread/DEBUG] [net.minecraftforge.network.HandshakeHandler/FMLHANDSHAKE]: Sending ticking packet info 'Registry forge:entity_data_serializers' to 'fml:handshake' sequence 14
[20Aug2026 14:40:44.136] [Server thread/DEBUG] [net.minecraftforge.network.HandshakeHandler/FMLHANDSHAKE]: Sending ticking packet info 'Registry minecraft:mob_effect' to 'fml:handshake' sequence 15
[20Aug2026 14:40:44.185] [Server thread/DEBUG] [net.minecraftforge.network.HandshakeHandler/FMLHANDSHAKE]: Sending ticking packet info 'Registry minecraft:stat_type' to 'fml:handshake' sequence 16
[20Aug2026 14:40:44.235] [Server thread/DEBUG] [net.minecraftforge.network.HandshakeHandler/FMLHANDSHAKE]: Sending ticking packet info 'Registry minecraft:menu' to 'fml:handshake' sequence 17
[20Aug2026 14:40:44.285] [Server thread/DEBUG] [net.minecraftforge.network.HandshakeHandler/FMLHANDSHAKE]: Sending ticking packet info 'Registry minecraft:enchantment' to 'fml:handshake' sequence 18
[20Aug2026 14:40:44.335] [Server thread/DEBUG] [net.minecraftforge.network.HandshakeHandler/FMLHANDSHAKE]: Sending ticking packet info 'Registry minecraft:fluid' to 'fml:handshake' sequence 19
[20Aug2026 14:40:44.385] [Server thread/DEBUG] [net.minecraftforge.network.HandshakeHandler/FMLHANDSHAKE]: Sending ticking packet info 'Registry minecraft:entity_type' to 'fml:handshake' sequence 20
[20Aug2026 14:40:44.435] [Server thread/DEBUG] [net.minecraftforge.network.HandshakeHandler/FMLHANDSHAKE]: Sending ticking packet info 'Config forge-server.toml' to 'fml:handshake' sequence 21
[20Aug2026 14:40:50.586] [Server thread/INFO] [net.minecraft.server.network.ServerLoginPacketListenerImpl/]: com.mojang.authlib.GameProfile@74030635[id=<null>,name=Shinzgami,properties={},legacy=false] (/[::1]:36414) lost connection: Disconnected
[20Aug2026 14:40:56.555] [Netty Server IO #5/DEBUG] [net.minecraftforge.network.HandshakeHandler/FMLHANDSHAKE]: Starting new modded impl connection. Found 22 messages to dispatch.
[20Aug2026 14:40:56.584] [Server thread/DEBUG] [net.minecraftforge.network.HandshakeHandler/FMLHANDSHAKE]: Sending ticking packet info 'net.minecraftforge.network.HandshakeMessages$S2CModData' to 'fml:handshake' sequence 0
[20Aug2026 14:40:56.637] [Server thread/DEBUG] [net.minecraftforge.network.HandshakeHandler/FMLHANDSHAKE]: Sending ticking packet info 'net.minecraftforge.network.HandshakeMessages$S2CModList' to 'fml:handshake' sequence 1
[20Aug2026 14:40:56.638] [Netty Server IO #5/DEBUG] [net.minecraftforge.network.LoginWrapper/FMLHANDSHAKE]: Recieved login wrapper packet event for channel fml:handshake with index 1
[20Aug2026 14:40:56.638] [Netty Server IO #5/DEBUG] [net.minecraftforge.network.HandshakeHandler/FMLHANDSHAKE]: Received client indexed reply 1 of type net.minecraftforge.network.HandshakeMessages$C2SModListReply
[20Aug2026 14:40:56.638] [Netty Server IO #5/DEBUG] [net.minecraftforge.network.HandshakeHandler/FMLHANDSHAKE]: Received client connection with modlist [minecraft, voicechat, voicechat_api, doubledoors, extragore, ambientsounds, supermartijn642configlib, nochatreports, geckolib, creativecore, cleanswing, trender, modelfix, sound_physics_remastered, its_not_real, collective, enhancedvisuals, entityculling, betterthirdperson, badmobs, architectury, fallingtrees, jamlib, pandalib, rightclickharvest, transition, chat_heads, the_wonderland, forge, varietree, embeddium, rubidium, oculus, durabilitytooltip, essential, presencefootsteps]
[20Aug2026 14:40:56.638] [Netty Server IO #5/DEBUG] [net.minecraftforge.network.NetworkRegistry/NETREGISTRY]: Channel 'pandalib:config_sync' : Version test of '1' from client : ACCEPTED
[20Aug2026 14:40:56.638] [Netty Server IO #5/DEBUG] [net.minecraftforge.network.NetworkRegistry/NETREGISTRY]: Channel 'architectury:network' : Version test of '1' from client : ACCEPTED
[20Aug2026 14:40:56.638] [Netty Server IO #5/DEBUG] [net.minecraftforge.network.NetworkRegistry/NETREGISTRY]: Channel 'voicechat:secret' : Version test of 'ALLOWVANILLA 💓💓💓' from client : ACCEPTED
[20Aug2026 14:40:56.638] [Netty Server IO #5/DEBUG] [net.minecraftforge.network.NetworkRegistry/NETREGISTRY]: Channel 'voicechat:leave_group' : Version test of 'ALLOWVANILLA 💓💓💓' from client : ACCEPTED
[20Aug2026 14:40:56.638] [Netty Server IO #5/DEBUG] [net.minecraftforge.network.NetworkRegistry/NETREGISTRY]: Channel 'voicechat:create_group' : Version test of 'ALLOWVANILLA 💓💓💓' from client : ACCEPTED
[20Aug2026 14:40:56.638] [Netty Server IO #5/DEBUG] [net.minecraftforge.network.NetworkRegistry/NETREGISTRY]: Channel 'minecraft:unregister' : Version test of 'FML3' from client : ACCEPTED
[20Aug2026 14:40:56.638] [Netty Server IO #5/DEBUG] [net.minecraftforge.network.NetworkRegistry/NETREGISTRY]: Channel 'enhancedvisuals:main' : Version test of '1' from client : ACCEPTED
[20Aug2026 14:40:56.638] [Netty Server IO #5/DEBUG] [net.minecraftforge.network.NetworkRegistry/NETREGISTRY]: Channel 'voicechat:states' : Version test of 'ALLOWVANILLA 💓💓💓' from client : ACCEPTED
[20Aug2026 14:40:56.638] [Netty Server IO #5/DEBUG] [net.minecraftforge.network.NetworkRegistry/NETREGISTRY]: Channel 'voicechat:set_group' : Version test of 'ALLOWVANILLA 💓💓💓' from client : ACCEPTED
[20Aug2026 14:40:56.638] [Netty Server IO #5/DEBUG] [net.minecraftforge.network.NetworkRegistry/NETREGISTRY]: Channel 'voicechat:joined_group' : Version test of 'ALLOWVANILLA 💓💓💓' from client : ACCEPTED
[20Aug2026 14:40:56.638] [Netty Server IO #5/DEBUG] [net.minecraftforge.network.NetworkRegistry/NETREGISTRY]: Channel 'voicechat:update_state' : Version test of 'ALLOWVANILLA 💓💓💓' from client : ACCEPTED
[20Aug2026 14:40:56.638] [Netty Server IO #5/DEBUG] [net.minecraftforge.network.NetworkRegistry/NETREGISTRY]: Channel 'extragore:main' : Version test of '1' from client : ACCEPTED
[20Aug2026 14:40:56.638] [Netty Server IO #5/DEBUG] [net.minecraftforge.network.NetworkRegistry/NETREGISTRY]: Channel 'voicechat:add_group' : Version test of 'ALLOWVANILLA 💓💓💓' from client : ACCEPTED
[20Aug2026 14:40:56.638] [Netty Server IO #5/DEBUG] [net.minecraftforge.network.NetworkRegistry/NETREGISTRY]: Channel 'fml:loginwrapper' : Version test of 'FML3' from client : ACCEPTED
[20Aug2026 14:40:56.638] [Netty Server IO #5/DEBUG] [net.minecraftforge.network.NetworkRegistry/NETREGISTRY]: Channel 'its_not_real:its_not_real' : Version test of '1' from client : ACCEPTED
[20Aug2026 14:40:56.638] [Netty Server IO #5/DEBUG] [net.minecraftforge.network.NetworkRegistry/NETREGISTRY]: Channel 'forge:tier_sorting' : Version test of '1.0' from client : ACCEPTED
[20Aug2026 14:40:56.638] [Netty Server IO #5/DEBUG] [net.minecraftforge.network.NetworkRegistry/NETREGISTRY]: Channel 'supermartijn642configlib:sync_configs' : Version test of '1.1.8' from client : ACCEPTED
[20Aug2026 14:40:56.638] [Netty Server IO #5/DEBUG] [net.minecraftforge.network.NetworkRegistry/NETREGISTRY]: Channel 'the_wonderland:the_wonderland' : Version test of '1' from client : ACCEPTED
[20Aug2026 14:40:56.638] [Netty Server IO #5/DEBUG] [net.minecraftforge.network.NetworkRegistry/NETREGISTRY]: Channel 'fml:play' : Version test of 'FML3' from client : ACCEPTED
[20Aug2026 14:40:56.638] [Netty Server IO #5/DEBUG] [net.minecraftforge.network.NetworkRegistry/NETREGISTRY]: Channel 'creativecore:main' : Version test of '1' from client : ACCEPTED
[20Aug2026 14:40:56.638] [Netty Server IO #5/DEBUG] [net.minecraftforge.network.NetworkRegistry/NETREGISTRY]: Channel 'voicechat:request_secret' : Version test of 'ALLOWVANILLA 💓💓💓' from client : ACCEPTED
[20Aug2026 14:40:56.638] [Netty Server IO #5/DEBUG] [net.minecraftforge.network.NetworkRegistry/NETREGISTRY]: Channel 'fml:handshake' : Version test of 'FML3' from client : ACCEPTED
[20Aug2026 14:40:56.638] [Netty Server IO #5/DEBUG] [net.minecraftforge.network.NetworkRegistry/NETREGISTRY]: Channel 'voicechat:state' : Version test of 'ALLOWVANILLA 💓💓💓' from client : ACCEPTED
[20Aug2026 14:40:56.638] [Netty Server IO #5/DEBUG] [net.minecraftforge.network.NetworkRegistry/NETREGISTRY]: Channel 'voicechat:remove_category' : Version test of 'ALLOWVANILLA 💓💓💓' from client : ACCEPTED
[20Aug2026 14:40:56.638] [Netty Server IO #5/DEBUG] [net.minecraftforge.network.NetworkRegistry/NETREGISTRY]: Channel 'voicechat:remove_group' : Version test of 'ALLOWVANILLA 💓💓💓' from client : ACCEPTED
[20Aug2026 14:40:56.639] [Netty Server IO #5/DEBUG] [net.minecraftforge.network.NetworkRegistry/NETREGISTRY]: Channel 'voicechat:add_category' : Version test of 'ALLOWVANILLA 💓💓💓' from client : ACCEPTED
[20Aug2026 14:40:56.639] [Netty Server IO #5/DEBUG] [net.minecraftforge.network.NetworkRegistry/NETREGISTRY]: Channel 'voicechat:remove_state' : Version test of 'ALLOWVANILLA 💓💓💓' from client : ACCEPTED
[20Aug2026 14:40:56.639] [Netty Server IO #5/DEBUG] [net.minecraftforge.network.NetworkRegistry/NETREGISTRY]: Channel 'minecraft:register' : Version test of 'FML3' from client : ACCEPTED
[20Aug2026 14:40:56.639] [Netty Server IO #5/DEBUG] [net.minecraftforge.network.NetworkRegistry/NETREGISTRY]: Channel 'forge:split' : Version test of '1.1' from client : ACCEPTED
[20Aug2026 14:40:56.639] [Netty Server IO #5/DEBUG] [net.minecraftforge.network.NetworkRegistry/NETREGISTRY]: Channel 'geckolib:main' : Version test of '1' from client : ACCEPTED
[20Aug2026 14:40:56.639] [Netty Server IO #5/DEBUG] [net.minecraftforge.network.NetworkRegistry/NETREGISTRY]: Accepting channel list from client
[20Aug2026 14:40:56.639] [Netty Server IO #5/DEBUG] [net.minecraftforge.network.HandshakeHandler/FMLHANDSHAKE]: Accepted client connection mod list
[20Aug2026 14:40:56.686] [Server thread/DEBUG] [net.minecraftforge.network.HandshakeHandler/FMLHANDSHAKE]: Sending ticking packet info 'Registry minecraft:command_argument_type' to 'fml:handshake' sequence 2
[20Aug2026 14:40:56.686] [Netty Server IO #5/DEBUG] [net.minecraftforge.network.LoginWrapper/FMLHANDSHAKE]: Recieved login wrapper packet event for channel fml:handshake with index 2
[20Aug2026 14:40:56.687] [Netty Server IO #5/DEBUG] [net.minecraftforge.network.HandshakeHandler/FMLHANDSHAKE]: Received client indexed reply 2 of type net.minecraftforge.network.HandshakeMessages$C2SAcknowledge
[20Aug2026 14:40:56.687] [Netty Server IO #5/DEBUG] [net.minecraftforge.network.HandshakeHandler/FMLHANDSHAKE]: Received acknowledgement from client
[20Aug2026 14:40:56.736] [Server thread/DEBUG] [net.minecraftforge.network.HandshakeHandler/FMLHANDSHAKE]: Sending ticking packet info 'Registry minecraft:recipe_serializer' to 'fml:handshake' sequence 3
[20Aug2026 14:40:56.736] [Netty Server IO #5/DEBUG] [net.minecraftforge.network.LoginWrapper/FMLHANDSHAKE]: Recieved login wrapper packet event for channel fml:handshake with index 3
[20Aug2026 14:40:56.737] [Netty Server IO #5/DEBUG] [net.minecraftforge.network.HandshakeHandler/FMLHANDSHAKE]: Received client indexed reply 3 of type net.minecraftforge.network.HandshakeMessages$C2SAcknowledge
[20Aug2026 14:40:56.737] [Netty Server IO #5/DEBUG] [net.minecraftforge.network.HandshakeHandler/FMLHANDSHAKE]: Received acknowledgement from client
[20Aug2026 14:40:56.785] [Server thread/DEBUG] [net.minecraftforge.network.HandshakeHandler/FMLHANDSHAKE]: Sending ticking packet info 'Registry minecraft:sound_event' to 'fml:handshake' sequence 4
[20Aug2026 14:40:56.787] [Netty Server IO #5/DEBUG] [net.minecraftforge.network.LoginWrapper/FMLHANDSHAKE]: Recieved login wrapper packet event for channel fml:handshake with index 4
[20Aug2026 14:40:56.787] [Netty Server IO #5/DEBUG] [net.minecraftforge.network.HandshakeHandler/FMLHANDSHAKE]: Received client indexed reply 4 of type net.minecraftforge.network.HandshakeMessages$C2SAcknowledge
[20Aug2026 14:40:56.787] [Netty Server IO #5/DEBUG] [net.minecraftforge.network.HandshakeHandler/FMLHANDSHAKE]: Received acknowledgement from client
[20Aug2026 14:40:56.834] [Server thread/DEBUG] [net.minecraftforge.network.HandshakeHandler/FMLHANDSHAKE]: Sending ticking packet info 'Registry minecraft:particle_type' to 'fml:handshake' sequence 5
[20Aug2026 14:40:56.835] [Netty Server IO #5/DEBUG] [net.minecraftforge.network.LoginWrapper/FMLHANDSHAKE]: Recieved login wrapper packet event for channel fml:handshake with index 5
[20Aug2026 14:40:56.835] [Netty Server IO #5/DEBUG] [net.minecraftforge.network.HandshakeHandler/FMLHANDSHAKE]: Received client indexed reply 5 of type net.minecraftforge.network.HandshakeMessages$C2SAcknowledge
[20Aug2026 14:40:56.835] [Netty Server IO #5/DEBUG] [net.minecraftforge.network.HandshakeHandler/FMLHANDSHAKE]: Received acknowledgement from client
[20Aug2026 14:40:56.885] [Server thread/DEBUG] [net.minecraftforge.network.HandshakeHandler/FMLHANDSHAKE]: Sending ticking packet info 'Registry minecraft:villager_profession' to 'fml:handshake' sequence 6
[20Aug2026 14:40:56.885] [Netty Server IO #5/DEBUG] [net.minecraftforge.network.LoginWrapper/FMLHANDSHAKE]: Recieved login wrapper packet event for channel fml:handshake with index 6
[20Aug2026 14:40:56.885] [Netty Server IO #5/DEBUG] [net.minecraftforge.network.HandshakeHandler/FMLHANDSHAKE]: Received client indexed reply 6 of type net.minecraftforge.network.HandshakeMessages$C2SAcknowledge
[20Aug2026 14:40:56.885] [Netty Server IO #5/DEBUG] [net.minecraftforge.network.HandshakeHandler/FMLHANDSHAKE]: Received acknowledgement from client
[20Aug2026 14:40:56.937] [Server thread/DEBUG] [net.minecraftforge.network.HandshakeHandler/FMLHANDSHAKE]: Sending ticking packet info 'Registry minecraft:item' to 'fml:handshake' sequence 7
[20Aug2026 14:40:56.939] [Netty Server IO #5/DEBUG] [net.minecraftforge.network.LoginWrapper/FMLHANDSHAKE]: Recieved login wrapper packet event for channel fml:handshake with index 7
[20Aug2026 14:40:56.939] [Netty Server IO #5/DEBUG] [net.minecraftforge.network.HandshakeHandler/FMLHANDSHAKE]: Received client indexed reply 7 of type net.minecraftforge.network.HandshakeMessages$C2SAcknowledge
[20Aug2026 14:40:56.939] [Netty Server IO #5/DEBUG] [net.minecraftforge.network.HandshakeHandler/FMLHANDSHAKE]: Received acknowledgement from client
[20Aug2026 14:40:56.986] [Server thread/DEBUG] [net.minecraftforge.network.HandshakeHandler/FMLHANDSHAKE]: Sending ticking packet info 'Registry minecraft:potion' to 'fml:handshake' sequence 8
[20Aug2026 14:40:56.987] [Netty Server IO #5/DEBUG] [net.minecraftforge.network.LoginWrapper/FMLHANDSHAKE]: Recieved login wrapper packet event for channel fml:handshake with index 8
[20Aug2026 14:40:56.987] [Netty Server IO #5/DEBUG] [net.minecraftforge.network.HandshakeHandler/FMLHANDSHAKE]: Received client indexed reply 8 of type net.minecraftforge.network.HandshakeMessages$C2SAcknowledge
[20Aug2026 14:40:56.987] [Netty Server IO #5/DEBUG] [net.minecraftforge.network.HandshakeHandler/FMLHANDSHAKE]: Received acknowledgement from client
[20Aug2026 14:40:57.036] [Server thread/DEBUG] [net.minecraftforge.network.HandshakeHandler/FMLHANDSHAKE]: Sending ticking packet info 'Registry minecraft:painting_variant' to 'fml:handshake' sequence 9
[20Aug2026 14:40:57.036] [Netty Server IO #5/DEBUG] [net.minecraftforge.network.LoginWrapper/FMLHANDSHAKE]: Recieved login wrapper packet event for channel fml:handshake with index 9
[20Aug2026 14:40:57.036] [Netty Server IO #5/DEBUG] [net.minecraftforge.network.HandshakeHandler/FMLHANDSHAKE]: Received client indexed reply 9 of type net.minecraftforge.network.HandshakeMessages$C2SAcknowledge
[20Aug2026 14:40:57.036] [Netty Server IO #5/DEBUG] [net.minecraftforge.network.HandshakeHandler/FMLHANDSHAKE]: Received acknowledgement from client
[20Aug2026 14:40:57.085] [Server thread/DEBUG] [net.minecraftforge.network.HandshakeHandler/FMLHANDSHAKE]: Sending ticking packet info 'Registry forge:fluid_type' to 'fml:handshake' sequence 10
[20Aug2026 14:40:57.085] [Netty Server IO #5/DEBUG] [net.minecraftforge.network.LoginWrapper/FMLHANDSHAKE]: Recieved login wrapper packet event for channel fml:handshake with index 10
[20Aug2026 14:40:57.085] [Netty Server IO #5/DEBUG] [net.minecraftforge.network.HandshakeHandler/FMLHANDSHAKE]: Received client indexed reply 10 of type net.minecraftforge.network.HandshakeMessages$C2SAcknowledge
[20Aug2026 14:40:57.085] [Netty Server IO #5/DEBUG] [net.minecraftforge.network.HandshakeHandler/FMLHANDSHAKE]: Received acknowledgement from client
[20Aug2026 14:40:57.135] [Server thread/DEBUG] [net.minecraftforge.network.HandshakeHandler/FMLHANDSHAKE]: Sending ticking packet info 'Registry minecraft:block_entity_type' to 'fml:handshake' sequence 11
[20Aug2026 14:40:57.136] [Netty Server IO #5/DEBUG] [net.minecraftforge.network.LoginWrapper/FMLHANDSHAKE]: Recieved login wrapper packet event for channel fml:handshake with index 11
[20Aug2026 14:40:57.136] [Netty Server IO #5/DEBUG] [net.minecraftforge.network.HandshakeHandler/FMLHANDSHAKE]: Received client indexed reply 11 of type net.minecraftforge.network.HandshakeMessages$C2SAcknowledge
[20Aug2026 14:40:57.136] [Netty Server IO #5/DEBUG] [net.minecraftforge.network.HandshakeHandler/FMLHANDSHAKE]: Received acknowledgement from client
[20Aug2026 14:40:57.185] [Server thread/DEBUG] [net.minecraftforge.network.HandshakeHandler/FMLHANDSHAKE]: Sending ticking packet info 'Registry forge:display_contexts' to 'fml:handshake' sequence 12
[20Aug2026 14:40:57.185] [Netty Server IO #5/DEBUG] [net.minecraftforge.network.LoginWrapper/FMLHANDSHAKE]: Recieved login wrapper packet event for channel fml:handshake with index 12
[20Aug2026 14:40:57.185] [Netty Server IO #5/DEBUG] [net.minecraftforge.network.HandshakeHandler/FMLHANDSHAKE]: Received client indexed reply 12 of type net.minecraftforge.network.HandshakeMessages$C2SAcknowledge
[20Aug2026 14:40:57.185] [Netty Server IO #5/DEBUG] [net.minecraftforge.network.HandshakeHandler/FMLHANDSHAKE]: Received acknowledgement from client
[20Aug2026 14:40:57.236] [Server thread/DEBUG] [net.minecraftforge.network.HandshakeHandler/FMLHANDSHAKE]: Sending ticking packet info 'Registry minecraft:block' to 'fml:handshake' sequence 13
[20Aug2026 14:40:57.237] [Netty Server IO #5/DEBUG] [net.minecraftforge.network.LoginWrapper/FMLHANDSHAKE]: Recieved login wrapper packet event for channel fml:handshake with index 13
[20Aug2026 14:40:57.237] [Netty Server IO #5/DEBUG] [net.minecraftforge.network.HandshakeHandler/FMLHANDSHAKE]: Received client indexed reply 13 of type net.minecraftforge.network.HandshakeMessages$C2SAcknowledge
[20Aug2026 14:40:57.237] [Netty Server IO #5/DEBUG] [net.minecraftforge.network.HandshakeHandler/FMLHANDSHAKE]: Received acknowledgement from client
[20Aug2026 14:40:57.285] [Server thread/DEBUG] [net.minecraftforge.network.HandshakeHandler/FMLHANDSHAKE]: Sending ticking packet info 'Registry forge:entity_data_serializers' to 'fml:handshake' sequence 14
[20Aug2026 14:40:57.285] [Netty Server IO #5/DEBUG] [net.minecraftforge.network.LoginWrapper/FMLHANDSHAKE]: Recieved login wrapper packet event for channel fml:handshake with index 14
[20Aug2026 14:40:57.285] [Netty Server IO #5/DEBUG] [net.minecraftforge.network.HandshakeHandler/FMLHANDSHAKE]: Received client indexed reply 14 of type net.minecraftforge.network.HandshakeMessages$C2SAcknowledge
[20Aug2026 14:40:57.285] [Netty Server IO #5/DEBUG] [net.minecraftforge.network.HandshakeHandler/FMLHANDSHAKE]: Received acknowledgement from client
[20Aug2026 14:40:57.337] [Server thread/DEBUG] [net.minecraftforge.network.HandshakeHandler/FMLHANDSHAKE]: Sending ticking packet info 'Registry minecraft:mob_effect' to 'fml:handshake' sequence 15
[20Aug2026 14:40:57.337] [Netty Server IO #5/DEBUG] [net.minecraftforge.network.LoginWrapper/FMLHANDSHAKE]: Recieved login wrapper packet event for channel fml:handshake with index 15
[20Aug2026 14:40:57.337] [Netty Server IO #5/DEBUG] [net.minecraftforge.network.HandshakeHandler/FMLHANDSHAKE]: Received client indexed reply 15 of type net.minecraftforge.network.HandshakeMessages$C2SAcknowledge
[20Aug2026 14:40:57.337] [Netty Server IO #5/DEBUG] [net.minecraftforge.network.HandshakeHandler/FMLHANDSHAKE]: Received acknowledgement from client
[20Aug2026 14:40:57.386] [Server thread/DEBUG] [net.minecraftforge.network.HandshakeHandler/FMLHANDSHAKE]: Sending ticking packet info 'Registry minecraft:stat_type' to 'fml:handshake' sequence 16
[20Aug2026 14:40:57.387] [Netty Server IO #5/DEBUG] [net.minecraftforge.network.LoginWrapper/FMLHANDSHAKE]: Recieved login wrapper packet event for channel fml:handshake with index 16
[20Aug2026 14:40:57.387] [Netty Server IO #5/DEBUG] [net.minecraftforge.network.HandshakeHandler/FMLHANDSHAKE]: Received client indexed reply 16 of type net.minecraftforge.network.HandshakeMessages$C2SAcknowledge
[20Aug2026 14:40:57.387] [Netty Server IO #5/DEBUG] [net.minecraftforge.network.HandshakeHandler/FMLHANDSHAKE]: Received acknowledgement from client
[20Aug2026 14:40:57.436] [Server thread/DEBUG] [net.minecraftforge.network.HandshakeHandler/FMLHANDSHAKE]: Sending ticking packet info 'Registry minecraft:menu' to 'fml:handshake' sequence 17
[20Aug2026 14:40:57.436] [Netty Server IO #5/DEBUG] [net.minecraftforge.network.LoginWrapper/FMLHANDSHAKE]: Recieved login wrapper packet event for channel fml:handshake with index 17
[20Aug2026 14:40:57.436] [Netty Server IO #5/DEBUG] [net.minecraftforge.network.HandshakeHandler/FMLHANDSHAKE]: Received client indexed reply 17 of type net.minecraftforge.network.HandshakeMessages$C2SAcknowledge
[20Aug2026 14:40:57.436] [Netty Server IO #5/DEBUG] [net.minecraftforge.network.HandshakeHandler/FMLHANDSHAKE]: Received acknowledgement from client
[20Aug2026 14:40:57.485] [Server thread/DEBUG] [net.minecraftforge.network.HandshakeHandler/FMLHANDSHAKE]: Sending ticking packet info 'Registry minecraft:enchantment' to 'fml:handshake' sequence 18
[20Aug2026 14:40:57.485] [Netty Server IO #5/DEBUG] [net.minecraftforge.network.LoginWrapper/FMLHANDSHAKE]: Recieved login wrapper packet event for channel fml:handshake with index 18
[20Aug2026 14:40:57.485] [Netty Server IO #5/DEBUG] [net.minecraftforge.network.HandshakeHandler/FMLHANDSHAKE]: Received client indexed reply 18 of type net.minecraftforge.network.HandshakeMessages$C2SAcknowledge
[20Aug2026 14:40:57.485] [Netty Server IO #5/DEBUG] [net.minecraftforge.network.HandshakeHandler/FMLHANDSHAKE]: Received acknowledgement from client
[20Aug2026 14:40:57.535] [Server thread/DEBUG] [net.minecraftforge.network.HandshakeHandler/FMLHANDSHAKE]: Sending ticking packet info 'Registry minecraft:fluid' to 'fml:handshake' sequence 19
[20Aug2026 14:40:57.535] [Netty Server IO #5/DEBUG] [net.minecraftforge.network.LoginWrapper/FMLHANDSHAKE]: Recieved login wrapper packet event for channel fml:handshake with index 19
[20Aug2026 14:40:57.535] [Netty Server IO #5/DEBUG] [net.minecraftforge.network.HandshakeHandler/FMLHANDSHAKE]: Received client indexed reply 19 of type net.minecraftforge.network.HandshakeMessages$C2SAcknowledge
[20Aug2026 14:40:57.535] [Netty Server IO #5/DEBUG] [net.minecraftforge.network.HandshakeHandler/FMLHANDSHAKE]: Received acknowledgement from client
[20Aug2026 14:40:57.588] [Server thread/DEBUG] [net.minecraftforge.network.HandshakeHandler/FMLHANDSHAKE]: Sending ticking packet info 'Registry minecraft:entity_type' to 'fml:handshake' sequence 20
[20Aug2026 14:40:57.637] [Server thread/DEBUG] [net.minecraftforge.network.HandshakeHandler/FMLHANDSHAKE]: Sending ticking packet info 'Config forge-server.toml' to 'fml:handshake' sequence 21
[20Aug2026 14:40:57.956] [Netty Server IO #5/DEBUG] [net.minecraftforge.network.LoginWrapper/FMLHANDSHAKE]: Recieved login wrapper packet event for channel fml:handshake with index 20
[20Aug2026 14:40:57.956] [Netty Server IO #5/DEBUG] [net.minecraftforge.network.HandshakeHandler/FMLHANDSHAKE]: Received client indexed reply 20 of type net.minecraftforge.network.HandshakeMessages$C2SAcknowledge
[20Aug2026 14:40:57.956] [Netty Server IO #5/DEBUG] [net.minecraftforge.network.HandshakeHandler/FMLHANDSHAKE]: Received acknowledgement from client
[20Aug2026 14:40:57.956] [Netty Server IO #5/DEBUG] [net.minecraftforge.network.LoginWrapper/FMLHANDSHAKE]: Recieved login wrapper packet event for channel fml:handshake with index 21
[20Aug2026 14:40:57.956] [Netty Server IO #5/DEBUG] [net.minecraftforge.network.HandshakeHandler/FMLHANDSHAKE]: Received client indexed reply 21 of type net.minecraftforge.network.HandshakeMessages$C2SAcknowledge
[20Aug2026 14:40:57.956] [Netty Server IO #5/DEBUG] [net.minecraftforge.network.HandshakeHandler/FMLHANDSHAKE]: Received acknowledgement from client
[20Aug2026 14:40:57.986] [Server thread/DEBUG] [net.minecraftforge.network.HandshakeHandler/FMLHANDSHAKE]: Handshake complete!
[20Aug2026 14:40:58.065] [Server thread/INFO] [net.minecraft.server.players.PlayerList/]: Shinzgami[/10.25.99.21:36439] logged in with entity id 450490 at (-635.0690485984023, 84.02442408821369, 1823.0454508792361)
[20Aug2026 14:40:58.073] [Server thread/INFO] [net.minecraft.server.MinecraftServer/]: Shinzgami joined the game
[20Aug2026 14:40:58.097] [Server thread/INFO] [fallingtrees | Config/]: Sending common config 'fallingtrees:fallingtrees_common' to Shinzgami
[20Aug2026 14:40:58.098] [Server thread/DEBUG] [voicechat/]: [voicechat] Setting default state of Shinzgami: {disabled=false, disconnected=true, uuid=cbd98727-12d9-37ed-8272-21579cc4249f, name=Shinzgami, group=null}
[20Aug2026 14:40:58.098] [Server thread/INFO] [net.minecraft.server.network.ServerGamePacketListenerImpl/]: Shinzgami lost connection: Disconnected
[20Aug2026 14:40:58.098] [Server thread/INFO] [net.minecraft.server.MinecraftServer/]: Shinzgami left the game
[20Aug2026 14:40:58.099] [Server thread/DEBUG] [voicechat/]: [voicechat] Removing state of Shinzgami
[20Aug2026 14:40:58.099] [Server thread/INFO] [voicechat/]: [voicechat] Disconnecting client Shinzgami
[20Aug2026 14:40:58.118] [Server thread/WARN] [net.minecraft.network.Connection/]: handleDisconnection() called twice
[20Aug2026 14:41:02.496] [Netty Server IO #8/DEBUG] [net.minecraftforge.network.HandshakeHandler/FMLHANDSHAKE]: Starting new modded impl connection. Found 22 messages to dispatch.
[20Aug2026 14:41:02.535] [Server thread/DEBUG] [net.minecraftforge.network.HandshakeHandler/FMLHANDSHAKE]: Sending ticking packet info 'net.minecraftforge.network.HandshakeMessages$S2CModData' to 'fml:handshake' sequence 0
[20Aug2026 14:41:02.585] [Server thread/DEBUG] [net.minecraftforge.network.HandshakeHandler/FMLHANDSHAKE]: Sending ticking packet info 'net.minecraftforge.network.HandshakeMessages$S2CModList' to 'fml:handshake' sequence 1
[20Aug2026 14:41:02.586] [Netty Server IO #8/DEBUG] [net.minecraftforge.network.LoginWrapper/FMLHANDSHAKE]: Recieved login wrapper packet event for channel fml:handshake with index 1
[20Aug2026 14:41:02.586] [Netty Server IO #8/DEBUG] [net.minecraftforge.network.HandshakeHandler/FMLHANDSHAKE]: Received client indexed reply 1 of type net.minecraftforge.network.HandshakeMessages$C2SModListReply
[20Aug2026 14:41:02.586] [Netty Server IO #8/DEBUG] [net.minecraftforge.network.HandshakeHandler/FMLHANDSHAKE]: Received client connection with modlist [minecraft, voicechat, voicechat_api, doubledoors, extragore, ambientsounds, supermartijn642configlib, nochatreports, geckolib, creativecore, cleanswing, trender, modelfix, sound_physics_remastered, its_not_real, collective, enhancedvisuals, entityculling, betterthirdperson, badmobs, architectury, fallingtrees, jamlib, pandalib, rightclickharvest, transition, chat_heads, the_wonderland, forge, varietree, embeddium, rubidium, oculus, durabilitytooltip, essential, presencefootsteps]
[20Aug2026 14:41:02.586] [Netty Server IO #8/DEBUG] [net.minecraftforge.network.NetworkRegistry/NETREGISTRY]: Channel 'pandalib:config_sync' : Version test of '1' from client : ACCEPTED
[20Aug2026 14:41:02.586] [Netty Server IO #8/DEBUG] [net.minecraftforge.network.NetworkRegistry/NETREGISTRY]: Channel 'architectury:network' : Version test of '1' from client : ACCEPTED
[20Aug2026 14:41:02.586] [Netty Server IO #8/DEBUG] [net.minecraftforge.network.NetworkRegistry/NETREGISTRY]: Channel 'voicechat:secret' : Version test of 'ALLOWVANILLA 💓💓💓' from client : ACCEPTED
[20Aug2026 14:41:02.586] [Netty Server IO #8/DEBUG] [net.minecraftforge.network.NetworkRegistry/NETREGISTRY]: Channel 'voicechat:leave_group' : Version test of 'ALLOWVANILLA 💓💓💓' from client : ACCEPTED
[20Aug2026 14:41:02.586] [Netty Server IO #8/DEBUG] [net.minecraftforge.network.NetworkRegistry/NETREGISTRY]: Channel 'voicechat:create_group' : Version test of 'ALLOWVANILLA 💓💓💓' from client : ACCEPTED
[20Aug2026 14:41:02.586] [Netty Server IO #8/DEBUG] [net.minecraftforge.network.NetworkRegistry/NETREGISTRY]: Channel 'minecraft:unregister' : Version test of 'FML3' from client : ACCEPTED
[20Aug2026 14:41:02.586] [Netty Server IO #8/DEBUG] [net.minecraftforge.network.NetworkRegistry/NETREGISTRY]: Channel 'enhancedvisuals:main' : Version test of '1' from client : ACCEPTED
[20Aug2026 14:41:02.586] [Netty Server IO #8/DEBUG] [net.minecraftforge.network.NetworkRegistry/NETREGISTRY]: Channel 'voicechat:states' : Version test of 'ALLOWVANILLA 💓💓💓' from client : ACCEPTED
[20Aug2026 14:41:02.586] [Netty Server IO #8/DEBUG] [net.minecraftforge.network.NetworkRegistry/NETREGISTRY]: Channel 'voicechat:set_group' : Version test of 'ALLOWVANILLA 💓💓💓' from client : ACCEPTED
[20Aug2026 14:41:02.586] [Netty Server IO #8/DEBUG] [net.minecraftforge.network.NetworkRegistry/NETREGISTRY]: Channel 'voicechat:joined_group' : Version test of 'ALLOWVANILLA 💓💓💓' from client : ACCEPTED
[20Aug2026 14:41:02.586] [Netty Server IO #8/DEBUG] [net.minecraftforge.network.NetworkRegistry/NETREGISTRY]: Channel 'voicechat:update_state' : Version test of 'ALLOWVANILLA 💓💓💓' from client : ACCEPTED
[20Aug2026 14:41:02.586] [Netty Server IO #8/DEBUG] [net.minecraftforge.network.NetworkRegistry/NETREGISTRY]: Channel 'extragore:main' : Version test of '1' from client : ACCEPTED
[20Aug2026 14:41:02.586] [Netty Server IO #8/DEBUG] [net.minecraftforge.network.NetworkRegistry/NETREGISTRY]: Channel 'voicechat:add_group' : Version test of 'ALLOWVANILLA 💓💓💓' from client : ACCEPTED
[20Aug2026 14:41:02.586] [Netty Server IO #8/DEBUG] [net.minecraftforge.network.NetworkRegistry/NETREGISTRY]: Channel 'fml:loginwrapper' : Version test of 'FML3' from client : ACCEPTED
[20Aug2026 14:41:02.586] [Netty Server IO #8/DEBUG] [net.minecraftforge.network.NetworkRegistry/NETREGISTRY]: Channel 'its_not_real:its_not_real' : Version test of '1' from client : ACCEPTED
[20Aug2026 14:41:02.586] [Netty Server IO #8/DEBUG] [net.minecraftforge.network.NetworkRegistry/NETREGISTRY]: Channel 'forge:tier_sorting' : Version test of '1.0' from client : ACCEPTED
[20Aug2026 14:41:02.586] [Netty Server IO #8/DEBUG] [net.minecraftforge.network.NetworkRegistry/NETREGISTRY]: Channel 'supermartijn642configlib:sync_configs' : Version test of '1.1.8' from client : ACCEPTED
[20Aug2026 14:41:02.586] [Netty Server IO #8/DEBUG] [net.minecraftforge.network.NetworkRegistry/NETREGISTRY]: Channel 'the_wonderland:the_wonderland' : Version test of '1' from client : ACCEPTED
[20Aug2026 14:41:02.586] [Netty Server IO #8/DEBUG] [net.minecraftforge.network.NetworkRegistry/NETREGISTRY]: Channel 'fml:play' : Version test of 'FML3' from client : ACCEPTED
[20Aug2026 14:41:02.586] [Netty Server IO #8/DEBUG] [net.minecraftforge.network.NetworkRegistry/NETREGISTRY]: Channel 'creativecore:main' : Version test of '1' from client : ACCEPTED
[20Aug2026 14:41:02.586] [Netty Server IO #8/DEBUG] [net.minecraftforge.network.NetworkRegistry/NETREGISTRY]: Channel 'voicechat:request_secret' : Version test of 'ALLOWVANILLA 💓💓💓' from client : ACCEPTED
[20Aug2026 14:41:02.586] [Netty Server IO #8/DEBUG] [net.minecraftforge.network.NetworkRegistry/NETREGISTRY]: Channel 'fml:handshake' : Version test of 'FML3' from client : ACCEPTED
[20Aug2026 14:41:02.586] [Netty Server IO #8/DEBUG] [net.minecraftforge.network.NetworkRegistry/NETREGISTRY]: Channel 'voicechat:state' : Version test of 'ALLOWVANILLA 💓💓💓' from client : ACCEPTED
[20Aug2026 14:41:02.586] [Netty Server IO #8/DEBUG] [net.minecraftforge.network.NetworkRegistry/NETREGISTRY]: Channel 'voicechat:remove_category' : Version test of 'ALLOWVANILLA 💓💓💓' from client : ACCEPTED
[20Aug2026 14:41:02.586] [Netty Server IO #8/DEBUG] [net.minecraftforge.network.NetworkRegistry/NETREGISTRY]: Channel 'voicechat:remove_group' : Version test of 'ALLOWVANILLA 💓💓💓' from client : ACCEPTED
[20Aug2026 14:41:02.586] [Netty Server IO #8/DEBUG] [net.minecraftforge.network.NetworkRegistry/NETREGISTRY]: Channel 'voicechat:add_category' : Version test of 'ALLOWVANILLA 💓💓💓' from client : ACCEPTED
[20Aug2026 14:41:02.586] [Netty Server IO #8/DEBUG] [net.minecraftforge.network.NetworkRegistry/NETREGISTRY]: Channel 'voicechat:remove_state' : Version test of 'ALLOWVANILLA 💓💓💓' from client : ACCEPTED
[20Aug2026 14:41:02.586] [Netty Server IO #8/DEBUG] [net.minecraftforge.network.NetworkRegistry/NETREGISTRY]: Channel 'minecraft:register' : Version test of 'FML3' from client : ACCEPTED
[20Aug2026 14:41:02.586] [Netty Server IO #8/DEBUG] [net.minecraftforge.network.NetworkRegistry/NETREGISTRY]: Channel 'forge:split' : Version test of '1.1' from client : ACCEPTED
[20Aug2026 14:41:02.586] [Netty Server IO #8/DEBUG] [net.minecraftforge.network.NetworkRegistry/NETREGISTRY]: Channel 'geckolib:main' : Version test of '1' from client : ACCEPTED
[20Aug2026 14:41:02.586] [Netty Server IO #8/DEBUG] [net.minecraftforge.network.NetworkRegistry/NETREGISTRY]: Accepting channel list from client
[20Aug2026 14:41:02.586] [Netty Server IO #8/DEBUG] [net.minecraftforge.network.HandshakeHandler/FMLHANDSHAKE]: Accepted client connection mod list
[20Aug2026 14:41:02.637] [Server thread/DEBUG] [net.minecraftforge.network.HandshakeHandler/FMLHANDSHAKE]: Sending ticking packet info 'Registry minecraft:command_argument_type' to 'fml:handshake' sequence 2
[20Aug2026 14:41:02.637] [Netty Server IO #8/DEBUG] [net.minecraftforge.network.LoginWrapper/FMLHANDSHAKE]: Recieved login wrapper packet event for channel fml:handshake with index 2
[20Aug2026 14:41:02.637] [Netty Server IO #8/DEBUG] [net.minecraftforge.network.HandshakeHandler/FMLHANDSHAKE]: Received client indexed reply 2 of type net.minecraftforge.network.HandshakeMessages$C2SAcknowledge
[20Aug2026 14:41:02.637] [Netty Server IO #8/DEBUG] [net.minecraftforge.network.HandshakeHandler/FMLHANDSHAKE]: Received acknowledgement from client
[20Aug2026 14:41:02.686] [Server thread/DEBUG] [net.minecraftforge.network.HandshakeHandler/FMLHANDSHAKE]: Sending ticking packet info 'Registry minecraft:recipe_serializer' to 'fml:handshake' sequence 3
[20Aug2026 14:41:02.686] [Netty Server IO #8/DEBUG] [net.minecraftforge.network.LoginWrapper/FMLHANDSHAKE]: Recieved login wrapper packet event for channel fml:handshake with index 3
[20Aug2026 14:41:02.686] [Netty Server IO #8/DEBUG] [net.minecraftforge.network.HandshakeHandler/FMLHANDSHAKE]: Received client indexed reply 3 of type net.minecraftforge.network.HandshakeMessages$C2SAcknowledge
[20Aug2026 14:41:02.686] [Netty Server IO #8/DEBUG] [net.minecraftforge.network.HandshakeHandler/FMLHANDSHAKE]: Received acknowledgement from client
[20Aug2026 14:41:02.740] [Server thread/DEBUG] [net.minecraftforge.network.HandshakeHandler/FMLHANDSHAKE]: Sending ticking packet info 'Registry minecraft:sound_event' to 'fml:handshake' sequence 4
[20Aug2026 14:41:02.743] [Netty Server IO #8/DEBUG] [net.minecraftforge.network.LoginWrapper/FMLHANDSHAKE]: Recieved login wrapper packet event for channel fml:handshake with index 4
[20Aug2026 14:41:02.743] [Netty Server IO #8/DEBUG] [net.minecraftforge.network.HandshakeHandler/FMLHANDSHAKE]: Received client indexed reply 4 of type net.minecraftforge.network.HandshakeMessages$C2SAcknowledge
[20Aug2026 14:41:02.743] [Netty Server IO #8/DEBUG] [net.minecraftforge.network.HandshakeHandler/FMLHANDSHAKE]: Received acknowledgement from client
[20Aug2026 14:41:02.787] [Server thread/DEBUG] [net.minecraftforge.network.HandshakeHandler/FMLHANDSHAKE]: Sending ticking packet info 'Registry minecraft:particle_type' to 'fml:handshake' sequence 5
[20Aug2026 14:41:02.787] [Netty Server IO #8/DEBUG] [net.minecraftforge.network.LoginWrapper/FMLHANDSHAKE]: Recieved login wrapper packet event for channel fml:handshake with index 5
[20Aug2026 14:41:02.788] [Netty Server IO #8/DEBUG] [net.minecraftforge.network.HandshakeHandler/FMLHANDSHAKE]: Received client indexed reply 5 of type net.minecraftforge.network.HandshakeMessages$C2SAcknowledge
[20Aug2026 14:41:02.788] [Netty Server IO #8/DEBUG] [net.minecraftforge.network.HandshakeHandler/FMLHANDSHAKE]: Received acknowledgement from client
[20Aug2026 14:41:02.837] [Server thread/DEBUG] [net.minecraftforge.network.HandshakeHandler/FMLHANDSHAKE]: Sending ticking packet info 'Registry minecraft:villager_profession' to 'fml:handshake' sequence 6
[20Aug2026 14:41:02.837] [Netty Server IO #8/DEBUG] [net.minecraftforge.network.LoginWrapper/FMLHANDSHAKE]: Recieved login wrapper packet event for channel fml:handshake with index 6
[20Aug2026 14:41:02.838] [Netty Server IO #8/DEBUG] [net.minecraftforge.network.HandshakeHandler/FMLHANDSHAKE]: Received client indexed reply 6 of type net.minecraftforge.network.HandshakeMessages$C2SAcknowledge
[20Aug2026 14:41:02.838] [Netty Server IO #8/DEBUG] [net.minecraftforge.network.HandshakeHandler/FMLHANDSHAKE]: Received acknowledgement from client
[20Aug2026 14:41:02.886] [Server thread/DEBUG] [net.minecraftforge.network.HandshakeHandler/FMLHANDSHAKE]: Sending ticking packet info 'Registry minecraft:item' to 'fml:handshake' sequence 7
[20Aug2026 14:41:02.887] [Netty Server IO #8/DEBUG] [net.minecraftforge.network.LoginWrapper/FMLHANDSHAKE]: Recieved login wrapper packet event for channel fml:handshake with index 7
[20Aug2026 14:41:02.887] [Netty Server IO #8/DEBUG] [net.minecraftforge.network.HandshakeHandler/FMLHANDSHAKE]: Received client indexed reply 7 of type net.minecraftforge.network.HandshakeMessages$C2SAcknowledge
[20Aug2026 14:41:02.887] [Netty Server IO #8/DEBUG] [net.minecraftforge.network.HandshakeHandler/FMLHANDSHAKE]: Received acknowledgement from client
[20Aug2026 14:41:02.936] [Server thread/DEBUG] [net.minecraftforge.network.HandshakeHandler/FMLHANDSHAKE]: Sending ticking packet info 'Registry minecraft:potion' to 'fml:handshake' sequence 8
[20Aug2026 14:41:02.937] [Netty Server IO #8/DEBUG] [net.minecraftforge.network.LoginWrapper/FMLHANDSHAKE]: Recieved login wrapper packet event for channel fml:handshake with index 8
[20Aug2026 14:41:02.937] [Netty Server IO #8/DEBUG] [net.minecraftforge.network.HandshakeHandler/FMLHANDSHAKE]: Received client indexed reply 8 of type net.minecraftforge.network.HandshakeMessages$C2SAcknowledge
[20Aug2026 14:41:02.937] [Netty Server IO #8/DEBUG] [net.minecraftforge.network.HandshakeHandler/FMLHANDSHAKE]: Received acknowledgement from client
[20Aug2026 14:41:02.986] [Server thread/DEBUG] [net.minecraftforge.network.HandshakeHandler/FMLHANDSHAKE]: Sending ticking packet info 'Registry minecraft:painting_variant' to 'fml:handshake' sequence 9
[20Aug2026 14:41:02.987] [Netty Server IO #8/DEBUG] [net.minecraftforge.network.LoginWrapper/FMLHANDSHAKE]: Recieved login wrapper packet event for channel fml:handshake with index 9
[20Aug2026 14:41:02.987] [Netty Server IO #8/DEBUG] [net.minecraftforge.network.HandshakeHandler/FMLHANDSHAKE]: Received client indexed reply 9 of type net.minecraftforge.network.HandshakeMessages$C2SAcknowledge
[20Aug2026 14:41:02.987] [Netty Server IO #8/DEBUG] [net.minecraftforge.network.HandshakeHandler/FMLHANDSHAKE]: Received acknowledgement from client
[20Aug2026 14:41:03.035] [Server thread/DEBUG] [net.minecraftforge.network.HandshakeHandler/FMLHANDSHAKE]: Sending ticking packet info 'Registry forge:fluid_type' to 'fml:handshake' sequence 10
[20Aug2026 14:41:03.035] [Netty Server IO #8/DEBUG] [net.minecraftforge.network.LoginWrapper/FMLHANDSHAKE]: Recieved login wrapper packet event for channel fml:handshake with index 10
[20Aug2026 14:41:03.036] [Netty Server IO #8/DEBUG] [net.minecraftforge.network.HandshakeHandler/FMLHANDSHAKE]: Received client indexed reply 10 of type net.minecraftforge.network.HandshakeMessages$C2SAcknowledge
[20Aug2026 14:41:03.036] [Netty Server IO #8/DEBUG] [net.minecraftforge.network.HandshakeHandler/FMLHANDSHAKE]: Received acknowledgement from client
[20Aug2026 14:41:03.087] [Server thread/DEBUG] [net.minecraftforge.network.HandshakeHandler/FMLHANDSHAKE]: Sending ticking packet info 'Registry minecraft:block_entity_type' to 'fml:handshake' sequence 11
[20Aug2026 14:41:03.087] [Netty Server IO #8/DEBUG] [net.minecraftforge.network.LoginWrapper/FMLHANDSHAKE]: Recieved login wrapper packet event for channel fml:handshake with index 11
[20Aug2026 14:41:03.087] [Netty Server IO #8/DEBUG] [net.minecraftforge.network.HandshakeHandler/FMLHANDSHAKE]: Received client indexed reply 11 of type net.minecraftforge.network.HandshakeMessages$C2SAcknowledge
[20Aug2026 14:41:03.087] [Netty Server IO #8/DEBUG] [net.minecraftforge.network.HandshakeHandler/FMLHANDSHAKE]: Received acknowledgement from client
[20Aug2026 14:41:03.136] [Server thread/DEBUG] [net.minecraftforge.network.HandshakeHandler/FMLHANDSHAKE]: Sending ticking packet info 'Registry forge:display_contexts' to 'fml:handshake' sequence 12
[20Aug2026 14:41:03.137] [Netty Server IO #8/DEBUG] [net.minecraftforge.network.LoginWrapper/FMLHANDSHAKE]: Recieved login wrapper packet event for channel fml:handshake with index 12
[20Aug2026 14:41:03.137] [Netty Server IO #8/DEBUG] [net.minecraftforge.network.HandshakeHandler/FMLHANDSHAKE]: Received client indexed reply 12 of type net.minecraftforge.network.HandshakeMessages$C2SAcknowledge
[20Aug2026 14:41:03.137] [Netty Server IO #8/DEBUG] [net.minecraftforge.network.HandshakeHandler/FMLHANDSHAKE]: Received acknowledgement from client
[20Aug2026 14:41:03.186] [Server thread/DEBUG] [net.minecraftforge.network.HandshakeHandler/FMLHANDSHAKE]: Sending ticking packet info 'Registry minecraft:block' to 'fml:handshake' sequence 13
[20Aug2026 14:41:03.187] [Netty Server IO #8/DEBUG] [net.minecraftforge.network.LoginWrapper/FMLHANDSHAKE]: Recieved login wrapper packet event for channel fml:handshake with index 13
[20Aug2026 14:41:03.188] [Netty Server IO #8/DEBUG] [net.minecraftforge.network.HandshakeHandler/FMLHANDSHAKE]: Received client indexed reply 13 of type net.minecraftforge.network.HandshakeMessages$C2SAcknowledge
[20Aug2026 14:41:03.188] [Netty Server IO #8/DEBUG] [net.minecraftforge.network.HandshakeHandler/FMLHANDSHAKE]: Received acknowledgement from client
[20Aug2026 14:41:03.235] [Server thread/DEBUG] [net.minecraftforge.network.HandshakeHandler/FMLHANDSHAKE]: Sending ticking packet info 'Registry forge:entity_data_serializers' to 'fml:handshake' sequence 14
[20Aug2026 14:41:03.235] [Netty Server IO #8/DEBUG] [net.minecraftforge.network.LoginWrapper/FMLHANDSHAKE]: Recieved login wrapper packet event for channel fml:handshake with index 14
[20Aug2026 14:41:03.235] [Netty Server IO #8/DEBUG] [net.minecraftforge.network.HandshakeHandler/FMLHANDSHAKE]: Received client indexed reply 14 of type net.minecraftforge.network.HandshakeMessages$C2SAcknowledge
[20Aug2026 14:41:03.235] [Netty Server IO #8/DEBUG] [net.minecraftforge.network.HandshakeHandler/FMLHANDSHAKE]: Received acknowledgement from client
[20Aug2026 14:41:03.285] [Server thread/DEBUG] [net.minecraftforge.network.HandshakeHandler/FMLHANDSHAKE]: Sending ticking packet info 'Registry minecraft:mob_effect' to 'fml:handshake' sequence 15
[20Aug2026 14:41:03.285] [Netty Server IO #8/DEBUG] [net.minecraftforge.network.LoginWrapper/FMLHANDSHAKE]: Recieved login wrapper packet event for channel fml:handshake with index 15
[20Aug2026 14:41:03.285] [Netty Server IO #8/DEBUG] [net.minecraftforge.network.HandshakeHandler/FMLHANDSHAKE]: Received client indexed reply 15 of type net.minecraftforge.network.HandshakeMessages$C2SAcknowledge
[20Aug2026 14:41:03.285] [Netty Server IO #8/DEBUG] [net.minecraftforge.network.HandshakeHandler/FMLHANDSHAKE]: Received acknowledgement from client
[20Aug2026 14:41:03.336] [Server thread/DEBUG] [net.minecraftforge.network.HandshakeHandler/FMLHANDSHAKE]: Sending ticking packet info 'Registry minecraft:stat_type' to 'fml:handshake' sequence 16
[20Aug2026 14:41:03.336] [Netty Server IO #8/DEBUG] [net.minecraftforge.network.LoginWrapper/FMLHANDSHAKE]: Recieved login wrapper packet event for channel fml:handshake with index 16
[20Aug2026 14:41:03.336] [Netty Server IO #8/DEBUG] [net.minecraftforge.network.HandshakeHandler/FMLHANDSHAKE]: Received client indexed reply 16 of type net.minecraftforge.network.HandshakeMessages$C2SAcknowledge
[20Aug2026 14:41:03.336] [Netty Server IO #8/DEBUG] [net.minecraftforge.network.HandshakeHandler/FMLHANDSHAKE]: Received acknowledgement from client
[20Aug2026 14:41:03.384] [Server thread/DEBUG] [net.minecraftforge.network.HandshakeHandler/FMLHANDSHAKE]: Sending ticking packet info 'Registry minecraft:menu' to 'fml:handshake' sequence 17
[20Aug2026 14:41:03.385] [Netty Server IO #8/DEBUG] [net.minecraftforge.network.LoginWrapper/FMLHANDSHAKE]: Recieved login wrapper packet event for channel fml:handshake with index 17
[20Aug2026 14:41:03.385] [Netty Server IO #8/DEBUG] [net.minecraftforge.network.HandshakeHandler/FMLHANDSHAKE]: Received client indexed reply 17 of type net.minecraftforge.network.HandshakeMessages$C2SAcknowledge
[20Aug2026 14:41:03.385] [Netty Server IO #8/DEBUG] [net.minecraftforge.network.HandshakeHandler/FMLHANDSHAKE]: Received acknowledgement from client
[20Aug2026 14:41:03.436] [Server thread/DEBUG] [net.minecraftforge.network.HandshakeHandler/FMLHANDSHAKE]: Sending ticking packet info 'Registry minecraft:enchantment' to 'fml:handshake' sequence 18
[20Aug2026 14:41:03.437] [Netty Server IO #8/DEBUG] [net.minecraftforge.network.LoginWrapper/FMLHANDSHAKE]: Recieved login wrapper packet event for channel fml:handshake with index 18
[20Aug2026 14:41:03.437] [Netty Server IO #8/DEBUG] [net.minecraftforge.network.HandshakeHandler/FMLHANDSHAKE]: Received client indexed reply 18 of type net.minecraftforge.network.HandshakeMessages$C2SAcknowledge
[20Aug2026 14:41:03.437] [Netty Server IO #8/DEBUG] [net.minecraftforge.network.HandshakeHandler/FMLHANDSHAKE]: Received acknowledgement from client
[20Aug2026 14:41:03.486] [Server thread/DEBUG] [net.minecraftforge.network.HandshakeHandler/FMLHANDSHAKE]: Sending ticking packet info 'Registry minecraft:fluid' to 'fml:handshake' sequence 19
[20Aug2026 14:41:03.486] [Netty Server IO #8/DEBUG] [net.minecraftforge.network.LoginWrapper/FMLHANDSHAKE]: Recieved login wrapper packet event for channel fml:handshake with index 19
[20Aug2026 14:41:03.486] [Netty Server IO #8/DEBUG] [net.minecraftforge.network.HandshakeHandler/FMLHANDSHAKE]: Received client indexed reply 19 of type net.minecraftforge.network.HandshakeMessages$C2SAcknowledge
[20Aug2026 14:41:03.486] [Netty Server IO #8/DEBUG] [net.minecraftforge.network.HandshakeHandler/FMLHANDSHAKE]: Received acknowledgement from client
[20Aug2026 14:41:03.535] [Server thread/DEBUG] [net.minecraftforge.network.HandshakeHandler/FMLHANDSHAKE]: Sending ticking packet info 'Registry minecraft:entity_type' to 'fml:handshake' sequence 20
[20Aug2026 14:41:03.590] [Server thread/DEBUG] [net.minecraftforge.network.HandshakeHandler/FMLHANDSHAKE]: Sending ticking packet info 'Config forge-server.toml' to 'fml:handshake' sequence 21
[20Aug2026 14:41:03.906] [Netty Server IO #8/DEBUG] [net.minecraftforge.network.LoginWrapper/FMLHANDSHAKE]: Recieved login wrapper packet event for channel fml:handshake with index 20
[20Aug2026 14:41:03.906] [Netty Server IO #8/DEBUG] [net.minecraftforge.network.HandshakeHandler/FMLHANDSHAKE]: Received client indexed reply 20 of type net.minecraftforge.network.HandshakeMessages$C2SAcknowledge
[20Aug2026 14:41:03.906] [Netty Server IO #8/DEBUG] [net.minecraftforge.network.HandshakeHandler/FMLHANDSHAKE]: Received acknowledgement from client
[20Aug2026 14:41:03.906] [Netty Server IO #8/DEBUG] [net.minecraftforge.network.LoginWrapper/FMLHANDSHAKE]: Recieved login wrapper packet event for channel fml:handshake with index 21
[20Aug2026 14:41:03.906] [Netty Server IO #8/DEBUG] [net.minecraftforge.network.HandshakeHandler/FMLHANDSHAKE]: Received client indexed reply 21 of type net.minecraftforge.network.HandshakeMessages$C2SAcknowledge
[20Aug2026 14:41:03.906] [Netty Server IO #8/DEBUG] [net.minecraftforge.network.HandshakeHandler/FMLHANDSHAKE]: Received acknowledgement from client
[20Aug2026 14:41:03.935] [Server thread/DEBUG] [net.minecraftforge.network.HandshakeHandler/FMLHANDSHAKE]: Handshake complete!
[20Aug2026 14:41:04.016] [Server thread/INFO] [net.minecraft.server.players.PlayerList/]: Shinzgami[/[::1]:36448] logged in with entity id 452175 at (-635.0690485984023, 84.02442408821369, 1823.0454508792361)
[20Aug2026 14:41:04.016] [Server thread/DEBUG] [net.minecraftforge.network.filters.NetworkFilters/]: Injected net.minecraftforge.network.filters.ForgeConnectionNetworkFilter@4567c309 into net.minecraft.network.Connection@d39db5a
[20Aug2026 14:41:04.023] [Server thread/INFO] [net.minecraft.server.MinecraftServer/]: Shinzgami joined the game
[20Aug2026 14:41:04.049] [Server thread/INFO] [fallingtrees | Config/]: Sending common config 'fallingtrees:fallingtrees_common' to Shinzgami
[20Aug2026 14:41:04.051] [Server thread/DEBUG] [voicechat/]: [voicechat] Setting default state of Shinzgami: {disabled=false, disconnected=true, uuid=cbd98727-12d9-37ed-8272-21579cc4249f, name=Shinzgami, group=null}
[20Aug2026 14:41:05.078] [Netty Server IO #8/INFO] [fallingtrees | Config/]: Received client config 'fallingtrees:fallingtrees_client' from Shinzgami
[20Aug2026 14:41:05.094] [Server thread/INFO] [voicechat/]: [voicechat] Received secret request of Shinzgami (20)
[20Aug2026 14:41:05.094] [Server thread/DEBUG] [voicechat/]: [voicechat] Sending initial states to Shinzgami
[20Aug2026 14:41:05.094] [Server thread/DEBUG] [voicechat/]: [voicechat] Synchronizing 0 groups with Shinzgami
[20Aug2026 14:41:05.094] [Server thread/DEBUG] [voicechat/]: [voicechat] Synchronizing 1 volume categories with Shinzgami
[20Aug2026 14:41:05.094] [Server thread/INFO] [voicechat/]: [voicechat] Sent secret to Shinzgami
[20Aug2026 14:41:05.578] [VoiceChatPacketProcessingThread/INFO] [voicechat/]: [voicechat] Successfully authenticated player cbd98727-12d9-37ed-8272-21579cc4249f
[20Aug2026 14:41:06.578] [VoiceChatPacketProcessingThread/INFO] [voicechat/]: [voicechat] Successfully validated connection of player cbd98727-12d9-37ed-8272-21579cc4249f
[20Aug2026 14:41:06.579] [VoiceChatPacketProcessingThread/DEBUG] [voicechat/]: [voicechat] Set state of Shinzgami to connected: {disabled=false, disconnected=false, uuid=cbd98727-12d9-37ed-8272-21579cc4249f, name=Shinzgami, group=null}
[20Aug2026 14:41:06.579] [VoiceChatPacketProcessingThread/INFO] [voicechat/]: [voicechat] Player Shinzgami (cbd98727-12d9-37ed-8272-21579cc4249f) successfully connected to voice chat
[20Aug2026 14:41:06.591] [Server thread/DEBUG] [voicechat/]: [voicechat] Got state of Shinzgami: {disabled=false, disconnected=false, uuid=cbd98727-12d9-37ed-8272-21579cc4249f, name=Shinzgami, group=null}
[20Aug2026 14:41:12.078] [Netty Server IO #10/DEBUG] [net.minecraftforge.network.HandshakeHandler/FMLHANDSHAKE]: Starting new modded impl connection. Found 22 messages to dispatch.
[20Aug2026 14:41:12.340] [Server thread/DEBUG] [net.minecraftforge.network.HandshakeHandler/FMLHANDSHAKE]: Sending ticking packet info 'net.minecraftforge.network.HandshakeMessages$S2CModData' to 'fml:handshake' sequence 0
[20Aug2026 14:41:12.389] [Server thread/DEBUG] [net.minecraftforge.network.HandshakeHandler/FMLHANDSHAKE]: Sending ticking packet info 'net.minecraftforge.network.HandshakeMessages$S2CModList' to 'fml:handshake' sequence 1
[20Aug2026 14:41:12.439] [Server thread/DEBUG] [net.minecraftforge.network.HandshakeHandler/FMLHANDSHAKE]: Sending ticking packet info 'Registry minecraft:command_argument_type' to 'fml:handshake' sequence 2
[20Aug2026 14:41:12.487] [Server thread/DEBUG] [net.minecraftforge.network.HandshakeHandler/FMLHANDSHAKE]: Sending ticking packet info 'Registry minecraft:recipe_serializer' to 'fml:handshake' sequence 3
[20Aug2026 14:41:12.538] [Server thread/DEBUG] [net.minecraftforge.network.HandshakeHandler/FMLHANDSHAKE]: Sending ticking packet info 'Registry minecraft:sound_event' to 'fml:handshake' sequence 4
[20Aug2026 14:41:12.591] [Server thread/DEBUG] [net.minecraftforge.network.HandshakeHandler/FMLHANDSHAKE]: Sending ticking packet info 'Registry minecraft:particle_type' to 'fml:handshake' sequence 5
[20Aug2026 14:41:12.610] [Netty Server IO #10/DEBUG] [net.minecraftforge.network.LoginWrapper/FMLHANDSHAKE]: Recieved login wrapper packet event for channel fml:handshake with index 1
[20Aug2026 14:41:12.611] [Netty Server IO #10/DEBUG] [net.minecraftforge.network.HandshakeHandler/FMLHANDSHAKE]: Received client indexed reply 1 of type net.minecraftforge.network.HandshakeMessages$C2SModListReply
[20Aug2026 14:41:12.611] [Netty Server IO #10/DEBUG] [net.minecraftforge.network.HandshakeHandler/FMLHANDSHAKE]: Received client connection with modlist [minecraft, voicechat, voicechat_api, doubledoors, extragore, ambientsounds, supermartijn642configlib, nochatreports, geckolib, creativecore, cleanswing, trender, modelfix, sound_physics_remastered, its_not_real, collective, enhancedvisuals, entityculling, betterthirdperson, badmobs, architectury, fallingtrees, jamlib, pandalib, rightclickharvest, transition, chat_heads, the_wonderland, forge, varietree, embeddium, rubidium, oculus, durabilitytooltip, essential, presencefootsteps]
[20Aug2026 14:41:12.611] [Netty Server IO #10/DEBUG] [net.minecraftforge.network.NetworkRegistry/NETREGISTRY]: Channel 'pandalib:config_sync' : Version test of '1' from client : ACCEPTED
[20Aug2026 14:41:12.611] [Netty Server IO #10/DEBUG] [net.minecraftforge.network.NetworkRegistry/NETREGISTRY]: Channel 'architectury:network' : Version test of '1' from client : ACCEPTED
[20Aug2026 14:41:12.611] [Netty Server IO #10/DEBUG] [net.minecraftforge.network.NetworkRegistry/NETREGISTRY]: Channel 'voicechat:secret' : Version test of 'ALLOWVANILLA 💓💓💓' from client : ACCEPTED
[20Aug2026 14:41:12.611] [Netty Server IO #10/DEBUG] [net.minecraftforge.network.NetworkRegistry/NETREGISTRY]: Channel 'voicechat:leave_group' : Version test of 'ALLOWVANILLA 💓💓💓' from client : ACCEPTED
[20Aug2026 14:41:12.611] [Netty Server IO #10/DEBUG] [net.minecraftforge.network.NetworkRegistry/NETREGISTRY]: Channel 'voicechat:create_group' : Version test of 'ALLOWVANILLA 💓💓💓' from client : ACCEPTED
[20Aug2026 14:41:12.611] [Netty Server IO #10/DEBUG] [net.minecraftforge.network.NetworkRegistry/NETREGISTRY]: Channel 'minecraft:unregister' : Version test of 'FML3' from client : ACCEPTED
[20Aug2026 14:41:12.611] [Netty Server IO #10/DEBUG] [net.minecraftforge.network.NetworkRegistry/NETREGISTRY]: Channel 'enhancedvisuals:main' : Version test of '1' from client : ACCEPTED
[20Aug2026 14:41:12.611] [Netty Server IO #10/DEBUG] [net.minecraftforge.network.NetworkRegistry/NETREGISTRY]: Channel 'voicechat:states' : Version test of 'ALLOWVANILLA 💓💓💓' from client : ACCEPTED
[20Aug2026 14:41:12.611] [Netty Server IO #10/DEBUG] [net.minecraftforge.network.NetworkRegistry/NETREGISTRY]: Channel 'voicechat:set_group' : Version test of 'ALLOWVANILLA 💓💓💓' from client : ACCEPTED
[20Aug2026 14:41:12.611] [Netty Server IO #10/DEBUG] [net.minecraftforge.network.NetworkRegistry/NETREGISTRY]: Channel 'voicechat:joined_group' : Version test of 'ALLOWVANILLA 💓💓💓' from client : ACCEPTED
[20Aug2026 14:41:12.611] [Netty Server IO #10/DEBUG] [net.minecraftforge.network.NetworkRegistry/NETREGISTRY]: Channel 'voicechat:update_state' : Version test of 'ALLOWVANILLA 💓💓💓' from client : ACCEPTED
[20Aug2026 14:41:12.611] [Netty Server IO #10/DEBUG] [net.minecraftforge.network.NetworkRegistry/NETREGISTRY]: Channel 'extragore:main' : Version test of '1' from client : ACCEPTED
[20Aug2026 14:41:12.611] [Netty Server IO #10/DEBUG] [net.minecraftforge.network.NetworkRegistry/NETREGISTRY]: Channel 'voicechat:add_group' : Version test of 'ALLOWVANILLA 💓💓💓' from client : ACCEPTED
[20Aug2026 14:41:12.611] [Netty Server IO #10/DEBUG] [net.minecraftforge.network.NetworkRegistry/NETREGISTRY]: Channel 'fml:loginwrapper' : Version test of 'FML3' from client : ACCEPTED
[20Aug2026 14:41:12.611] [Netty Server IO #10/DEBUG] [net.minecraftforge.network.NetworkRegistry/NETREGISTRY]: Channel 'its_not_real:its_not_real' : Version test of '1' from client : ACCEPTED
[20Aug2026 14:41:12.611] [Netty Server IO #10/DEBUG] [net.minecraftforge.network.NetworkRegistry/NETREGISTRY]: Channel 'forge:tier_sorting' : Version test of '1.0' from client : ACCEPTED
[20Aug2026 14:41:12.611] [Netty Server IO #10/DEBUG] [net.minecraftforge.network.NetworkRegistry/NETREGISTRY]: Channel 'supermartijn642configlib:sync_configs' : Version test of '1.1.8' from client : ACCEPTED
[20Aug2026 14:41:12.611] [Netty Server IO #10/DEBUG] [net.minecraftforge.network.NetworkRegistry/NETREGISTRY]: Channel 'the_wonderland:the_wonderland' : Version test of '1' from client : ACCEPTED
[20Aug2026 14:41:12.611] [Netty Server IO #10/DEBUG] [net.minecraftforge.network.NetworkRegistry/NETREGISTRY]: Channel 'fml:play' : Version test of 'FML3' from client : ACCEPTED
[20Aug2026 14:41:12.611] [Netty Server IO #10/DEBUG] [net.minecraftforge.network.NetworkRegistry/NETREGISTRY]: Channel 'creativecore:main' : Version test of '1' from client : ACCEPTED
[20Aug2026 14:41:12.611] [Netty Server IO #10/DEBUG] [net.minecraftforge.network.NetworkRegistry/NETREGISTRY]: Channel 'voicechat:request_secret' : Version test of 'ALLOWVANILLA 💓💓💓' from client : ACCEPTED
[20Aug2026 14:41:12.611] [Netty Server IO #10/DEBUG] [net.minecraftforge.network.NetworkRegistry/NETREGISTRY]: Channel 'fml:handshake' : Version test of 'FML3' from client : ACCEPTED
[20Aug2026 14:41:12.611] [Netty Server IO #10/DEBUG] [net.minecraftforge.network.NetworkRegistry/NETREGISTRY]: Channel 'voicechat:state' : Version test of 'ALLOWVANILLA 💓💓💓' from client : ACCEPTED
[20Aug2026 14:41:12.611] [Netty Server IO #10/DEBUG] [net.minecraftforge.network.NetworkRegistry/NETREGISTRY]: Channel 'voicechat:remove_category' : Version test of 'ALLOWVANILLA 💓💓💓' from client : ACCEPTED
[20Aug2026 14:41:12.611] [Netty Server IO #10/DEBUG] [net.minecraftforge.network.NetworkRegistry/NETREGISTRY]: Channel 'voicechat:remove_group' : Version test of 'ALLOWVANILLA 💓💓💓' from client : ACCEPTED
[20Aug2026 14:41:12.611] [Netty Server IO #10/DEBUG] [net.minecraftforge.network.NetworkRegistry/NETREGISTRY]: Channel 'voicechat:add_category' : Version test of 'ALLOWVANILLA 💓💓💓' from client : ACCEPTED
[20Aug2026 14:41:12.611] [Netty Server IO #10/DEBUG] [net.minecraftforge.network.NetworkRegistry/NETREGISTRY]: Channel 'voicechat:remove_state' : Version test of 'ALLOWVANILLA 💓💓💓' from client : ACCEPTED
[20Aug2026 14:41:12.611] [Netty Server IO #10/DEBUG] [net.minecraftforge.network.NetworkRegistry/NETREGISTRY]: Channel 'minecraft:register' : Version test of 'FML3' from client : ACCEPTED
[20Aug2026 14:41:12.612] [Netty Server IO #10/DEBUG] [net.minecraftforge.network.NetworkRegistry/NETREGISTRY]: Channel 'forge:split' : Version test of '1.1' from client : ACCEPTED
[20Aug2026 14:41:12.612] [Netty Server IO #10/DEBUG] [net.minecraftforge.network.NetworkRegistry/NETREGISTRY]: Channel 'geckolib:main' : Version test of '1' from client : ACCEPTED
[20Aug2026 14:41:12.612] [Netty Server IO #10/DEBUG] [net.minecraftforge.network.NetworkRegistry/NETREGISTRY]: Accepting channel list from client
[20Aug2026 14:41:12.612] [Netty Server IO #10/DEBUG] [net.minecraftforge.network.HandshakeHandler/FMLHANDSHAKE]: Accepted client connection mod list
[20Aug2026 14:41:12.651] [Netty Server IO #10/DEBUG] [net.minecraftforge.network.LoginWrapper/FMLHANDSHAKE]: Recieved login wrapper packet event for channel fml:handshake with index 2
[20Aug2026 14:41:12.652] [Netty Server IO #10/DEBUG] [net.minecraftforge.network.HandshakeHandler/FMLHANDSHAKE]: Received client indexed reply 2 of type net.minecraftforge.network.HandshakeMessages$C2SAcknowledge
[20Aug2026 14:41:12.652] [Netty Server IO #10/DEBUG] [net.minecraftforge.network.HandshakeHandler/FMLHANDSHAKE]: Received acknowledgement from client
[20Aug2026 14:41:12.654] [Server thread/DEBUG] [net.minecraftforge.network.HandshakeHandler/FMLHANDSHAKE]: Sending ticking packet info 'Registry minecraft:villager_profession' to 'fml:handshake' sequence 6
[20Aug2026 14:41:12.688] [Server thread/DEBUG] [net.minecraftforge.network.HandshakeHandler/FMLHANDSHAKE]: Sending ticking packet info 'Registry minecraft:item' to 'fml:handshake' sequence 7
[20Aug2026 14:41:12.704] [Netty Server IO #10/DEBUG] [net.minecraftforge.network.LoginWrapper/FMLHANDSHAKE]: Recieved login wrapper packet event for channel fml:handshake with index 3
[20Aug2026 14:41:12.704] [Netty Server IO #10/DEBUG] [net.minecraftforge.network.HandshakeHandler/FMLHANDSHAKE]: Received client indexed reply 3 of type net.minecraftforge.network.HandshakeMessages$C2SAcknowledge
[20Aug2026 14:41:12.704] [Netty Server IO #10/DEBUG] [net.minecraftforge.network.HandshakeHandler/FMLHANDSHAKE]: Received acknowledgement from client
[20Aug2026 14:41:12.743] [Server thread/DEBUG] [net.minecraftforge.network.HandshakeHandler/FMLHANDSHAKE]: Sending ticking packet info 'Registry minecraft:potion' to 'fml:handshake' sequence 8
[20Aug2026 14:41:12.791] [Server thread/DEBUG] [net.minecraftforge.network.HandshakeHandler/FMLHANDSHAKE]: Sending ticking packet info 'Registry minecraft:painting_variant' to 'fml:handshake' sequence 9
[20Aug2026 14:41:12.839] [Server thread/DEBUG] [net.minecraftforge.network.HandshakeHandler/FMLHANDSHAKE]: Sending ticking packet info 'Registry forge:fluid_type' to 'fml:handshake' sequence 10
[20Aug2026 14:41:12.886] [Server thread/DEBUG] [net.minecraftforge.network.HandshakeHandler/FMLHANDSHAKE]: Sending ticking packet info 'Registry minecraft:block_entity_type' to 'fml:handshake' sequence 11
[20Aug2026 14:41:12.939] [Server thread/DEBUG] [net.minecraftforge.network.HandshakeHandler/FMLHANDSHAKE]: Sending ticking packet info 'Registry forge:display_contexts' to 'fml:handshake' sequence 12
[20Aug2026 14:41:12.991] [Server thread/DEBUG] [net.minecraftforge.network.HandshakeHandler/FMLHANDSHAKE]: Sending ticking packet info 'Registry minecraft:block' to 'fml:handshake' sequence 13
[20Aug2026 14:41:13.042] [Server thread/DEBUG] [net.minecraftforge.network.HandshakeHandler/FMLHANDSHAKE]: Sending ticking packet info 'Registry forge:entity_data_serializers' to 'fml:handshake' sequence 14
[20Aug2026 14:41:13.092] [Server thread/DEBUG] [net.minecraftforge.network.HandshakeHandler/FMLHANDSHAKE]: Sending ticking packet info 'Registry minecraft:mob_effect' to 'fml:handshake' sequence 15
[20Aug2026 14:41:13.138] [Server thread/DEBUG] [net.minecraftforge.network.HandshakeHandler/FMLHANDSHAKE]: Sending ticking packet info 'Registry minecraft:stat_type' to 'fml:handshake' sequence 16
[20Aug2026 14:41:13.174] [Netty Server IO #10/DEBUG] [net.minecraftforge.network.LoginWrapper/FMLHANDSHAKE]: Recieved login wrapper packet event for channel fml:handshake with index 4
[20Aug2026 14:41:13.174] [Netty Server IO #10/DEBUG] [net.minecraftforge.network.HandshakeHandler/FMLHANDSHAKE]: Received client indexed reply 4 of type net.minecraftforge.network.HandshakeMessages$C2SAcknowledge
[20Aug2026 14:41:13.175] [Netty Server IO #10/DEBUG] [net.minecraftforge.network.HandshakeHandler/FMLHANDSHAKE]: Received acknowledgement from client
[20Aug2026 14:41:13.176] [Netty Server IO #10/DEBUG] [net.minecraftforge.network.LoginWrapper/FMLHANDSHAKE]: Recieved login wrapper packet event for channel fml:handshake with index 5
[20Aug2026 14:41:13.176] [Netty Server IO #10/DEBUG] [net.minecraftforge.network.HandshakeHandler/FMLHANDSHAKE]: Received client indexed reply 5 of type net.minecraftforge.network.HandshakeMessages$C2SAcknowledge
[20Aug2026 14:41:13.176] [Netty Server IO #10/DEBUG] [net.minecraftforge.network.HandshakeHandler/FMLHANDSHAKE]: Received acknowledgement from client
[20Aug2026 14:41:13.176] [Netty Server IO #10/DEBUG] [net.minecraftforge.network.LoginWrapper/FMLHANDSHAKE]: Recieved login wrapper packet event for channel fml:handshake with index 6
[20Aug2026 14:41:13.176] [Netty Server IO #10/DEBUG] [net.minecraftforge.network.HandshakeHandler/FMLHANDSHAKE]: Received client indexed reply 6 of type net.minecraftforge.network.HandshakeMessages$C2SAcknowledge
[20Aug2026 14:41:13.176] [Netty Server IO #10/DEBUG] [net.minecraftforge.network.HandshakeHandler/FMLHANDSHAKE]: Received acknowledgement from client
[20Aug2026 14:41:13.189] [Server thread/DEBUG] [net.minecraftforge.network.HandshakeHandler/FMLHANDSHAKE]: Sending ticking packet info 'Registry minecraft:menu' to 'fml:handshake' sequence 17
[20Aug2026 14:41:13.240] [Server thread/DEBUG] [net.minecraftforge.network.HandshakeHandler/FMLHANDSHAKE]: Sending ticking packet info 'Registry minecraft:enchantment' to 'fml:handshake' sequence 18
[20Aug2026 14:41:13.244] [Netty Server IO #10/DEBUG] [net.minecraftforge.network.LoginWrapper/FMLHANDSHAKE]: Recieved login wrapper packet event for channel fml:handshake with index 7
[20Aug2026 14:41:13.244] [Netty Server IO #10/DEBUG] [net.minecraftforge.network.HandshakeHandler/FMLHANDSHAKE]: Received client indexed reply 7 of type net.minecraftforge.network.HandshakeMessages$C2SAcknowledge
[20Aug2026 14:41:13.244] [Netty Server IO #10/DEBUG] [net.minecraftforge.network.HandshakeHandler/FMLHANDSHAKE]: Received acknowledgement from client
[20Aug2026 14:41:13.244] [Netty Server IO #10/DEBUG] [net.minecraftforge.network.LoginWrapper/FMLHANDSHAKE]: Recieved login wrapper packet event for channel fml:handshake with index 8
[20Aug2026 14:41:13.244] [Netty Server IO #10/DEBUG] [net.minecraftforge.network.HandshakeHandler/FMLHANDSHAKE]: Received client indexed reply 8 of type net.minecraftforge.network.HandshakeMessages$C2SAcknowledge
[20Aug2026 14:41:13.244] [Netty Server IO #10/DEBUG] [net.minecraftforge.network.HandshakeHandler/FMLHANDSHAKE]: Received acknowledgement from client
[20Aug2026 14:41:13.245] [Netty Server IO #10/DEBUG] [net.minecraftforge.network.LoginWrapper/FMLHANDSHAKE]: Recieved login wrapper packet event for channel fml:handshake with index 9
[20Aug2026 14:41:13.245] [Netty Server IO #10/DEBUG] [net.minecraftforge.network.HandshakeHandler/FMLHANDSHAKE]: Received client indexed reply 9 of type net.minecraftforge.network.HandshakeMessages$C2SAcknowledge
[20Aug2026 14:41:13.245] [Netty Server IO #10/DEBUG] [net.minecraftforge.network.HandshakeHandler/FMLHANDSHAKE]: Received acknowledgement from client
[20Aug2026 14:41:13.245] [Netty Server IO #10/DEBUG] [net.minecraftforge.network.LoginWrapper/FMLHANDSHAKE]: Recieved login wrapper packet event for channel fml:handshake with index 10
[20Aug2026 14:41:13.245] [Netty Server IO #10/DEBUG] [net.minecraftforge.network.HandshakeHandler/FMLHANDSHAKE]: Received client indexed reply 10 of type net.minecraftforge.network.HandshakeMessages$C2SAcknowledge
[20Aug2026 14:41:13.245] [Netty Server IO #10/DEBUG] [net.minecraftforge.network.HandshakeHandler/FMLHANDSHAKE]: Received acknowledgement from client
[20Aug2026 14:41:13.245] [Netty Server IO #10/DEBUG] [net.minecraftforge.network.LoginWrapper/FMLHANDSHAKE]: Recieved login wrapper packet event for channel fml:handshake with index 11
[20Aug2026 14:41:13.245] [Netty Server IO #10/DEBUG] [net.minecraftforge.network.HandshakeHandler/FMLHANDSHAKE]: Received client indexed reply 11 of type net.minecraftforge.network.HandshakeMessages$C2SAcknowledge
[20Aug2026 14:41:13.245] [Netty Server IO #10/DEBUG] [net.minecraftforge.network.HandshakeHandler/FMLHANDSHAKE]: Received acknowledgement from client
[20Aug2026 14:41:13.285] [Netty Server IO #10/DEBUG] [net.minecraftforge.network.LoginWrapper/FMLHANDSHAKE]: Recieved login wrapper packet event for channel fml:handshake with index 12
[20Aug2026 14:41:13.285] [Netty Server IO #10/DEBUG] [net.minecraftforge.network.HandshakeHandler/FMLHANDSHAKE]: Received client indexed reply 12 of type net.minecraftforge.network.HandshakeMessages$C2SAcknowledge
[20Aug2026 14:41:13.285] [Netty Server IO #10/DEBUG] [net.minecraftforge.network.HandshakeHandler/FMLHANDSHAKE]: Received acknowledgement from client
[20Aug2026 14:41:13.288] [Server thread/DEBUG] [net.minecraftforge.network.HandshakeHandler/FMLHANDSHAKE]: Sending ticking packet info 'Registry minecraft:fluid' to 'fml:handshake' sequence 19
[20Aug2026 14:41:13.339] [Server thread/DEBUG] [net.minecraftforge.network.HandshakeHandler/FMLHANDSHAKE]: Sending ticking packet info 'Registry minecraft:entity_type' to 'fml:handshake' sequence 20
[20Aug2026 14:41:13.389] [Netty Server IO #10/DEBUG] [net.minecraftforge.network.LoginWrapper/FMLHANDSHAKE]: Recieved login wrapper packet event for channel fml:handshake with index 13
[20Aug2026 14:41:13.389] [Netty Server IO #10/DEBUG] [net.minecraftforge.network.HandshakeHandler/FMLHANDSHAKE]: Received client indexed reply 13 of type net.minecraftforge.network.HandshakeMessages$C2SAcknowledge
[20Aug2026 14:41:13.389] [Netty Server IO #10/DEBUG] [net.minecraftforge.network.HandshakeHandler/FMLHANDSHAKE]: Received acknowledgement from client
[20Aug2026 14:41:13.389] [Netty Server IO #10/DEBUG] [net.minecraftforge.network.LoginWrapper/FMLHANDSHAKE]: Recieved login wrapper packet event for channel fml:handshake with index 14
[20Aug2026 14:41:13.389] [Netty Server IO #10/DEBUG] [net.minecraftforge.network.HandshakeHandler/FMLHANDSHAKE]: Received client indexed reply 14 of type net.minecraftforge.network.HandshakeMessages$C2SAcknowledge
[20Aug2026 14:41:13.389] [Netty Server IO #10/DEBUG] [net.minecraftforge.network.HandshakeHandler/FMLHANDSHAKE]: Received acknowledgement from client
[20Aug2026 14:41:13.390] [Server thread/DEBUG] [net.minecraftforge.network.HandshakeHandler/FMLHANDSHAKE]: Sending ticking packet info 'Config forge-server.toml' to 'fml:handshake' sequence 21
[20Aug2026 14:41:13.392] [Netty Server IO #10/DEBUG] [net.minecraftforge.network.LoginWrapper/FMLHANDSHAKE]: Recieved login wrapper packet event for channel fml:handshake with index 15
[20Aug2026 14:41:13.392] [Netty Server IO #10/DEBUG] [net.minecraftforge.network.HandshakeHandler/FMLHANDSHAKE]: Received client indexed reply 15 of type net.minecraftforge.network.HandshakeMessages$C2SAcknowledge
[20Aug2026 14:41:13.392] [Netty Server IO #10/DEBUG] [net.minecraftforge.network.HandshakeHandler/FMLHANDSHAKE]: Received acknowledgement from client
[20Aug2026 14:41:13.392] [Netty Server IO #10/DEBUG] [net.minecraftforge.network.LoginWrapper/FMLHANDSHAKE]: Recieved login wrapper packet event for channel fml:handshake with index 16
[20Aug2026 14:41:13.392] [Netty Server IO #10/DEBUG] [net.minecraftforge.network.HandshakeHandler/FMLHANDSHAKE]: Received client indexed reply 16 of type net.minecraftforge.network.HandshakeMessages$C2SAcknowledge
[20Aug2026 14:41:13.392] [Netty Server IO #10/DEBUG] [net.minecraftforge.network.HandshakeHandler/FMLHANDSHAKE]: Received acknowledgement from client
[20Aug2026 14:41:13.402] [Netty Server IO #10/DEBUG] [net.minecraftforge.network.LoginWrapper/FMLHANDSHAKE]: Recieved login wrapper packet event for channel fml:handshake with index 17
[20Aug2026 14:41:13.402] [Netty Server IO #10/DEBUG] [net.minecraftforge.network.HandshakeHandler/FMLHANDSHAKE]: Received client indexed reply 17 of type net.minecraftforge.network.HandshakeMessages$C2SAcknowledge
[20Aug2026 14:41:13.402] [Netty Server IO #10/DEBUG] [net.minecraftforge.network.HandshakeHandler/FMLHANDSHAKE]: Received acknowledgement from client
[20Aug2026 14:41:13.451] [Netty Server IO #10/DEBUG] [net.minecraftforge.network.LoginWrapper/FMLHANDSHAKE]: Recieved login wrapper packet event for channel fml:handshake with index 18
[20Aug2026 14:41:13.452] [Netty Server IO #10/DEBUG] [net.minecraftforge.network.HandshakeHandler/FMLHANDSHAKE]: Received client indexed reply 18 of type net.minecraftforge.network.HandshakeMessages$C2SAcknowledge
[20Aug2026 14:41:13.452] [Netty Server IO #10/DEBUG] [net.minecraftforge.network.HandshakeHandler/FMLHANDSHAKE]: Received acknowledgement from client
[20Aug2026 14:41:13.506] [Netty Server IO #10/DEBUG] [net.minecraftforge.network.LoginWrapper/FMLHANDSHAKE]: Recieved login wrapper packet event for channel fml:handshake with index 19
[20Aug2026 14:41:13.506] [Netty Server IO #10/DEBUG] [net.minecraftforge.network.HandshakeHandler/FMLHANDSHAKE]: Received client indexed reply 19 of type net.minecraftforge.network.HandshakeMessages$C2SAcknowledge
[20Aug2026 14:41:13.506] [Netty Server IO #10/DEBUG] [net.minecraftforge.network.HandshakeHandler/FMLHANDSHAKE]: Received acknowledgement from client
[20Aug2026 14:41:13.885] [Netty Server IO #10/DEBUG] [net.minecraftforge.network.LoginWrapper/FMLHANDSHAKE]: Recieved login wrapper packet event for channel fml:handshake with index 20
[20Aug2026 14:41:13.885] [Netty Server IO #10/DEBUG] [net.minecraftforge.network.HandshakeHandler/FMLHANDSHAKE]: Received client indexed reply 20 of type net.minecraftforge.network.HandshakeMessages$C2SAcknowledge
[20Aug2026 14:41:13.885] [Netty Server IO #10/DEBUG] [net.minecraftforge.network.HandshakeHandler/FMLHANDSHAKE]: Received acknowledgement from client
[20Aug2026 14:41:13.885] [Netty Server IO #10/DEBUG] [net.minecraftforge.network.LoginWrapper/FMLHANDSHAKE]: Recieved login wrapper packet event for channel fml:handshake with index 21
[20Aug2026 14:41:13.885] [Netty Server IO #10/DEBUG] [net.minecraftforge.network.HandshakeHandler/FMLHANDSHAKE]: Received client indexed reply 21 of type net.minecraftforge.network.HandshakeMessages$C2SAcknowledge
[20Aug2026 14:41:13.886] [Netty Server IO #10/DEBUG] [net.minecraftforge.network.HandshakeHandler/FMLHANDSHAKE]: Received acknowledgement from client
[20Aug2026 14:41:13.889] [Server thread/DEBUG] [net.minecraftforge.network.HandshakeHandler/FMLHANDSHAKE]: Handshake complete!
[20Aug2026 14:41:13.967] [Server thread/INFO] [net.minecraft.server.players.PlayerList/]: sarah[/192.168.1.6:36457] logged in with entity id 455385 at (-559.9168253000142, 71.0, 1774.1199985185838)
[20Aug2026 14:41:13.967] [Server thread/DEBUG] [net.minecraftforge.network.filters.NetworkFilters/]: Injected net.minecraftforge.network.filters.ForgeConnectionNetworkFilter@527b4bd4 into net.minecraft.network.Connection@5633442b
[20Aug2026 14:41:13.969] [Server thread/INFO] [net.minecraft.server.MinecraftServer/]: sarah joined the game
[20Aug2026 14:41:14.002] [Server thread/INFO] [fallingtrees | Config/]: Sending common config 'fallingtrees:fallingtrees_common' to sarah
[20Aug2026 14:41:14.003] [Server thread/DEBUG] [voicechat/]: [voicechat] Setting default state of sarah: {disabled=false, disconnected=true, uuid=3ccf5268-e1fc-3cba-9fee-34a34e8d05d9, name=sarah, group=null}
[20Aug2026 14:41:14.251] [Netty Server IO #10/INFO] [fallingtrees | Config/]: Received client config 'fallingtrees:fallingtrees_client' from sarah
[20Aug2026 14:41:14.252] [Server thread/INFO] [voicechat/]: [voicechat] Received secret request of sarah (20)
[20Aug2026 14:41:14.252] [Server thread/DEBUG] [voicechat/]: [voicechat] Sending initial states to sarah
[20Aug2026 14:41:14.252] [Server thread/DEBUG] [voicechat/]: [voicechat] Synchronizing 0 groups with sarah
[20Aug2026 14:41:14.252] [Server thread/DEBUG] [voicechat/]: [voicechat] Synchronizing 1 volume categories with sarah
[20Aug2026 14:41:14.252] [Server thread/INFO] [voicechat/]: [voicechat] Sent secret to sarah
[20Aug2026 14:41:46.937] [Server thread/INFO] [net.minecraft.server.MinecraftServer/]: <sarah> uho h
[20Aug2026 14:41:55.560] [Server thread/INFO] [net.minecraft.server.MinecraftServer/]: <sarah> uhh
[20Aug2026 14:42:00.107] [Server thread/INFO] [net.minecraft.server.MinecraftServer/]: <sarah> come to the bed
[20Aug2026 14:42:01.294] [Server thread/INFO] [net.minecraft.server.MinecraftServer/]: <sarah> i kept
[20Aug2026 14:42:06.145] [Server thread/INFO] [net.minecraft.server.MinecraftServer/]: <sarah> oh nvm
[20Aug2026 14:42:09.313] [Server thread/INFO] [net.minecraft.server.MinecraftServer/]: <sarah> i was looping in it
[20Aug2026 14:42:10.186] [Server thread/WARN] [net.minecraft.server.level.ServerLevel/]: Tried to add entity the_wonderland:angel but it was marked as removed already
[20Aug2026 14:42:42.886] [Server thread/INFO] [net.minecraft.server.MinecraftServer/]: <sarah> little john apartment
[20Aug2026 14:43:05.691] [Server thread/INFO] [net.minecraft.server.MinecraftServer/]: <sarah> i got a bald house
[20Aug2026 14:43:22.237] [Server thread/INFO] [net.minecraft.server.MinecraftServer/]: <sarah> no no its already good
[20Aug2026 14:44:21.623] [Server thread/INFO] [net.minecraft.server.MinecraftServer/]: <sarah> WE NEED WOOD
[20Aug2026 14:44:31.944] [Server thread/INFO] [net.minecraft.server.MinecraftServer/]: <sarah> OH THATS GOOD
[20Aug2026 14:44:37.887] [Server thread/INFO] [net.minecraft.server.MinecraftServer/]: <sarah> hard hard
[20Aug2026 14:44:39.954] [Server thread/INFO] [net.minecraft.server.MinecraftServer/]: <sarah> oh thats why
[20Aug2026 14:44:47.958] [Server thread/INFO] [net.minecraft.server.MinecraftServer/]: <sarah> peaceful doesnt let it spawn horror mobs
[20Aug2026 14:44:59.650] [Server thread/DEBUG] [net.minecraftforge.common.ForgeHooks/WP]: Gathering id map for writing to world save world
[20Aug2026 14:44:59.654] [Server thread/DEBUG] [net.minecraftforge.common.ForgeHooks/WP]: ID Map collection complete world
[20Aug2026 14:45:28.764] [Server thread/INFO] [net.minecraft.server.MinecraftServer/]: <sarah> creeper creeper
[20Aug2026 14:45:35.293] [Server thread/INFO] [net.minecraft.server.MinecraftServer/]: <sarah> make it normal
[20Aug2026 14:45:43.491] [Server thread/INFO] [net.minecraft.server.MinecraftServer/]: <sarah> not peaceful
[20Aug2026 14:45:51.915] [Server thread/INFO] [net.minecraft.server.MinecraftServer/]: <sarah> okay
[20Aug2026 14:46:02.089] [Server thread/INFO] [net.minecraft.server.MinecraftServer/]: <sarah> ohh
[20Aug2026 14:47:05.173] [Server thread/INFO] [net.minecraft.server.MinecraftServer/]: sadkewa was slain by Polar34_
[20Aug2026 14:48:42.146] [Server thread/INFO] [net.minecraft.server.MinecraftServer/]: sarah has made the advancement [Monster Hunter]
[20Aug2026 14:48:51.093] [Server thread/INFO] [net.minecraft.server.MinecraftServer/]: sarah was slain by Slime
[20Aug2026 14:49:15.268] [Server thread/INFO] [net.minecraft.server.MinecraftServer/]: <Shinzgami> -276 1891
[20Aug2026 14:49:59.655] [Server thread/DEBUG] [net.minecraftforge.common.ForgeHooks/WP]: Gathering id map for writing to world save world
[20Aug2026 14:49:59.659] [Server thread/DEBUG] [net.minecraftforge.common.ForgeHooks/WP]: ID Map collection complete world
[20Aug2026 14:50:45.122] [Server thread/INFO] [net.minecraft.server.MinecraftServer/]: <Polar34_> crate
[20Aug2026 14:51:21.887] [Server thread/INFO] [net.minecraft.server.network.ServerGamePacketListenerImpl/]: sadkewa lost connection: Timed out
[20Aug2026 14:51:21.887] [Server thread/INFO] [net.minecraft.server.MinecraftServer/]: sadkewa left the game
[20Aug2026 14:51:21.889] [Server thread/DEBUG] [voicechat/]: [voicechat] Removing state of sadkewa
[20Aug2026 14:51:21.889] [Server thread/INFO] [voicechat/]: [voicechat] Disconnecting client sadkewa
[20Aug2026 14:51:25.146] [Netty Server IO #11/DEBUG] [net.minecraftforge.network.HandshakeHandler/FMLHANDSHAKE]: Starting new modded impl connection. Found 22 messages to dispatch.
[20Aug2026 14:51:25.445] [Server thread/DEBUG] [net.minecraftforge.network.HandshakeHandler/FMLHANDSHAKE]: Sending ticking packet info 'net.minecraftforge.network.HandshakeMessages$S2CModData' to 'fml:handshake' sequence 0
[20Aug2026 14:51:25.497] [Server thread/DEBUG] [net.minecraftforge.network.HandshakeHandler/FMLHANDSHAKE]: Sending ticking packet info 'net.minecraftforge.network.HandshakeMessages$S2CModList' to 'fml:handshake' sequence 1
[20Aug2026 14:51:25.540] [Server thread/DEBUG] [net.minecraftforge.network.HandshakeHandler/FMLHANDSHAKE]: Sending ticking packet info 'Registry minecraft:command_argument_type' to 'fml:handshake' sequence 2
[20Aug2026 14:51:25.593] [Server thread/DEBUG] [net.minecraftforge.network.HandshakeHandler/FMLHANDSHAKE]: Sending ticking packet info 'Registry minecraft:recipe_serializer' to 'fml:handshake' sequence 3
[20Aug2026 14:51:25.642] [Server thread/DEBUG] [net.minecraftforge.network.HandshakeHandler/FMLHANDSHAKE]: Sending ticking packet info 'Registry minecraft:sound_event' to 'fml:handshake' sequence 4
[20Aug2026 14:51:25.691] [Server thread/DEBUG] [net.minecraftforge.network.HandshakeHandler/FMLHANDSHAKE]: Sending ticking packet info 'Registry minecraft:particle_type' to 'fml:handshake' sequence 5
[20Aug2026 14:51:25.742] [Server thread/DEBUG] [net.minecraftforge.network.HandshakeHandler/FMLHANDSHAKE]: Sending ticking packet info 'Registry minecraft:villager_profession' to 'fml:handshake' sequence 6
[20Aug2026 14:51:25.750] [Netty Server IO #11/DEBUG] [net.minecraftforge.network.LoginWrapper/FMLHANDSHAKE]: Recieved login wrapper packet event for channel fml:handshake with index 1
[20Aug2026 14:51:25.750] [Netty Server IO #11/DEBUG] [net.minecraftforge.network.HandshakeHandler/FMLHANDSHAKE]: Received client indexed reply 1 of type net.minecraftforge.network.HandshakeMessages$C2SModListReply
[20Aug2026 14:51:25.750] [Netty Server IO #11/DEBUG] [net.minecraftforge.network.HandshakeHandler/FMLHANDSHAKE]: Received client connection with modlist [minecraft, voicechat, voicechat_api, libipn, doubledoors, extragore, ambientsounds, mousetweaks, supermartijn642configlib, nochatreports, geckolib, creativecore, cleanswing, trender, kotlinforforge, modelfix, sound_physics_remastered, its_not_real, collective, enhancedvisuals, freecam, entityculling, betterthirdperson, badmobs, inventoryprofilesnext, architectury, fallingtrees, jamlib, pandalib, rightclickharvest, transition, dynamic_fps, chat_heads, the_wonderland, forge, varietree, embeddium, rubidium, oculus, durabilitytooltip, essential, presencefootsteps]
[20Aug2026 14:51:25.750] [Netty Server IO #11/DEBUG] [net.minecraftforge.network.NetworkRegistry/NETREGISTRY]: Channel 'pandalib:config_sync' : Version test of '1' from client : ACCEPTED
[20Aug2026 14:51:25.750] [Netty Server IO #11/DEBUG] [net.minecraftforge.network.NetworkRegistry/NETREGISTRY]: Channel 'architectury:network' : Version test of '1' from client : ACCEPTED
[20Aug2026 14:51:25.750] [Netty Server IO #11/DEBUG] [net.minecraftforge.network.NetworkRegistry/NETREGISTRY]: Channel 'voicechat:secret' : Version test of 'ALLOWVANILLA 💓💓💓' from client : ACCEPTED
[20Aug2026 14:51:25.750] [Netty Server IO #11/DEBUG] [net.minecraftforge.network.NetworkRegistry/NETREGISTRY]: Channel 'voicechat:leave_group' : Version test of 'ALLOWVANILLA 💓💓💓' from client : ACCEPTED
[20Aug2026 14:51:25.750] [Netty Server IO #11/DEBUG] [net.minecraftforge.network.NetworkRegistry/NETREGISTRY]: Channel 'voicechat:create_group' : Version test of 'ALLOWVANILLA 💓💓💓' from client : ACCEPTED
[20Aug2026 14:51:25.750] [Netty Server IO #11/DEBUG] [net.minecraftforge.network.NetworkRegistry/NETREGISTRY]: Channel 'minecraft:unregister' : Version test of 'FML3' from client : ACCEPTED
[20Aug2026 14:51:25.750] [Netty Server IO #11/DEBUG] [net.minecraftforge.network.NetworkRegistry/NETREGISTRY]: Channel 'enhancedvisuals:main' : Version test of '1' from client : ACCEPTED
[20Aug2026 14:51:25.750] [Netty Server IO #11/DEBUG] [net.minecraftforge.network.NetworkRegistry/NETREGISTRY]: Channel 'voicechat:states' : Version test of 'ALLOWVANILLA 💓💓💓' from client : ACCEPTED
[20Aug2026 14:51:25.751] [Netty Server IO #11/DEBUG] [net.minecraftforge.network.NetworkRegistry/NETREGISTRY]: Channel 'voicechat:set_group' : Version test of 'ALLOWVANILLA 💓💓💓' from client : ACCEPTED
[20Aug2026 14:51:25.751] [Netty Server IO #11/DEBUG] [net.minecraftforge.network.NetworkRegistry/NETREGISTRY]: Channel 'voicechat:joined_group' : Version test of 'ALLOWVANILLA 💓💓💓' from client : ACCEPTED
[20Aug2026 14:51:25.751] [Netty Server IO #11/DEBUG] [net.minecraftforge.network.NetworkRegistry/NETREGISTRY]: Channel 'voicechat:update_state' : Version test of 'ALLOWVANILLA 💓💓💓' from client : ACCEPTED
[20Aug2026 14:51:25.751] [Netty Server IO #11/DEBUG] [net.minecraftforge.network.NetworkRegistry/NETREGISTRY]: Channel 'extragore:main' : Version test of '1' from client : ACCEPTED
[20Aug2026 14:51:25.751] [Netty Server IO #11/DEBUG] [net.minecraftforge.network.NetworkRegistry/NETREGISTRY]: Channel 'voicechat:add_group' : Version test of 'ALLOWVANILLA 💓💓💓' from client : ACCEPTED
[20Aug2026 14:51:25.751] [Netty Server IO #11/DEBUG] [net.minecraftforge.network.NetworkRegistry/NETREGISTRY]: Channel 'fml:loginwrapper' : Version test of 'FML3' from client : ACCEPTED
[20Aug2026 14:51:25.751] [Netty Server IO #11/DEBUG] [net.minecraftforge.network.NetworkRegistry/NETREGISTRY]: Channel 'its_not_real:its_not_real' : Version test of '1' from client : ACCEPTED
[20Aug2026 14:51:25.751] [Netty Server IO #11/DEBUG] [net.minecraftforge.network.NetworkRegistry/NETREGISTRY]: Channel 'forge:tier_sorting' : Version test of '1.0' from client : ACCEPTED
[20Aug2026 14:51:25.751] [Netty Server IO #11/DEBUG] [net.minecraftforge.network.NetworkRegistry/NETREGISTRY]: Channel 'supermartijn642configlib:sync_configs' : Version test of '1.1.8' from client : ACCEPTED
[20Aug2026 14:51:25.751] [Netty Server IO #11/DEBUG] [net.minecraftforge.network.NetworkRegistry/NETREGISTRY]: Channel 'the_wonderland:the_wonderland' : Version test of '1' from client : ACCEPTED
[20Aug2026 14:51:25.751] [Netty Server IO #11/DEBUG] [net.minecraftforge.network.NetworkRegistry/NETREGISTRY]: Channel 'fml:play' : Version test of 'FML3' from client : ACCEPTED
[20Aug2026 14:51:25.751] [Netty Server IO #11/DEBUG] [net.minecraftforge.network.NetworkRegistry/NETREGISTRY]: Channel 'creativecore:main' : Version test of '1' from client : ACCEPTED
[20Aug2026 14:51:25.751] [Netty Server IO #11/DEBUG] [net.minecraftforge.network.NetworkRegistry/NETREGISTRY]: Channel 'voicechat:request_secret' : Version test of 'ALLOWVANILLA 💓💓💓' from client : ACCEPTED
[20Aug2026 14:51:25.751] [Netty Server IO #11/DEBUG] [net.minecraftforge.network.NetworkRegistry/NETREGISTRY]: Channel 'fml:handshake' : Version test of 'FML3' from client : ACCEPTED
[20Aug2026 14:51:25.751] [Netty Server IO #11/DEBUG] [net.minecraftforge.network.NetworkRegistry/NETREGISTRY]: Channel 'voicechat:state' : Version test of 'ALLOWVANILLA 💓💓💓' from client : ACCEPTED
[20Aug2026 14:51:25.751] [Netty Server IO #11/DEBUG] [net.minecraftforge.network.NetworkRegistry/NETREGISTRY]: Channel 'voicechat:remove_category' : Version test of 'ALLOWVANILLA 💓💓💓' from client : ACCEPTED
[20Aug2026 14:51:25.751] [Netty Server IO #11/DEBUG] [net.minecraftforge.network.NetworkRegistry/NETREGISTRY]: Channel 'voicechat:remove_group' : Version test of 'ALLOWVANILLA 💓💓💓' from client : ACCEPTED
[20Aug2026 14:51:25.751] [Netty Server IO #11/DEBUG] [net.minecraftforge.network.NetworkRegistry/NETREGISTRY]: Channel 'voicechat:add_category' : Version test of 'ALLOWVANILLA 💓💓💓' from client : ACCEPTED
[20Aug2026 14:51:25.751] [Netty Server IO #11/DEBUG] [net.minecraftforge.network.NetworkRegistry/NETREGISTRY]: Channel 'voicechat:remove_state' : Version test of 'ALLOWVANILLA 💓💓💓' from client : ACCEPTED
[20Aug2026 14:51:25.751] [Netty Server IO #11/DEBUG] [net.minecraftforge.network.NetworkRegistry/NETREGISTRY]: Channel 'minecraft:register' : Version test of 'FML3' from client : ACCEPTED
[20Aug2026 14:51:25.751] [Netty Server IO #11/DEBUG] [net.minecraftforge.network.NetworkRegistry/NETREGISTRY]: Channel 'forge:split' : Version test of '1.1' from client : ACCEPTED
[20Aug2026 14:51:25.751] [Netty Server IO #11/DEBUG] [net.minecraftforge.network.NetworkRegistry/NETREGISTRY]: Channel 'geckolib:main' : Version test of '1' from client : ACCEPTED
[20Aug2026 14:51:25.752] [Netty Server IO #11/DEBUG] [net.minecraftforge.network.NetworkRegistry/NETREGISTRY]: Accepting channel list from client
[20Aug2026 14:51:25.752] [Netty Server IO #11/DEBUG] [net.minecraftforge.network.HandshakeHandler/FMLHANDSHAKE]: Accepted client connection mod list
[20Aug2026 14:51:25.781] [Netty Server IO #11/DEBUG] [net.minecraftforge.network.LoginWrapper/FMLHANDSHAKE]: Recieved login wrapper packet event for channel fml:handshake with index 2
[20Aug2026 14:51:25.781] [Netty Server IO #11/DEBUG] [net.minecraftforge.network.HandshakeHandler/FMLHANDSHAKE]: Received client indexed reply 2 of type net.minecraftforge.network.HandshakeMessages$C2SAcknowledge
[20Aug2026 14:51:25.781] [Netty Server IO #11/DEBUG] [net.minecraftforge.network.HandshakeHandler/FMLHANDSHAKE]: Received acknowledgement from client
[20Aug2026 14:51:25.791] [Server thread/DEBUG] [net.minecraftforge.network.HandshakeHandler/FMLHANDSHAKE]: Sending ticking packet info 'Registry minecraft:item' to 'fml:handshake' sequence 7
[20Aug2026 14:51:25.829] [Netty Server IO #11/DEBUG] [net.minecraftforge.network.LoginWrapper/FMLHANDSHAKE]: Recieved login wrapper packet event for channel fml:handshake with index 3
[20Aug2026 14:51:25.829] [Netty Server IO #11/DEBUG] [net.minecraftforge.network.HandshakeHandler/FMLHANDSHAKE]: Received client indexed reply 3 of type net.minecraftforge.network.HandshakeMessages$C2SAcknowledge
[20Aug2026 14:51:25.829] [Netty Server IO #11/DEBUG] [net.minecraftforge.network.HandshakeHandler/FMLHANDSHAKE]: Received acknowledgement from client
[20Aug2026 14:51:25.841] [Server thread/DEBUG] [net.minecraftforge.network.HandshakeHandler/FMLHANDSHAKE]: Sending ticking packet info 'Registry minecraft:potion' to 'fml:handshake' sequence 8
[20Aug2026 14:51:25.893] [Server thread/DEBUG] [net.minecraftforge.network.HandshakeHandler/FMLHANDSHAKE]: Sending ticking packet info 'Registry minecraft:painting_variant' to 'fml:handshake' sequence 9
[20Aug2026 14:51:25.944] [Server thread/DEBUG] [net.minecraftforge.network.HandshakeHandler/FMLHANDSHAKE]: Sending ticking packet info 'Registry forge:fluid_type' to 'fml:handshake' sequence 10
[20Aug2026 14:51:25.991] [Server thread/DEBUG] [net.minecraftforge.network.HandshakeHandler/FMLHANDSHAKE]: Sending ticking packet info 'Registry minecraft:block_entity_type' to 'fml:handshake' sequence 11
[20Aug2026 14:51:26.041] [Server thread/DEBUG] [net.minecraftforge.network.HandshakeHandler/FMLHANDSHAKE]: Sending ticking packet info 'Registry forge:display_contexts' to 'fml:handshake' sequence 12
[20Aug2026 14:51:26.091] [Server thread/DEBUG] [net.minecraftforge.network.HandshakeHandler/FMLHANDSHAKE]: Sending ticking packet info 'Registry minecraft:block' to 'fml:handshake' sequence 13
[20Aug2026 14:51:26.141] [Server thread/DEBUG] [net.minecraftforge.network.HandshakeHandler/FMLHANDSHAKE]: Sending ticking packet info 'Registry forge:entity_data_serializers' to 'fml:handshake' sequence 14
[20Aug2026 14:51:26.193] [Server thread/DEBUG] [net.minecraftforge.network.HandshakeHandler/FMLHANDSHAKE]: Sending ticking packet info 'Registry minecraft:mob_effect' to 'fml:handshake' sequence 15
[20Aug2026 14:51:26.241] [Server thread/DEBUG] [net.minecraftforge.network.HandshakeHandler/FMLHANDSHAKE]: Sending ticking packet info 'Registry minecraft:stat_type' to 'fml:handshake' sequence 16
[20Aug2026 14:51:26.290] [Server thread/DEBUG] [net.minecraftforge.network.HandshakeHandler/FMLHANDSHAKE]: Sending ticking packet info 'Registry minecraft:menu' to 'fml:handshake' sequence 17
[20Aug2026 14:51:26.310] [Netty Server IO #11/DEBUG] [net.minecraftforge.network.LoginWrapper/FMLHANDSHAKE]: Recieved login wrapper packet event for channel fml:handshake with index 4
[20Aug2026 14:51:26.310] [Netty Server IO #11/DEBUG] [net.minecraftforge.network.HandshakeHandler/FMLHANDSHAKE]: Received client indexed reply 4 of type net.minecraftforge.network.HandshakeMessages$C2SAcknowledge
[20Aug2026 14:51:26.310] [Netty Server IO #11/DEBUG] [net.minecraftforge.network.HandshakeHandler/FMLHANDSHAKE]: Received acknowledgement from client
[20Aug2026 14:51:26.314] [Netty Server IO #11/DEBUG] [net.minecraftforge.network.LoginWrapper/FMLHANDSHAKE]: Recieved login wrapper packet event for channel fml:handshake with index 5
[20Aug2026 14:51:26.314] [Netty Server IO #11/DEBUG] [net.minecraftforge.network.HandshakeHandler/FMLHANDSHAKE]: Received client indexed reply 5 of type net.minecraftforge.network.HandshakeMessages$C2SAcknowledge
[20Aug2026 14:51:26.314] [Netty Server IO #11/DEBUG] [net.minecraftforge.network.HandshakeHandler/FMLHANDSHAKE]: Received acknowledgement from client
[20Aug2026 14:51:26.326] [Netty Server IO #11/DEBUG] [net.minecraftforge.network.LoginWrapper/FMLHANDSHAKE]: Recieved login wrapper packet event for channel fml:handshake with index 6
[20Aug2026 14:51:26.326] [Netty Server IO #11/DEBUG] [net.minecraftforge.network.HandshakeHandler/FMLHANDSHAKE]: Received client indexed reply 6 of type net.minecraftforge.network.HandshakeMessages$C2SAcknowledge
[20Aug2026 14:51:26.326] [Netty Server IO #11/DEBUG] [net.minecraftforge.network.HandshakeHandler/FMLHANDSHAKE]: Received acknowledgement from client
[20Aug2026 14:51:26.343] [Server thread/DEBUG] [net.minecraftforge.network.HandshakeHandler/FMLHANDSHAKE]: Sending ticking packet info 'Registry minecraft:enchantment' to 'fml:handshake' sequence 18
[20Aug2026 14:51:26.391] [Server thread/DEBUG] [net.minecraftforge.network.HandshakeHandler/FMLHANDSHAKE]: Sending ticking packet info 'Registry minecraft:fluid' to 'fml:handshake' sequence 19
[20Aug2026 14:51:26.413] [Netty Server IO #11/DEBUG] [net.minecraftforge.network.LoginWrapper/FMLHANDSHAKE]: Recieved login wrapper packet event for channel fml:handshake with index 7
[20Aug2026 14:51:26.413] [Netty Server IO #11/DEBUG] [net.minecraftforge.network.HandshakeHandler/FMLHANDSHAKE]: Received client indexed reply 7 of type net.minecraftforge.network.HandshakeMessages$C2SAcknowledge
[20Aug2026 14:51:26.413] [Netty Server IO #11/DEBUG] [net.minecraftforge.network.HandshakeHandler/FMLHANDSHAKE]: Received acknowledgement from client
[20Aug2026 14:51:26.413] [Netty Server IO #11/DEBUG] [net.minecraftforge.network.LoginWrapper/FMLHANDSHAKE]: Recieved login wrapper packet event for channel fml:handshake with index 8
[20Aug2026 14:51:26.413] [Netty Server IO #11/DEBUG] [net.minecraftforge.network.HandshakeHandler/FMLHANDSHAKE]: Received client indexed reply 8 of type net.minecraftforge.network.HandshakeMessages$C2SAcknowledge
[20Aug2026 14:51:26.413] [Netty Server IO #11/DEBUG] [net.minecraftforge.network.HandshakeHandler/FMLHANDSHAKE]: Received acknowledgement from client
[20Aug2026 14:51:26.413] [Netty Server IO #11/DEBUG] [net.minecraftforge.network.LoginWrapper/FMLHANDSHAKE]: Recieved login wrapper packet event for channel fml:handshake with index 9
[20Aug2026 14:51:26.413] [Netty Server IO #11/DEBUG] [net.minecraftforge.network.HandshakeHandler/FMLHANDSHAKE]: Received client indexed reply 9 of type net.minecraftforge.network.HandshakeMessages$C2SAcknowledge
[20Aug2026 14:51:26.413] [Netty Server IO #11/DEBUG] [net.minecraftforge.network.HandshakeHandler/FMLHANDSHAKE]: Received acknowledgement from client
[20Aug2026 14:51:26.413] [Netty Server IO #11/DEBUG] [net.minecraftforge.network.LoginWrapper/FMLHANDSHAKE]: Recieved login wrapper packet event for channel fml:handshake with index 10
[20Aug2026 14:51:26.413] [Netty Server IO #11/DEBUG] [net.minecraftforge.network.HandshakeHandler/FMLHANDSHAKE]: Received client indexed reply 10 of type net.minecraftforge.network.HandshakeMessages$C2SAcknowledge
[20Aug2026 14:51:26.413] [Netty Server IO #11/DEBUG] [net.minecraftforge.network.HandshakeHandler/FMLHANDSHAKE]: Received acknowledgement from client
[20Aug2026 14:51:26.421] [Netty Server IO #11/DEBUG] [net.minecraftforge.network.LoginWrapper/FMLHANDSHAKE]: Recieved login wrapper packet event for channel fml:handshake with index 11
[20Aug2026 14:51:26.421] [Netty Server IO #11/DEBUG] [net.minecraftforge.network.HandshakeHandler/FMLHANDSHAKE]: Received client indexed reply 11 of type net.minecraftforge.network.HandshakeMessages$C2SAcknowledge
[20Aug2026 14:51:26.421] [Netty Server IO #11/DEBUG] [net.minecraftforge.network.HandshakeHandler/FMLHANDSHAKE]: Received acknowledgement from client
[20Aug2026 14:51:26.437] [Netty Server IO #11/DEBUG] [net.minecraftforge.network.LoginWrapper/FMLHANDSHAKE]: Recieved login wrapper packet event for channel fml:handshake with index 12
[20Aug2026 14:51:26.437] [Netty Server IO #11/DEBUG] [net.minecraftforge.network.HandshakeHandler/FMLHANDSHAKE]: Received client indexed reply 12 of type net.minecraftforge.network.HandshakeMessages$C2SAcknowledge
[20Aug2026 14:51:26.438] [Netty Server IO #11/DEBUG] [net.minecraftforge.network.HandshakeHandler/FMLHANDSHAKE]: Received acknowledgement from client
[20Aug2026 14:51:26.440] [Server thread/DEBUG] [net.minecraftforge.network.HandshakeHandler/FMLHANDSHAKE]: Sending ticking packet info 'Registry minecraft:entity_type' to 'fml:handshake' sequence 20
[20Aug2026 14:51:26.491] [Server thread/DEBUG] [net.minecraftforge.network.HandshakeHandler/FMLHANDSHAKE]: Sending ticking packet info 'Config forge-server.toml' to 'fml:handshake' sequence 21
[20Aug2026 14:51:26.538] [Netty Server IO #11/DEBUG] [net.minecraftforge.network.LoginWrapper/FMLHANDSHAKE]: Recieved login wrapper packet event for channel fml:handshake with index 13
[20Aug2026 14:51:26.538] [Netty Server IO #11/DEBUG] [net.minecraftforge.network.HandshakeHandler/FMLHANDSHAKE]: Received client indexed reply 13 of type net.minecraftforge.network.HandshakeMessages$C2SAcknowledge
[20Aug2026 14:51:26.538] [Netty Server IO #11/DEBUG] [net.minecraftforge.network.HandshakeHandler/FMLHANDSHAKE]: Received acknowledgement from client
[20Aug2026 14:51:26.546] [Netty Server IO #11/DEBUG] [net.minecraftforge.network.LoginWrapper/FMLHANDSHAKE]: Recieved login wrapper packet event for channel fml:handshake with index 14
[20Aug2026 14:51:26.546] [Netty Server IO #11/DEBUG] [net.minecraftforge.network.HandshakeHandler/FMLHANDSHAKE]: Received client indexed reply 14 of type net.minecraftforge.network.HandshakeMessages$C2SAcknowledge
[20Aug2026 14:51:26.547] [Netty Server IO #11/DEBUG] [net.minecraftforge.network.HandshakeHandler/FMLHANDSHAKE]: Received acknowledgement from client
[20Aug2026 14:51:26.547] [Netty Server IO #11/DEBUG] [net.minecraftforge.network.LoginWrapper/FMLHANDSHAKE]: Recieved login wrapper packet event for channel fml:handshake with index 15
[20Aug2026 14:51:26.547] [Netty Server IO #11/DEBUG] [net.minecraftforge.network.HandshakeHandler/FMLHANDSHAKE]: Received client indexed reply 15 of type net.minecraftforge.network.HandshakeMessages$C2SAcknowledge
[20Aug2026 14:51:26.547] [Netty Server IO #11/DEBUG] [net.minecraftforge.network.HandshakeHandler/FMLHANDSHAKE]: Received acknowledgement from client
[20Aug2026 14:51:26.547] [Netty Server IO #11/DEBUG] [net.minecraftforge.network.LoginWrapper/FMLHANDSHAKE]: Recieved login wrapper packet event for channel fml:handshake with index 16
[20Aug2026 14:51:26.547] [Netty Server IO #11/DEBUG] [net.minecraftforge.network.HandshakeHandler/FMLHANDSHAKE]: Received client indexed reply 16 of type net.minecraftforge.network.HandshakeMessages$C2SAcknowledge
[20Aug2026 14:51:26.547] [Netty Server IO #11/DEBUG] [net.minecraftforge.network.HandshakeHandler/FMLHANDSHAKE]: Received acknowledgement from client
[20Aug2026 14:51:26.547] [Netty Server IO #11/DEBUG] [net.minecraftforge.network.LoginWrapper/FMLHANDSHAKE]: Recieved login wrapper packet event for channel fml:handshake with index 17
[20Aug2026 14:51:26.547] [Netty Server IO #11/DEBUG] [net.minecraftforge.network.HandshakeHandler/FMLHANDSHAKE]: Received client indexed reply 17 of type net.minecraftforge.network.HandshakeMessages$C2SAcknowledge
[20Aug2026 14:51:26.547] [Netty Server IO #11/DEBUG] [net.minecraftforge.network.HandshakeHandler/FMLHANDSHAKE]: Received acknowledgement from client
[20Aug2026 14:51:26.581] [Netty Server IO #11/DEBUG] [net.minecraftforge.network.LoginWrapper/FMLHANDSHAKE]: Recieved login wrapper packet event for channel fml:handshake with index 18
[20Aug2026 14:51:26.581] [Netty Server IO #11/DEBUG] [net.minecraftforge.network.HandshakeHandler/FMLHANDSHAKE]: Received client indexed reply 18 of type net.minecraftforge.network.HandshakeMessages$C2SAcknowledge
[20Aug2026 14:51:26.581] [Netty Server IO #11/DEBUG] [net.minecraftforge.network.HandshakeHandler/FMLHANDSHAKE]: Received acknowledgement from client
[20Aug2026 14:51:26.621] [Netty Server IO #11/DEBUG] [net.minecraftforge.network.LoginWrapper/FMLHANDSHAKE]: Recieved login wrapper packet event for channel fml:handshake with index 19
[20Aug2026 14:51:26.621] [Netty Server IO #11/DEBUG] [net.minecraftforge.network.HandshakeHandler/FMLHANDSHAKE]: Received client indexed reply 19 of type net.minecraftforge.network.HandshakeMessages$C2SAcknowledge
[20Aug2026 14:51:26.621] [Netty Server IO #11/DEBUG] [net.minecraftforge.network.HandshakeHandler/FMLHANDSHAKE]: Received acknowledgement from client
[20Aug2026 14:51:26.977] [Netty Server IO #11/DEBUG] [net.minecraftforge.network.LoginWrapper/FMLHANDSHAKE]: Recieved login wrapper packet event for channel fml:handshake with index 20
[20Aug2026 14:51:26.977] [Netty Server IO #11/DEBUG] [net.minecraftforge.network.HandshakeHandler/FMLHANDSHAKE]: Received client indexed reply 20 of type net.minecraftforge.network.HandshakeMessages$C2SAcknowledge
[20Aug2026 14:51:26.977] [Netty Server IO #11/DEBUG] [net.minecraftforge.network.HandshakeHandler/FMLHANDSHAKE]: Received acknowledgement from client
[20Aug2026 14:51:26.977] [Netty Server IO #11/DEBUG] [net.minecraftforge.network.LoginWrapper/FMLHANDSHAKE]: Recieved login wrapper packet event for channel fml:handshake with index 21
[20Aug2026 14:51:26.977] [Netty Server IO #11/DEBUG] [net.minecraftforge.network.HandshakeHandler/FMLHANDSHAKE]: Received client indexed reply 21 of type net.minecraftforge.network.HandshakeMessages$C2SAcknowledge
[20Aug2026 14:51:26.977] [Netty Server IO #11/DEBUG] [net.minecraftforge.network.HandshakeHandler/FMLHANDSHAKE]: Received acknowledgement from client
[20Aug2026 14:51:26.993] [Server thread/DEBUG] [net.minecraftforge.network.HandshakeHandler/FMLHANDSHAKE]: Handshake complete!
[20Aug2026 14:51:27.084] [Server thread/INFO] [net.minecraft.server.players.PlayerList/]: sadkewa[/192.168.1.6:36780] logged in with entity id 641128 at (-404.30000001192093, 121.0, 1780.6191424034298)
[20Aug2026 14:51:27.085] [Server thread/DEBUG] [net.minecraftforge.network.filters.NetworkFilters/]: Injected net.minecraftforge.network.filters.ForgeConnectionNetworkFilter@2064d528 into net.minecraft.network.Connection@1f2dedfb
[20Aug2026 14:51:27.090] [Server thread/INFO] [net.minecraft.server.MinecraftServer/]: sadkewa joined the game
[20Aug2026 14:51:27.127] [Server thread/INFO] [fallingtrees | Config/]: Sending common config 'fallingtrees:fallingtrees_common' to sadkewa
[20Aug2026 14:51:27.129] [Server thread/DEBUG] [voicechat/]: [voicechat] Setting default state of sadkewa: {disabled=false, disconnected=true, uuid=c95ba5d9-f943-3fde-bceb-bc7fb8e3daa9, name=sadkewa, group=null}
[20Aug2026 14:51:27.432] [Netty Server IO #11/INFO] [fallingtrees | Config/]: Received client config 'fallingtrees:fallingtrees_client' from sadkewa
[20Aug2026 14:51:27.447] [Server thread/INFO] [voicechat/]: [voicechat] Received secret request of sadkewa (20)
[20Aug2026 14:51:27.447] [Server thread/DEBUG] [voicechat/]: [voicechat] Sending initial states to sadkewa
[20Aug2026 14:51:27.447] [Server thread/DEBUG] [voicechat/]: [voicechat] Synchronizing 0 groups with sadkewa
[20Aug2026 14:51:27.447] [Server thread/DEBUG] [voicechat/]: [voicechat] Synchronizing 1 volume categories with sadkewa
[20Aug2026 14:51:27.447] [Server thread/INFO] [voicechat/]: [voicechat] Sent secret to sadkewa
[20Aug2026 14:51:37.461] [Server thread/INFO] [net.minecraft.server.MinecraftServer/]: <sarah> ouh shi
[20Aug2026 14:51:38.192] [Server thread/INFO] [net.minecraft.server.MinecraftServer/]: <sarah> rain
[20Aug2026 14:51:52.645] [Server thread/INFO] [net.minecraft.server.MinecraftServer/]: <sarah> UH OH
[20Aug2026 14:51:54.594] [Server thread/INFO] [net.minecraft.server.MinecraftServer/]: <sarah> IS THAT YOU KEWA
[20Aug2026 14:52:41.061] [Server thread/INFO] [net.minecraft.server.MinecraftServer/]: <sarah> bear
[20Aug2026 14:52:41.955] [Server thread/INFO] [net.minecraft.server.MinecraftServer/]: <sarah> bear
[20Aug2026 14:52:45.044] [Server thread/INFO] [net.minecraft.server.MinecraftServer/]: <sarah> come
[20Aug2026 14:52:56.313] [Server thread/INFO] [net.minecraft.server.MinecraftServer/]: <sarah> you see that
[20Aug2026 14:53:12.995] [Server thread/INFO] [net.minecraft.server.MinecraftServer/]: Moony09_ withered away
[20Aug2026 14:53:32.494] [Server thread/INFO] [net.minecraft.server.MinecraftServer/]: <sarah> 2 black guy
[20Aug2026 14:53:39.244] [Server thread/INFO] [net.minecraft.server.MinecraftServer/]: <sarah> ITS 3
[20Aug2026 14:53:40.055] [Server thread/INFO] [net.minecraft.server.MinecraftServer/]: <sarah> BRO
[20Aug2026 14:53:42.297] [Server thread/INFO] [net.minecraft.server.MinecraftServer/]: <sarah> 2 BLACK AND 1 WHITE
[20Aug2026 14:54:59.663] [Server thread/DEBUG] [net.minecraftforge.common.ForgeHooks/WP]: Gathering id map for writing to world save world
[20Aug2026 14:54:59.666] [Server thread/DEBUG] [net.minecraftforge.common.ForgeHooks/WP]: ID Map collection complete world
[20Aug2026 14:55:15.392] [Server thread/INFO] [net.minecraft.server.MinecraftServer/]: <sarah> it look like
[20Aug2026 14:55:16.911] [Server thread/INFO] [net.minecraft.server.MinecraftServer/]: <sarah> some cube
[20Aug2026 14:55:24.020] [Server thread/INFO] [net.minecraft.server.MinecraftServer/]: <sarah> im using bsl
[20Aug2026 14:55:27.203] [Server thread/INFO] [net.minecraft.server.MinecraftServer/]: <sarah> i mean
[20Aug2026 14:55:34.223] [Server thread/INFO] [net.minecraft.server.MinecraftServer/]: <sarah> uhh complementary unbound
[20Aug2026 14:55:40.988] [Server thread/INFO] [net.minecraft.server.network.ServerGamePacketListenerImpl/]: Polar34_ lost connection: Timed out
[20Aug2026 14:55:40.989] [Server thread/INFO] [net.minecraft.server.MinecraftServer/]: Polar34_ left the game
[20Aug2026 14:55:40.990] [Server thread/DEBUG] [voicechat/]: [voicechat] Removing state of Polar34_
[20Aug2026 14:55:40.990] [Server thread/INFO] [voicechat/]: [voicechat] Disconnecting client Polar34_
[20Aug2026 14:55:48.743] [Netty Server IO #14/DEBUG] [net.minecraftforge.network.HandshakeHandler/FMLHANDSHAKE]: Starting new modded impl connection. Found 22 messages to dispatch.
[20Aug2026 14:55:49.092] [Server thread/DEBUG] [net.minecraftforge.network.HandshakeHandler/FMLHANDSHAKE]: Sending ticking packet info 'net.minecraftforge.network.HandshakeMessages$S2CModData' to 'fml:handshake' sequence 0
[20Aug2026 14:55:49.148] [Server thread/DEBUG] [net.minecraftforge.network.HandshakeHandler/FMLHANDSHAKE]: Sending ticking packet info 'net.minecraftforge.network.HandshakeMessages$S2CModList' to 'fml:handshake' sequence 1
[20Aug2026 14:55:49.193] [Server thread/DEBUG] [net.minecraftforge.network.HandshakeHandler/FMLHANDSHAKE]: Sending ticking packet info 'Registry minecraft:command_argument_type' to 'fml:handshake' sequence 2
[20Aug2026 14:55:49.243] [Server thread/DEBUG] [net.minecraftforge.network.HandshakeHandler/FMLHANDSHAKE]: Sending ticking packet info 'Registry minecraft:recipe_serializer' to 'fml:handshake' sequence 3
[20Aug2026 14:55:49.291] [Server thread/DEBUG] [net.minecraftforge.network.HandshakeHandler/FMLHANDSHAKE]: Sending ticking packet info 'Registry minecraft:sound_event' to 'fml:handshake' sequence 4
[20Aug2026 14:55:49.341] [Server thread/DEBUG] [net.minecraftforge.network.HandshakeHandler/FMLHANDSHAKE]: Sending ticking packet info 'Registry minecraft:particle_type' to 'fml:handshake' sequence 5
[20Aug2026 14:55:49.395] [Server thread/DEBUG] [net.minecraftforge.network.HandshakeHandler/FMLHANDSHAKE]: Sending ticking packet info 'Registry minecraft:villager_profession' to 'fml:handshake' sequence 6
[20Aug2026 14:55:49.444] [Server thread/DEBUG] [net.minecraftforge.network.HandshakeHandler/FMLHANDSHAKE]: Sending ticking packet info 'Registry minecraft:item' to 'fml:handshake' sequence 7
[20Aug2026 14:55:49.450] [Netty Server IO #14/DEBUG] [net.minecraftforge.network.LoginWrapper/FMLHANDSHAKE]: Recieved login wrapper packet event for channel fml:handshake with index 1
[20Aug2026 14:55:49.450] [Netty Server IO #14/DEBUG] [net.minecraftforge.network.HandshakeHandler/FMLHANDSHAKE]: Received client indexed reply 1 of type net.minecraftforge.network.HandshakeMessages$C2SModListReply
[20Aug2026 14:55:49.450] [Netty Server IO #14/DEBUG] [net.minecraftforge.network.HandshakeHandler/FMLHANDSHAKE]: Received client connection with modlist [minecraft, voicechat, voicechat_api, doubledoors, extragore, ambientsounds, supermartijn642configlib, nochatreports, geckolib, creativecore, cleanswing, trender, modelfix, sound_physics_remastered, its_not_real, collective, enhancedvisuals, entityculling, betterthirdperson, badmobs, architectury, fallingtrees, jamlib, pandalib, rightclickharvest, transition, chat_heads, the_wonderland, forge, varietree, embeddium, rubidium, oculus, durabilitytooltip, essential, presencefootsteps]
[20Aug2026 14:55:49.450] [Netty Server IO #14/DEBUG] [net.minecraftforge.network.NetworkRegistry/NETREGISTRY]: Channel 'pandalib:config_sync' : Version test of '1' from client : ACCEPTED
[20Aug2026 14:55:49.450] [Netty Server IO #14/DEBUG] [net.minecraftforge.network.NetworkRegistry/NETREGISTRY]: Channel 'architectury:network' : Version test of '1' from client : ACCEPTED
[20Aug2026 14:55:49.450] [Netty Server IO #14/DEBUG] [net.minecraftforge.network.NetworkRegistry/NETREGISTRY]: Channel 'voicechat:secret' : Version test of 'ALLOWVANILLA 💓💓💓' from client : ACCEPTED
[20Aug2026 14:55:49.450] [Netty Server IO #14/DEBUG] [net.minecraftforge.network.NetworkRegistry/NETREGISTRY]: Channel 'voicechat:leave_group' : Version test of 'ALLOWVANILLA 💓💓💓' from client : ACCEPTED
[20Aug2026 14:55:49.450] [Netty Server IO #14/DEBUG] [net.minecraftforge.network.NetworkRegistry/NETREGISTRY]: Channel 'voicechat:create_group' : Version test of 'ALLOWVANILLA 💓💓💓' from client : ACCEPTED
[20Aug2026 14:55:49.450] [Netty Server IO #14/DEBUG] [net.minecraftforge.network.NetworkRegistry/NETREGISTRY]: Channel 'minecraft:unregister' : Version test of 'FML3' from client : ACCEPTED
[20Aug2026 14:55:49.450] [Netty Server IO #14/DEBUG] [net.minecraftforge.network.NetworkRegistry/NETREGISTRY]: Channel 'enhancedvisuals:main' : Version test of '1' from client : ACCEPTED
[20Aug2026 14:55:49.450] [Netty Server IO #14/DEBUG] [net.minecraftforge.network.NetworkRegistry/NETREGISTRY]: Channel 'voicechat:states' : Version test of 'ALLOWVANILLA 💓💓💓' from client : ACCEPTED
[20Aug2026 14:55:49.450] [Netty Server IO #14/DEBUG] [net.minecraftforge.network.NetworkRegistry/NETREGISTRY]: Channel 'voicechat:set_group' : Version test of 'ALLOWVANILLA 💓💓💓' from client : ACCEPTED
[20Aug2026 14:55:49.451] [Netty Server IO #14/DEBUG] [net.minecraftforge.network.NetworkRegistry/NETREGISTRY]: Channel 'voicechat:joined_group' : Version test of 'ALLOWVANILLA 💓💓💓' from client : ACCEPTED
[20Aug2026 14:55:49.451] [Netty Server IO #14/DEBUG] [net.minecraftforge.network.NetworkRegistry/NETREGISTRY]: Channel 'voicechat:update_state' : Version test of 'ALLOWVANILLA 💓💓💓' from client : ACCEPTED
[20Aug2026 14:55:49.451] [Netty Server IO #14/DEBUG] [net.minecraftforge.network.NetworkRegistry/NETREGISTRY]: Channel 'extragore:main' : Version test of '1' from client : ACCEPTED
[20Aug2026 14:55:49.451] [Netty Server IO #14/DEBUG] [net.minecraftforge.network.NetworkRegistry/NETREGISTRY]: Channel 'voicechat:add_group' : Version test of 'ALLOWVANILLA 💓💓💓' from client : ACCEPTED
[20Aug2026 14:55:49.451] [Netty Server IO #14/DEBUG] [net.minecraftforge.network.NetworkRegistry/NETREGISTRY]: Channel 'fml:loginwrapper' : Version test of 'FML3' from client : ACCEPTED
[20Aug2026 14:55:49.451] [Netty Server IO #14/DEBUG] [net.minecraftforge.network.NetworkRegistry/NETREGISTRY]: Channel 'its_not_real:its_not_real' : Version test of '1' from client : ACCEPTED
[20Aug2026 14:55:49.451] [Netty Server IO #14/DEBUG] [net.minecraftforge.network.NetworkRegistry/NETREGISTRY]: Channel 'forge:tier_sorting' : Version test of '1.0' from client : ACCEPTED
[20Aug2026 14:55:49.451] [Netty Server IO #14/DEBUG] [net.minecraftforge.network.NetworkRegistry/NETREGISTRY]: Channel 'supermartijn642configlib:sync_configs' : Version test of '1.1.8' from client : ACCEPTED
[20Aug2026 14:55:49.451] [Netty Server IO #14/DEBUG] [net.minecraftforge.network.NetworkRegistry/NETREGISTRY]: Channel 'the_wonderland:the_wonderland' : Version test of '1' from client : ACCEPTED
[20Aug2026 14:55:49.451] [Netty Server IO #14/DEBUG] [net.minecraftforge.network.NetworkRegistry/NETREGISTRY]: Channel 'fml:play' : Version test of 'FML3' from client : ACCEPTED
[20Aug2026 14:55:49.451] [Netty Server IO #14/DEBUG] [net.minecraftforge.network.NetworkRegistry/NETREGISTRY]: Channel 'creativecore:main' : Version test of '1' from client : ACCEPTED
[20Aug2026 14:55:49.451] [Netty Server IO #14/DEBUG] [net.minecraftforge.network.NetworkRegistry/NETREGISTRY]: Channel 'voicechat:request_secret' : Version test of 'ALLOWVANILLA 💓💓💓' from client : ACCEPTED
[20Aug2026 14:55:49.451] [Netty Server IO #14/DEBUG] [net.minecraftforge.network.NetworkRegistry/NETREGISTRY]: Channel 'fml:handshake' : Version test of 'FML3' from client : ACCEPTED
[20Aug2026 14:55:49.451] [Netty Server IO #14/DEBUG] [net.minecraftforge.network.NetworkRegistry/NETREGISTRY]: Channel 'voicechat:state' : Version test of 'ALLOWVANILLA 💓💓💓' from client : ACCEPTED
[20Aug2026 14:55:49.451] [Netty Server IO #14/DEBUG] [net.minecraftforge.network.NetworkRegistry/NETREGISTRY]: Channel 'voicechat:remove_category' : Version test of 'ALLOWVANILLA 💓💓💓' from client : ACCEPTED
[20Aug2026 14:55:49.451] [Netty Server IO #14/DEBUG] [net.minecraftforge.network.NetworkRegistry/NETREGISTRY]: Channel 'voicechat:remove_group' : Version test of 'ALLOWVANILLA 💓💓💓' from client : ACCEPTED
[20Aug2026 14:55:49.451] [Netty Server IO #14/DEBUG] [net.minecraftforge.network.NetworkRegistry/NETREGISTRY]: Channel 'voicechat:add_category' : Version test of 'ALLOWVANILLA 💓💓💓' from client : ACCEPTED
[20Aug2026 14:55:49.451] [Netty Server IO #14/DEBUG] [net.minecraftforge.network.NetworkRegistry/NETREGISTRY]: Channel 'voicechat:remove_state' : Version test of 'ALLOWVANILLA 💓💓💓' from client : ACCEPTED
[20Aug2026 14:55:49.451] [Netty Server IO #14/DEBUG] [net.minecraftforge.network.NetworkRegistry/NETREGISTRY]: Channel 'minecraft:register' : Version test of 'FML3' from client : ACCEPTED
[20Aug2026 14:55:49.451] [Netty Server IO #14/DEBUG] [net.minecraftforge.network.NetworkRegistry/NETREGISTRY]: Channel 'forge:split' : Version test of '1.1' from client : ACCEPTED
[20Aug2026 14:55:49.451] [Netty Server IO #14/DEBUG] [net.minecraftforge.network.NetworkRegistry/NETREGISTRY]: Channel 'geckolib:main' : Version test of '1' from client : ACCEPTED
[20Aug2026 14:55:49.451] [Netty Server IO #14/DEBUG] [net.minecraftforge.network.NetworkRegistry/NETREGISTRY]: Accepting channel list from client
[20Aug2026 14:55:49.451] [Netty Server IO #14/DEBUG] [net.minecraftforge.network.HandshakeHandler/FMLHANDSHAKE]: Accepted client connection mod list
[20Aug2026 14:55:49.492] [Server thread/DEBUG] [net.minecraftforge.network.HandshakeHandler/FMLHANDSHAKE]: Sending ticking packet info 'Registry minecraft:potion' to 'fml:handshake' sequence 8
[20Aug2026 14:55:49.497] [Netty Server IO #14/DEBUG] [net.minecraftforge.network.LoginWrapper/FMLHANDSHAKE]: Recieved login wrapper packet event for channel fml:handshake with index 2
[20Aug2026 14:55:49.497] [Netty Server IO #14/DEBUG] [net.minecraftforge.network.HandshakeHandler/FMLHANDSHAKE]: Received client indexed reply 2 of type net.minecraftforge.network.HandshakeMessages$C2SAcknowledge
[20Aug2026 14:55:49.497] [Netty Server IO #14/DEBUG] [net.minecraftforge.network.HandshakeHandler/FMLHANDSHAKE]: Received acknowledgement from client
[20Aug2026 14:55:49.535] [Netty Server IO #14/DEBUG] [net.minecraftforge.network.LoginWrapper/FMLHANDSHAKE]: Recieved login wrapper packet event for channel fml:handshake with index 3
[20Aug2026 14:55:49.536] [Netty Server IO #14/DEBUG] [net.minecraftforge.network.HandshakeHandler/FMLHANDSHAKE]: Received client indexed reply 3 of type net.minecraftforge.network.HandshakeMessages$C2SAcknowledge
[20Aug2026 14:55:49.536] [Netty Server IO #14/DEBUG] [net.minecraftforge.network.HandshakeHandler/FMLHANDSHAKE]: Received acknowledgement from client
[20Aug2026 14:55:49.545] [Server thread/DEBUG] [net.minecraftforge.network.HandshakeHandler/FMLHANDSHAKE]: Sending ticking packet info 'Registry minecraft:painting_variant' to 'fml:handshake' sequence 9
[20Aug2026 14:55:49.591] [Server thread/DEBUG] [net.minecraftforge.network.HandshakeHandler/FMLHANDSHAKE]: Sending ticking packet info 'Registry forge:fluid_type' to 'fml:handshake' sequence 10
[20Aug2026 14:55:49.640] [Server thread/DEBUG] [net.minecraftforge.network.HandshakeHandler/FMLHANDSHAKE]: Sending ticking packet info 'Registry minecraft:block_entity_type' to 'fml:handshake' sequence 11
[20Aug2026 14:55:49.694] [Server thread/DEBUG] [net.minecraftforge.network.HandshakeHandler/FMLHANDSHAKE]: Sending ticking packet info 'Registry forge:display_contexts' to 'fml:handshake' sequence 12
[20Aug2026 14:55:49.743] [Server thread/DEBUG] [net.minecraftforge.network.HandshakeHandler/FMLHANDSHAKE]: Sending ticking packet info 'Registry minecraft:block' to 'fml:handshake' sequence 13
[20Aug2026 14:55:49.790] [Server thread/DEBUG] [net.minecraftforge.network.HandshakeHandler/FMLHANDSHAKE]: Sending ticking packet info 'Registry forge:entity_data_serializers' to 'fml:handshake' sequence 14
[20Aug2026 14:55:49.842] [Server thread/DEBUG] [net.minecraftforge.network.HandshakeHandler/FMLHANDSHAKE]: Sending ticking packet info 'Registry minecraft:mob_effect' to 'fml:handshake' sequence 15
[20Aug2026 14:55:49.893] [Server thread/DEBUG] [net.minecraftforge.network.HandshakeHandler/FMLHANDSHAKE]: Sending ticking packet info 'Registry minecraft:stat_type' to 'fml:handshake' sequence 16
[20Aug2026 14:55:49.941] [Server thread/DEBUG] [net.minecraftforge.network.HandshakeHandler/FMLHANDSHAKE]: Sending ticking packet info 'Registry minecraft:menu' to 'fml:handshake' sequence 17
[20Aug2026 14:55:49.992] [Server thread/DEBUG] [net.minecraftforge.network.HandshakeHandler/FMLHANDSHAKE]: Sending ticking packet info 'Registry minecraft:enchantment' to 'fml:handshake' sequence 18
[20Aug2026 14:55:50.043] [Server thread/DEBUG] [net.minecraftforge.network.HandshakeHandler/FMLHANDSHAKE]: Sending ticking packet info 'Registry minecraft:fluid' to 'fml:handshake' sequence 19
[20Aug2026 14:55:50.094] [Server thread/DEBUG] [net.minecraftforge.network.HandshakeHandler/FMLHANDSHAKE]: Sending ticking packet info 'Registry minecraft:entity_type' to 'fml:handshake' sequence 20
[20Aug2026 14:55:50.131] [Netty Server IO #14/DEBUG] [net.minecraftforge.network.LoginWrapper/FMLHANDSHAKE]: Recieved login wrapper packet event for channel fml:handshake with index 4
[20Aug2026 14:55:50.132] [Netty Server IO #14/DEBUG] [net.minecraftforge.network.HandshakeHandler/FMLHANDSHAKE]: Received client indexed reply 4 of type net.minecraftforge.network.HandshakeMessages$C2SAcknowledge
[20Aug2026 14:55:50.132] [Netty Server IO #14/DEBUG] [net.minecraftforge.network.HandshakeHandler/FMLHANDSHAKE]: Received acknowledgement from client
[20Aug2026 14:55:50.150] [Server thread/DEBUG] [net.minecraftforge.network.HandshakeHandler/FMLHANDSHAKE]: Sending ticking packet info 'Config forge-server.toml' to 'fml:handshake' sequence 21
[20Aug2026 14:55:50.545] [Netty Server IO #14/DEBUG] [net.minecraftforge.network.LoginWrapper/FMLHANDSHAKE]: Recieved login wrapper packet event for channel fml:handshake with index 5
[20Aug2026 14:55:50.545] [Netty Server IO #14/DEBUG] [net.minecraftforge.network.HandshakeHandler/FMLHANDSHAKE]: Received client indexed reply 5 of type net.minecraftforge.network.HandshakeMessages$C2SAcknowledge
[20Aug2026 14:55:50.545] [Netty Server IO #14/DEBUG] [net.minecraftforge.network.HandshakeHandler/FMLHANDSHAKE]: Received acknowledgement from client
[20Aug2026 14:55:50.545] [Netty Server IO #14/DEBUG] [net.minecraftforge.network.LoginWrapper/FMLHANDSHAKE]: Recieved login wrapper packet event for channel fml:handshake with index 6
[20Aug2026 14:55:50.545] [Netty Server IO #14/DEBUG] [net.minecraftforge.network.HandshakeHandler/FMLHANDSHAKE]: Received client indexed reply 6 of type net.minecraftforge.network.HandshakeMessages$C2SAcknowledge
[20Aug2026 14:55:50.545] [Netty Server IO #14/DEBUG] [net.minecraftforge.network.HandshakeHandler/FMLHANDSHAKE]: Received acknowledgement from client
[20Aug2026 14:55:50.545] [Netty Server IO #14/DEBUG] [net.minecraftforge.network.LoginWrapper/FMLHANDSHAKE]: Recieved login wrapper packet event for channel fml:handshake with index 7
[20Aug2026 14:55:50.545] [Netty Server IO #14/DEBUG] [net.minecraftforge.network.HandshakeHandler/FMLHANDSHAKE]: Received client indexed reply 7 of type net.minecraftforge.network.HandshakeMessages$C2SAcknowledge
[20Aug2026 14:55:50.545] [Netty Server IO #14/DEBUG] [net.minecraftforge.network.HandshakeHandler/FMLHANDSHAKE]: Received acknowledgement from client
[20Aug2026 14:55:50.545] [Netty Server IO #14/DEBUG] [net.minecraftforge.network.LoginWrapper/FMLHANDSHAKE]: Recieved login wrapper packet event for channel fml:handshake with index 8
[20Aug2026 14:55:50.545] [Netty Server IO #14/DEBUG] [net.minecraftforge.network.HandshakeHandler/FMLHANDSHAKE]: Received client indexed reply 8 of type net.minecraftforge.network.HandshakeMessages$C2SAcknowledge
[20Aug2026 14:55:50.545] [Netty Server IO #14/DEBUG] [net.minecraftforge.network.HandshakeHandler/FMLHANDSHAKE]: Received acknowledgement from client
[20Aug2026 14:55:50.545] [Netty Server IO #14/DEBUG] [net.minecraftforge.network.LoginWrapper/FMLHANDSHAKE]: Recieved login wrapper packet event for channel fml:handshake with index 9
[20Aug2026 14:55:50.545] [Netty Server IO #14/DEBUG] [net.minecraftforge.network.HandshakeHandler/FMLHANDSHAKE]: Received client indexed reply 9 of type net.minecraftforge.network.HandshakeMessages$C2SAcknowledge
[20Aug2026 14:55:50.545] [Netty Server IO #14/DEBUG] [net.minecraftforge.network.HandshakeHandler/FMLHANDSHAKE]: Received acknowledgement from client
[20Aug2026 14:55:50.545] [Netty Server IO #14/DEBUG] [net.minecraftforge.network.LoginWrapper/FMLHANDSHAKE]: Recieved login wrapper packet event for channel fml:handshake with index 10
[20Aug2026 14:55:50.545] [Netty Server IO #14/DEBUG] [net.minecraftforge.network.HandshakeHandler/FMLHANDSHAKE]: Received client indexed reply 10 of type net.minecraftforge.network.HandshakeMessages$C2SAcknowledge
[20Aug2026 14:55:50.545] [Netty Server IO #14/DEBUG] [net.minecraftforge.network.HandshakeHandler/FMLHANDSHAKE]: Received acknowledgement from client
[20Aug2026 14:55:50.545] [Netty Server IO #14/DEBUG] [net.minecraftforge.network.LoginWrapper/FMLHANDSHAKE]: Recieved login wrapper packet event for channel fml:handshake with index 11
[20Aug2026 14:55:50.545] [Netty Server IO #14/DEBUG] [net.minecraftforge.network.HandshakeHandler/FMLHANDSHAKE]: Received client indexed reply 11 of type net.minecraftforge.network.HandshakeMessages$C2SAcknowledge
[20Aug2026 14:55:50.545] [Netty Server IO #14/DEBUG] [net.minecraftforge.network.HandshakeHandler/FMLHANDSHAKE]: Received acknowledgement from client
[20Aug2026 14:55:50.545] [Netty Server IO #14/DEBUG] [net.minecraftforge.network.LoginWrapper/FMLHANDSHAKE]: Recieved login wrapper packet event for channel fml:handshake with index 12
[20Aug2026 14:55:50.545] [Netty Server IO #14/DEBUG] [net.minecraftforge.network.HandshakeHandler/FMLHANDSHAKE]: Received client indexed reply 12 of type net.minecraftforge.network.HandshakeMessages$C2SAcknowledge
[20Aug2026 14:55:50.546] [Netty Server IO #14/DEBUG] [net.minecraftforge.network.HandshakeHandler/FMLHANDSHAKE]: Received acknowledgement from client
[20Aug2026 14:55:50.546] [Netty Server IO #14/DEBUG] [net.minecraftforge.network.LoginWrapper/FMLHANDSHAKE]: Recieved login wrapper packet event for channel fml:handshake with index 13
[20Aug2026 14:55:50.546] [Netty Server IO #14/DEBUG] [net.minecraftforge.network.HandshakeHandler/FMLHANDSHAKE]: Received client indexed reply 13 of type net.minecraftforge.network.HandshakeMessages$C2SAcknowledge
[20Aug2026 14:55:50.546] [Netty Server IO #14/DEBUG] [net.minecraftforge.network.HandshakeHandler/FMLHANDSHAKE]: Received acknowledgement from client
[20Aug2026 14:55:50.546] [Netty Server IO #14/DEBUG] [net.minecraftforge.network.LoginWrapper/FMLHANDSHAKE]: Recieved login wrapper packet event for channel fml:handshake with index 14
[20Aug2026 14:55:50.546] [Netty Server IO #14/DEBUG] [net.minecraftforge.network.HandshakeHandler/FMLHANDSHAKE]: Received client indexed reply 14 of type net.minecraftforge.network.HandshakeMessages$C2SAcknowledge
[20Aug2026 14:55:50.546] [Netty Server IO #14/DEBUG] [net.minecraftforge.network.HandshakeHandler/FMLHANDSHAKE]: Received acknowledgement from client
[20Aug2026 14:55:50.546] [Netty Server IO #14/DEBUG] [net.minecraftforge.network.LoginWrapper/FMLHANDSHAKE]: Recieved login wrapper packet event for channel fml:handshake with index 15
[20Aug2026 14:55:50.546] [Netty Server IO #14/DEBUG] [net.minecraftforge.network.HandshakeHandler/FMLHANDSHAKE]: Received client indexed reply 15 of type net.minecraftforge.network.HandshakeMessages$C2SAcknowledge
[20Aug2026 14:55:50.546] [Netty Server IO #14/DEBUG] [net.minecraftforge.network.HandshakeHandler/FMLHANDSHAKE]: Received acknowledgement from client
[20Aug2026 14:55:50.546] [Netty Server IO #14/DEBUG] [net.minecraftforge.network.LoginWrapper/FMLHANDSHAKE]: Recieved login wrapper packet event for channel fml:handshake with index 16
[20Aug2026 14:55:50.546] [Netty Server IO #14/DEBUG] [net.minecraftforge.network.HandshakeHandler/FMLHANDSHAKE]: Received client indexed reply 16 of type net.minecraftforge.network.HandshakeMessages$C2SAcknowledge
[20Aug2026 14:55:50.546] [Netty Server IO #14/DEBUG] [net.minecraftforge.network.HandshakeHandler/FMLHANDSHAKE]: Received acknowledgement from client
[20Aug2026 14:55:50.546] [Netty Server IO #14/DEBUG] [net.minecraftforge.network.LoginWrapper/FMLHANDSHAKE]: Recieved login wrapper packet event for channel fml:handshake with index 17
[20Aug2026 14:55:50.546] [Netty Server IO #14/DEBUG] [net.minecraftforge.network.HandshakeHandler/FMLHANDSHAKE]: Received client indexed reply 17 of type net.minecraftforge.network.HandshakeMessages$C2SAcknowledge
[20Aug2026 14:55:50.546] [Netty Server IO #14/DEBUG] [net.minecraftforge.network.HandshakeHandler/FMLHANDSHAKE]: Received acknowledgement from client
[20Aug2026 14:55:50.546] [Netty Server IO #14/DEBUG] [net.minecraftforge.network.LoginWrapper/FMLHANDSHAKE]: Recieved login wrapper packet event for channel fml:handshake with index 18
[20Aug2026 14:55:50.546] [Netty Server IO #14/DEBUG] [net.minecraftforge.network.HandshakeHandler/FMLHANDSHAKE]: Received client indexed reply 18 of type net.minecraftforge.network.HandshakeMessages$C2SAcknowledge
[20Aug2026 14:55:50.546] [Netty Server IO #14/DEBUG] [net.minecraftforge.network.HandshakeHandler/FMLHANDSHAKE]: Received acknowledgement from client
[20Aug2026 14:55:50.546] [Netty Server IO #14/DEBUG] [net.minecraftforge.network.LoginWrapper/FMLHANDSHAKE]: Recieved login wrapper packet event for channel fml:handshake with index 19
[20Aug2026 14:55:50.546] [Netty Server IO #14/DEBUG] [net.minecraftforge.network.HandshakeHandler/FMLHANDSHAKE]: Received client indexed reply 19 of type net.minecraftforge.network.HandshakeMessages$C2SAcknowledge
[20Aug2026 14:55:50.546] [Netty Server IO #14/DEBUG] [net.minecraftforge.network.HandshakeHandler/FMLHANDSHAKE]: Received acknowledgement from client
[20Aug2026 14:55:51.016] [Netty Server IO #14/DEBUG] [net.minecraftforge.network.LoginWrapper/FMLHANDSHAKE]: Recieved login wrapper packet event for channel fml:handshake with index 20
[20Aug2026 14:55:51.016] [Netty Server IO #14/DEBUG] [net.minecraftforge.network.HandshakeHandler/FMLHANDSHAKE]: Received client indexed reply 20 of type net.minecraftforge.network.HandshakeMessages$C2SAcknowledge
[20Aug2026 14:55:51.016] [Netty Server IO #14/DEBUG] [net.minecraftforge.network.HandshakeHandler/FMLHANDSHAKE]: Received acknowledgement from client
[20Aug2026 14:55:51.827] [Netty Server IO #14/DEBUG] [net.minecraftforge.network.LoginWrapper/FMLHANDSHAKE]: Recieved login wrapper packet event for channel fml:handshake with index 21
[20Aug2026 14:55:51.827] [Netty Server IO #14/DEBUG] [net.minecraftforge.network.HandshakeHandler/FMLHANDSHAKE]: Received client indexed reply 21 of type net.minecraftforge.network.HandshakeMessages$C2SAcknowledge
[20Aug2026 14:55:51.827] [Netty Server IO #14/DEBUG] [net.minecraftforge.network.HandshakeHandler/FMLHANDSHAKE]: Received acknowledgement from client
[20Aug2026 14:55:51.843] [Server thread/DEBUG] [net.minecraftforge.network.HandshakeHandler/FMLHANDSHAKE]: Handshake complete!
[20Aug2026 14:55:51.922] [Server thread/INFO] [net.minecraft.server.players.PlayerList/]: Polar34_[/192.168.1.6:36914] logged in with entity id 746631 at (-560.3353130366319, 72.0, 1757.300000011921)
[20Aug2026 14:55:51.923] [Server thread/DEBUG] [net.minecraftforge.network.filters.NetworkFilters/]: Injected net.minecraftforge.network.filters.ForgeConnectionNetworkFilter@4abdc466 into net.minecraft.network.Connection@4b739f00
[20Aug2026 14:55:51.926] [Server thread/INFO] [net.minecraft.server.MinecraftServer/]: Polar34_ joined the game
[20Aug2026 14:55:51.969] [Server thread/INFO] [fallingtrees | Config/]: Sending common config 'fallingtrees:fallingtrees_common' to Polar34_
[20Aug2026 14:55:51.970] [Server thread/DEBUG] [voicechat/]: [voicechat] Setting default state of Polar34_: {disabled=false, disconnected=true, uuid=11f5df90-5d8f-3f3d-be93-a940df925d20, name=Polar34_, group=null}
[20Aug2026 14:55:53.819] [Netty Server IO #14/INFO] [fallingtrees | Config/]: Received client config 'fallingtrees:fallingtrees_client' from Polar34_
[20Aug2026 14:55:53.844] [Server thread/INFO] [voicechat/]: [voicechat] Received secret request of Polar34_ (20)
[20Aug2026 14:55:53.844] [Server thread/DEBUG] [voicechat/]: [voicechat] Sending initial states to Polar34_
[20Aug2026 14:55:53.844] [Server thread/DEBUG] [voicechat/]: [voicechat] Synchronizing 0 groups with Polar34_
[20Aug2026 14:55:53.844] [Server thread/DEBUG] [voicechat/]: [voicechat] Synchronizing 1 volume categories with Polar34_
[20Aug2026 14:55:53.844] [Server thread/INFO] [voicechat/]: [voicechat] Sent secret to Polar34_
[20Aug2026 14:56:16.288] [Server thread/INFO] [net.minecraft.server.MinecraftServer/]: Shinzgami has made the advancement [The Parrots and the Bats]
[20Aug2026 14:56:25.443] [Server thread/INFO] [net.minecraft.server.network.ServerGamePacketListenerImpl/]: sadkewa lost connection: Disconnected
[20Aug2026 14:56:25.443] [Server thread/INFO] [net.minecraft.server.MinecraftServer/]: sadkewa left the game
[20Aug2026 14:56:25.444] [Server thread/DEBUG] [voicechat/]: [voicechat] Removing state of sadkewa
[20Aug2026 14:56:25.444] [Server thread/INFO] [voicechat/]: [voicechat] Disconnecting client sadkewa
[20Aug2026 14:56:37.188] [Server thread/INFO] [net.minecraft.server.MinecraftServer/]: <sarah> WDYM NO
[20Aug2026 14:57:03.039] [Server thread/INFO] [net.minecraft.server.MinecraftServer/]: <sarah> monster nearby
[20Aug2026 14:57:59.132] [Netty Server IO #16/DEBUG] [net.minecraftforge.network.HandshakeHandler/FMLHANDSHAKE]: Starting new modded impl connection. Found 22 messages to dispatch.
[20Aug2026 14:57:59.437] [Server thread/DEBUG] [net.minecraftforge.network.HandshakeHandler/FMLHANDSHAKE]: Sending ticking packet info 'net.minecraftforge.network.HandshakeMessages$S2CModData' to 'fml:handshake' sequence 0
[20Aug2026 14:57:59.489] [Server thread/DEBUG] [net.minecraftforge.network.HandshakeHandler/FMLHANDSHAKE]: Sending ticking packet info 'net.minecraftforge.network.HandshakeMessages$S2CModList' to 'fml:handshake' sequence 1
[20Aug2026 14:57:59.538] [Server thread/DEBUG] [net.minecraftforge.network.HandshakeHandler/FMLHANDSHAKE]: Sending ticking packet info 'Registry minecraft:command_argument_type' to 'fml:handshake' sequence 2
[20Aug2026 14:57:59.587] [Server thread/DEBUG] [net.minecraftforge.network.HandshakeHandler/FMLHANDSHAKE]: Sending ticking packet info 'Registry minecraft:recipe_serializer' to 'fml:handshake' sequence 3
[20Aug2026 14:57:59.639] [Server thread/DEBUG] [net.minecraftforge.network.HandshakeHandler/FMLHANDSHAKE]: Sending ticking packet info 'Registry minecraft:sound_event' to 'fml:handshake' sequence 4
[20Aug2026 14:57:59.687] [Server thread/DEBUG] [net.minecraftforge.network.HandshakeHandler/FMLHANDSHAKE]: Sending ticking packet info 'Registry minecraft:particle_type' to 'fml:handshake' sequence 5
[20Aug2026 14:57:59.737] [Server thread/DEBUG] [net.minecraftforge.network.HandshakeHandler/FMLHANDSHAKE]: Sending ticking packet info 'Registry minecraft:villager_profession' to 'fml:handshake' sequence 6
[20Aug2026 14:57:59.737] [Netty Server IO #16/DEBUG] [net.minecraftforge.network.LoginWrapper/FMLHANDSHAKE]: Recieved login wrapper packet event for channel fml:handshake with index 1
[20Aug2026 14:57:59.738] [Netty Server IO #16/DEBUG] [net.minecraftforge.network.HandshakeHandler/FMLHANDSHAKE]: Received client indexed reply 1 of type net.minecraftforge.network.HandshakeMessages$C2SModListReply
[20Aug2026 14:57:59.738] [Netty Server IO #16/DEBUG] [net.minecraftforge.network.HandshakeHandler/FMLHANDSHAKE]: Received client connection with modlist [minecraft, voicechat, voicechat_api, libipn, doubledoors, extragore, ambientsounds, mousetweaks, supermartijn642configlib, nochatreports, geckolib, creativecore, cleanswing, trender, kotlinforforge, modelfix, sound_physics_remastered, its_not_real, collective, enhancedvisuals, freecam, entityculling, betterthirdperson, badmobs, inventoryprofilesnext, architectury, fallingtrees, jamlib, pandalib, rightclickharvest, transition, dynamic_fps, chat_heads, the_wonderland, forge, varietree, embeddium, rubidium, oculus, durabilitytooltip, essential, presencefootsteps]
[20Aug2026 14:57:59.738] [Netty Server IO #16/DEBUG] [net.minecraftforge.network.NetworkRegistry/NETREGISTRY]: Channel 'pandalib:config_sync' : Version test of '1' from client : ACCEPTED
[20Aug2026 14:57:59.738] [Netty Server IO #16/DEBUG] [net.minecraftforge.network.NetworkRegistry/NETREGISTRY]: Channel 'architectury:network' : Version test of '1' from client : ACCEPTED
[20Aug2026 14:57:59.738] [Netty Server IO #16/DEBUG] [net.minecraftforge.network.NetworkRegistry/NETREGISTRY]: Channel 'voicechat:secret' : Version test of 'ALLOWVANILLA 💓💓💓' from client : ACCEPTED
[20Aug2026 14:57:59.738] [Netty Server IO #16/DEBUG] [net.minecraftforge.network.NetworkRegistry/NETREGISTRY]: Channel 'voicechat:leave_group' : Version test of 'ALLOWVANILLA 💓💓💓' from client : ACCEPTED
[20Aug2026 14:57:59.738] [Netty Server IO #16/DEBUG] [net.minecraftforge.network.NetworkRegistry/NETREGISTRY]: Channel 'voicechat:create_group' : Version test of 'ALLOWVANILLA 💓💓💓' from client : ACCEPTED
[20Aug2026 14:57:59.738] [Netty Server IO #16/DEBUG] [net.minecraftforge.network.NetworkRegistry/NETREGISTRY]: Channel 'minecraft:unregister' : Version test of 'FML3' from client : ACCEPTED
[20Aug2026 14:57:59.738] [Netty Server IO #16/DEBUG] [net.minecraftforge.network.NetworkRegistry/NETREGISTRY]: Channel 'enhancedvisuals:main' : Version test of '1' from client : ACCEPTED
[20Aug2026 14:57:59.738] [Netty Server IO #16/DEBUG] [net.minecraftforge.network.NetworkRegistry/NETREGISTRY]: Channel 'voicechat:states' : Version test of 'ALLOWVANILLA 💓💓💓' from client : ACCEPTED
[20Aug2026 14:57:59.738] [Netty Server IO #16/DEBUG] [net.minecraftforge.network.NetworkRegistry/NETREGISTRY]: Channel 'voicechat:set_group' : Version test of 'ALLOWVANILLA 💓💓💓' from client : ACCEPTED
[20Aug2026 14:57:59.738] [Netty Server IO #16/DEBUG] [net.minecraftforge.network.NetworkRegistry/NETREGISTRY]: Channel 'voicechat:joined_group' : Version test of 'ALLOWVANILLA 💓💓💓' from client : ACCEPTED
[20Aug2026 14:57:59.738] [Netty Server IO #16/DEBUG] [net.minecraftforge.network.NetworkRegistry/NETREGISTRY]: Channel 'voicechat:update_state' : Version test of 'ALLOWVANILLA 💓💓💓' from client : ACCEPTED
[20Aug2026 14:57:59.738] [Netty Server IO #16/DEBUG] [net.minecraftforge.network.NetworkRegistry/NETREGISTRY]: Channel 'extragore:main' : Version test of '1' from client : ACCEPTED
[20Aug2026 14:57:59.738] [Netty Server IO #16/DEBUG] [net.minecraftforge.network.NetworkRegistry/NETREGISTRY]: Channel 'voicechat:add_group' : Version test of 'ALLOWVANILLA 💓💓💓' from client : ACCEPTED
[20Aug2026 14:57:59.738] [Netty Server IO #16/DEBUG] [net.minecraftforge.network.NetworkRegistry/NETREGISTRY]: Channel 'fml:loginwrapper' : Version test of 'FML3' from client : ACCEPTED
[20Aug2026 14:57:59.738] [Netty Server IO #16/DEBUG] [net.minecraftforge.network.NetworkRegistry/NETREGISTRY]: Channel 'its_not_real:its_not_real' : Version test of '1' from client : ACCEPTED
[20Aug2026 14:57:59.738] [Netty Server IO #16/DEBUG] [net.minecraftforge.network.NetworkRegistry/NETREGISTRY]: Channel 'forge:tier_sorting' : Version test of '1.0' from client : ACCEPTED
[20Aug2026 14:57:59.738] [Netty Server IO #16/DEBUG] [net.minecraftforge.network.NetworkRegistry/NETREGISTRY]: Channel 'supermartijn642configlib:sync_configs' : Version test of '1.1.8' from client : ACCEPTED
[20Aug2026 14:57:59.738] [Netty Server IO #16/DEBUG] [net.minecraftforge.network.NetworkRegistry/NETREGISTRY]: Channel 'the_wonderland:the_wonderland' : Version test of '1' from client : ACCEPTED
[20Aug2026 14:57:59.738] [Netty Server IO #16/DEBUG] [net.minecraftforge.network.NetworkRegistry/NETREGISTRY]: Channel 'fml:play' : Version test of 'FML3' from client : ACCEPTED
[20Aug2026 14:57:59.738] [Netty Server IO #16/DEBUG] [net.minecraftforge.network.NetworkRegistry/NETREGISTRY]: Channel 'creativecore:main' : Version test of '1' from client : ACCEPTED
[20Aug2026 14:57:59.738] [Netty Server IO #16/DEBUG] [net.minecraftforge.network.NetworkRegistry/NETREGISTRY]: Channel 'voicechat:request_secret' : Version test of 'ALLOWVANILLA 💓💓💓' from client : ACCEPTED
[20Aug2026 14:57:59.738] [Netty Server IO #16/DEBUG] [net.minecraftforge.network.NetworkRegistry/NETREGISTRY]: Channel 'fml:handshake' : Version test of 'FML3' from client : ACCEPTED
[20Aug2026 14:57:59.738] [Netty Server IO #16/DEBUG] [net.minecraftforge.network.NetworkRegistry/NETREGISTRY]: Channel 'voicechat:state' : Version test of 'ALLOWVANILLA 💓💓💓' from client : ACCEPTED
[20Aug2026 14:57:59.738] [Netty Server IO #16/DEBUG] [net.minecraftforge.network.NetworkRegistry/NETREGISTRY]: Channel 'voicechat:remove_category' : Version test of 'ALLOWVANILLA 💓💓💓' from client : ACCEPTED
[20Aug2026 14:57:59.738] [Netty Server IO #16/DEBUG] [net.minecraftforge.network.NetworkRegistry/NETREGISTRY]: Channel 'voicechat:remove_group' : Version test of 'ALLOWVANILLA 💓💓💓' from client : ACCEPTED
[20Aug2026 14:57:59.738] [Netty Server IO #16/DEBUG] [net.minecraftforge.network.NetworkRegistry/NETREGISTRY]: Channel 'voicechat:add_category' : Version test of 'ALLOWVANILLA 💓💓💓' from client : ACCEPTED
[20Aug2026 14:57:59.738] [Netty Server IO #16/DEBUG] [net.minecraftforge.network.NetworkRegistry/NETREGISTRY]: Channel 'voicechat:remove_state' : Version test of 'ALLOWVANILLA 💓💓💓' from client : ACCEPTED
[20Aug2026 14:57:59.738] [Netty Server IO #16/DEBUG] [net.minecraftforge.network.NetworkRegistry/NETREGISTRY]: Channel 'minecraft:register' : Version test of 'FML3' from client : ACCEPTED
[20Aug2026 14:57:59.738] [Netty Server IO #16/DEBUG] [net.minecraftforge.network.NetworkRegistry/NETREGISTRY]: Channel 'forge:split' : Version test of '1.1' from client : ACCEPTED
[20Aug2026 14:57:59.738] [Netty Server IO #16/DEBUG] [net.minecraftforge.network.NetworkRegistry/NETREGISTRY]: Channel 'geckolib:main' : Version test of '1' from client : ACCEPTED
[20Aug2026 14:57:59.738] [Netty Server IO #16/DEBUG] [net.minecraftforge.network.NetworkRegistry/NETREGISTRY]: Accepting channel list from client
[20Aug2026 14:57:59.739] [Netty Server IO #16/DEBUG] [net.minecraftforge.network.HandshakeHandler/FMLHANDSHAKE]: Accepted client connection mod list
[20Aug2026 14:57:59.777] [Netty Server IO #16/DEBUG] [net.minecraftforge.network.LoginWrapper/FMLHANDSHAKE]: Recieved login wrapper packet event for channel fml:handshake with index 2
[20Aug2026 14:57:59.777] [Netty Server IO #16/DEBUG] [net.minecraftforge.network.HandshakeHandler/FMLHANDSHAKE]: Received client indexed reply 2 of type net.minecraftforge.network.HandshakeMessages$C2SAcknowledge
[20Aug2026 14:57:59.777] [Netty Server IO #16/DEBUG] [net.minecraftforge.network.HandshakeHandler/FMLHANDSHAKE]: Received acknowledgement from client
[20Aug2026 14:57:59.787] [Server thread/DEBUG] [net.minecraftforge.network.HandshakeHandler/FMLHANDSHAKE]: Sending ticking packet info 'Registry minecraft:item' to 'fml:handshake' sequence 7
[20Aug2026 14:57:59.825] [Netty Server IO #16/DEBUG] [net.minecraftforge.network.LoginWrapper/FMLHANDSHAKE]: Recieved login wrapper packet event for channel fml:handshake with index 3
[20Aug2026 14:57:59.825] [Netty Server IO #16/DEBUG] [net.minecraftforge.network.HandshakeHandler/FMLHANDSHAKE]: Received client indexed reply 3 of type net.minecraftforge.network.HandshakeMessages$C2SAcknowledge
[20Aug2026 14:57:59.825] [Netty Server IO #16/DEBUG] [net.minecraftforge.network.HandshakeHandler/FMLHANDSHAKE]: Received acknowledgement from client
[20Aug2026 14:57:59.837] [Server thread/DEBUG] [net.minecraftforge.network.HandshakeHandler/FMLHANDSHAKE]: Sending ticking packet info 'Registry minecraft:potion' to 'fml:handshake' sequence 8
[20Aug2026 14:57:59.887] [Server thread/DEBUG] [net.minecraftforge.network.HandshakeHandler/FMLHANDSHAKE]: Sending ticking packet info 'Registry minecraft:painting_variant' to 'fml:handshake' sequence 9
[20Aug2026 14:57:59.936] [Server thread/DEBUG] [net.minecraftforge.network.HandshakeHandler/FMLHANDSHAKE]: Sending ticking packet info 'Registry forge:fluid_type' to 'fml:handshake' sequence 10
[20Aug2026 14:57:59.989] [Server thread/DEBUG] [net.minecraftforge.network.HandshakeHandler/FMLHANDSHAKE]: Sending ticking packet info 'Registry minecraft:block_entity_type' to 'fml:handshake' sequence 11
[20Aug2026 14:58:00.036] [Server thread/DEBUG] [net.minecraftforge.network.HandshakeHandler/FMLHANDSHAKE]: Sending ticking packet info 'Registry forge:display_contexts' to 'fml:handshake' sequence 12
[20Aug2026 14:58:00.087] [Server thread/DEBUG] [net.minecraftforge.network.HandshakeHandler/FMLHANDSHAKE]: Sending ticking packet info 'Registry minecraft:block' to 'fml:handshake' sequence 13
[20Aug2026 14:58:00.137] [Server thread/DEBUG] [net.minecraftforge.network.HandshakeHandler/FMLHANDSHAKE]: Sending ticking packet info 'Registry forge:entity_data_serializers' to 'fml:handshake' sequence 14
[20Aug2026 14:58:00.187] [Server thread/DEBUG] [net.minecraftforge.network.HandshakeHandler/FMLHANDSHAKE]: Sending ticking packet info 'Registry minecraft:mob_effect' to 'fml:handshake' sequence 15
[20Aug2026 14:58:00.237] [Server thread/DEBUG] [net.minecraftforge.network.HandshakeHandler/FMLHANDSHAKE]: Sending ticking packet info 'Registry minecraft:stat_type' to 'fml:handshake' sequence 16
[20Aug2026 14:58:00.291] [Server thread/DEBUG] [net.minecraftforge.network.HandshakeHandler/FMLHANDSHAKE]: Sending ticking packet info 'Registry minecraft:menu' to 'fml:handshake' sequence 17
[20Aug2026 14:58:00.337] [Server thread/DEBUG] [net.minecraftforge.network.HandshakeHandler/FMLHANDSHAKE]: Sending ticking packet info 'Registry minecraft:enchantment' to 'fml:handshake' sequence 18
[20Aug2026 14:58:00.387] [Server thread/DEBUG] [net.minecraftforge.network.HandshakeHandler/FMLHANDSHAKE]: Sending ticking packet info 'Registry minecraft:fluid' to 'fml:handshake' sequence 19
[20Aug2026 14:58:00.437] [Server thread/DEBUG] [net.minecraftforge.network.HandshakeHandler/FMLHANDSHAKE]: Sending ticking packet info 'Registry minecraft:entity_type' to 'fml:handshake' sequence 20
[20Aug2026 14:58:00.488] [Server thread/DEBUG] [net.minecraftforge.network.HandshakeHandler/FMLHANDSHAKE]: Sending ticking packet info 'Config forge-server.toml' to 'fml:handshake' sequence 21
[20Aug2026 14:58:00.590] [Netty Server IO #16/DEBUG] [net.minecraftforge.network.LoginWrapper/FMLHANDSHAKE]: Recieved login wrapper packet event for channel fml:handshake with index 4
[20Aug2026 14:58:00.590] [Netty Server IO #16/DEBUG] [net.minecraftforge.network.HandshakeHandler/FMLHANDSHAKE]: Received client indexed reply 4 of type net.minecraftforge.network.HandshakeMessages$C2SAcknowledge
[20Aug2026 14:58:00.590] [Netty Server IO #16/DEBUG] [net.minecraftforge.network.HandshakeHandler/FMLHANDSHAKE]: Received acknowledgement from client
[20Aug2026 14:58:00.590] [Netty Server IO #16/DEBUG] [net.minecraftforge.network.LoginWrapper/FMLHANDSHAKE]: Recieved login wrapper packet event for channel fml:handshake with index 5
[20Aug2026 14:58:00.590] [Netty Server IO #16/DEBUG] [net.minecraftforge.network.HandshakeHandler/FMLHANDSHAKE]: Received client indexed reply 5 of type net.minecraftforge.network.HandshakeMessages$C2SAcknowledge
[20Aug2026 14:58:00.590] [Netty Server IO #16/DEBUG] [net.minecraftforge.network.HandshakeHandler/FMLHANDSHAKE]: Received acknowledgement from client
[20Aug2026 14:58:00.590] [Netty Server IO #16/DEBUG] [net.minecraftforge.network.LoginWrapper/FMLHANDSHAKE]: Recieved login wrapper packet event for channel fml:handshake with index 6
[20Aug2026 14:58:00.590] [Netty Server IO #16/DEBUG] [net.minecraftforge.network.HandshakeHandler/FMLHANDSHAKE]: Received client indexed reply 6 of type net.minecraftforge.network.HandshakeMessages$C2SAcknowledge
[20Aug2026 14:58:00.590] [Netty Server IO #16/DEBUG] [net.minecraftforge.network.HandshakeHandler/FMLHANDSHAKE]: Received acknowledgement from client
[20Aug2026 14:58:01.149] [Netty Server IO #16/DEBUG] [net.minecraftforge.network.LoginWrapper/FMLHANDSHAKE]: Recieved login wrapper packet event for channel fml:handshake with index 7
[20Aug2026 14:58:01.149] [Netty Server IO #16/DEBUG] [net.minecraftforge.network.HandshakeHandler/FMLHANDSHAKE]: Received client indexed reply 7 of type net.minecraftforge.network.HandshakeMessages$C2SAcknowledge
[20Aug2026 14:58:01.149] [Netty Server IO #16/DEBUG] [net.minecraftforge.network.HandshakeHandler/FMLHANDSHAKE]: Received acknowledgement from client
[20Aug2026 14:58:01.376] [Netty Server IO #16/DEBUG] [net.minecraftforge.network.LoginWrapper/FMLHANDSHAKE]: Recieved login wrapper packet event for channel fml:handshake with index 8
[20Aug2026 14:58:01.376] [Netty Server IO #16/DEBUG] [net.minecraftforge.network.HandshakeHandler/FMLHANDSHAKE]: Received client indexed reply 8 of type net.minecraftforge.network.HandshakeMessages$C2SAcknowledge
[20Aug2026 14:58:01.376] [Netty Server IO #16/DEBUG] [net.minecraftforge.network.HandshakeHandler/FMLHANDSHAKE]: Received acknowledgement from client
[20Aug2026 14:58:01.389] [Netty Server IO #16/DEBUG] [net.minecraftforge.network.LoginWrapper/FMLHANDSHAKE]: Recieved login wrapper packet event for channel fml:handshake with index 9
[20Aug2026 14:58:01.389] [Netty Server IO #16/DEBUG] [net.minecraftforge.network.HandshakeHandler/FMLHANDSHAKE]: Received client indexed reply 9 of type net.minecraftforge.network.HandshakeMessages$C2SAcknowledge
[20Aug2026 14:58:01.389] [Netty Server IO #16/DEBUG] [net.minecraftforge.network.HandshakeHandler/FMLHANDSHAKE]: Received acknowledgement from client
[20Aug2026 14:58:01.389] [Netty Server IO #16/DEBUG] [net.minecraftforge.network.LoginWrapper/FMLHANDSHAKE]: Recieved login wrapper packet event for channel fml:handshake with index 10
[20Aug2026 14:58:01.389] [Netty Server IO #16/DEBUG] [net.minecraftforge.network.HandshakeHandler/FMLHANDSHAKE]: Received client indexed reply 10 of type net.minecraftforge.network.HandshakeMessages$C2SAcknowledge
[20Aug2026 14:58:01.389] [Netty Server IO #16/DEBUG] [net.minecraftforge.network.HandshakeHandler/FMLHANDSHAKE]: Received acknowledgement from client
[20Aug2026 14:58:01.389] [Netty Server IO #16/DEBUG] [net.minecraftforge.network.LoginWrapper/FMLHANDSHAKE]: Recieved login wrapper packet event for channel fml:handshake with index 11
[20Aug2026 14:58:01.389] [Netty Server IO #16/DEBUG] [net.minecraftforge.network.HandshakeHandler/FMLHANDSHAKE]: Received client indexed reply 11 of type net.minecraftforge.network.HandshakeMessages$C2SAcknowledge
[20Aug2026 14:58:01.389] [Netty Server IO #16/DEBUG] [net.minecraftforge.network.HandshakeHandler/FMLHANDSHAKE]: Received acknowledgement from client
[20Aug2026 14:58:01.637] [Netty Server IO #16/DEBUG] [net.minecraftforge.network.LoginWrapper/FMLHANDSHAKE]: Recieved login wrapper packet event for channel fml:handshake with index 12
[20Aug2026 14:58:01.637] [Netty Server IO #16/DEBUG] [net.minecraftforge.network.HandshakeHandler/FMLHANDSHAKE]: Received client indexed reply 12 of type net.minecraftforge.network.HandshakeMessages$C2SAcknowledge
[20Aug2026 14:58:01.637] [Netty Server IO #16/DEBUG] [net.minecraftforge.network.HandshakeHandler/FMLHANDSHAKE]: Received acknowledgement from client
[20Aug2026 14:58:01.849] [Netty Server IO #16/DEBUG] [net.minecraftforge.network.LoginWrapper/FMLHANDSHAKE]: Recieved login wrapper packet event for channel fml:handshake with index 13
[20Aug2026 14:58:01.849] [Netty Server IO #16/DEBUG] [net.minecraftforge.network.HandshakeHandler/FMLHANDSHAKE]: Received client indexed reply 13 of type net.minecraftforge.network.HandshakeMessages$C2SAcknowledge
[20Aug2026 14:58:01.849] [Netty Server IO #16/DEBUG] [net.minecraftforge.network.HandshakeHandler/FMLHANDSHAKE]: Received acknowledgement from client
[20Aug2026 14:58:01.849] [Netty Server IO #16/DEBUG] [net.minecraftforge.network.LoginWrapper/FMLHANDSHAKE]: Recieved login wrapper packet event for channel fml:handshake with index 14
[20Aug2026 14:58:01.849] [Netty Server IO #16/DEBUG] [net.minecraftforge.network.HandshakeHandler/FMLHANDSHAKE]: Received client indexed reply 14 of type net.minecraftforge.network.HandshakeMessages$C2SAcknowledge
[20Aug2026 14:58:01.849] [Netty Server IO #16/DEBUG] [net.minecraftforge.network.HandshakeHandler/FMLHANDSHAKE]: Received acknowledgement from client
[20Aug2026 14:58:01.849] [Netty Server IO #16/DEBUG] [net.minecraftforge.network.LoginWrapper/FMLHANDSHAKE]: Recieved login wrapper packet event for channel fml:handshake with index 15
[20Aug2026 14:58:01.849] [Netty Server IO #16/DEBUG] [net.minecraftforge.network.HandshakeHandler/FMLHANDSHAKE]: Received client indexed reply 15 of type net.minecraftforge.network.HandshakeMessages$C2SAcknowledge
[20Aug2026 14:58:01.849] [Netty Server IO #16/DEBUG] [net.minecraftforge.network.HandshakeHandler/FMLHANDSHAKE]: Received acknowledgement from client
[20Aug2026 14:58:01.850] [Netty Server IO #16/DEBUG] [net.minecraftforge.network.LoginWrapper/FMLHANDSHAKE]: Recieved login wrapper packet event for channel fml:handshake with index 16
[20Aug2026 14:58:01.850] [Netty Server IO #16/DEBUG] [net.minecraftforge.network.HandshakeHandler/FMLHANDSHAKE]: Received client indexed reply 16 of type net.minecraftforge.network.HandshakeMessages$C2SAcknowledge
[20Aug2026 14:58:01.850] [Netty Server IO #16/DEBUG] [net.minecraftforge.network.HandshakeHandler/FMLHANDSHAKE]: Received acknowledgement from client
[20Aug2026 14:58:01.850] [Netty Server IO #16/DEBUG] [net.minecraftforge.network.LoginWrapper/FMLHANDSHAKE]: Recieved login wrapper packet event for channel fml:handshake with index 17
[20Aug2026 14:58:01.850] [Netty Server IO #16/DEBUG] [net.minecraftforge.network.HandshakeHandler/FMLHANDSHAKE]: Received client indexed reply 17 of type net.minecraftforge.network.HandshakeMessages$C2SAcknowledge
[20Aug2026 14:58:01.850] [Netty Server IO #16/DEBUG] [net.minecraftforge.network.HandshakeHandler/FMLHANDSHAKE]: Received acknowledgement from client
[20Aug2026 14:58:01.850] [Netty Server IO #16/DEBUG] [net.minecraftforge.network.LoginWrapper/FMLHANDSHAKE]: Recieved login wrapper packet event for channel fml:handshake with index 18
[20Aug2026 14:58:01.850] [Netty Server IO #16/DEBUG] [net.minecraftforge.network.HandshakeHandler/FMLHANDSHAKE]: Received client indexed reply 18 of type net.minecraftforge.network.HandshakeMessages$C2SAcknowledge
[20Aug2026 14:58:01.850] [Netty Server IO #16/DEBUG] [net.minecraftforge.network.HandshakeHandler/FMLHANDSHAKE]: Received acknowledgement from client
[20Aug2026 14:58:01.850] [Netty Server IO #16/DEBUG] [net.minecraftforge.network.LoginWrapper/FMLHANDSHAKE]: Recieved login wrapper packet event for channel fml:handshake with index 19
[20Aug2026 14:58:01.850] [Netty Server IO #16/DEBUG] [net.minecraftforge.network.HandshakeHandler/FMLHANDSHAKE]: Received client indexed reply 19 of type net.minecraftforge.network.HandshakeMessages$C2SAcknowledge
[20Aug2026 14:58:01.850] [Netty Server IO #16/DEBUG] [net.minecraftforge.network.HandshakeHandler/FMLHANDSHAKE]: Received acknowledgement from client
[20Aug2026 14:58:02.209] [Netty Server IO #16/DEBUG] [net.minecraftforge.network.LoginWrapper/FMLHANDSHAKE]: Recieved login wrapper packet event for channel fml:handshake with index 20
[20Aug2026 14:58:02.209] [Netty Server IO #16/DEBUG] [net.minecraftforge.network.HandshakeHandler/FMLHANDSHAKE]: Received client indexed reply 20 of type net.minecraftforge.network.HandshakeMessages$C2SAcknowledge
[20Aug2026 14:58:02.209] [Netty Server IO #16/DEBUG] [net.minecraftforge.network.HandshakeHandler/FMLHANDSHAKE]: Received acknowledgement from client
[20Aug2026 14:58:02.217] [Netty Server IO #16/DEBUG] [net.minecraftforge.network.LoginWrapper/FMLHANDSHAKE]: Recieved login wrapper packet event for channel fml:handshake with index 21
[20Aug2026 14:58:02.217] [Netty Server IO #16/DEBUG] [net.minecraftforge.network.HandshakeHandler/FMLHANDSHAKE]: Received client indexed reply 21 of type net.minecraftforge.network.HandshakeMessages$C2SAcknowledge
[20Aug2026 14:58:02.217] [Netty Server IO #16/DEBUG] [net.minecraftforge.network.HandshakeHandler/FMLHANDSHAKE]: Received acknowledgement from client
[20Aug2026 14:58:02.239] [Server thread/DEBUG] [net.minecraftforge.network.HandshakeHandler/FMLHANDSHAKE]: Handshake complete!
[20Aug2026 14:58:02.322] [Server thread/INFO] [net.minecraft.server.players.PlayerList/]: sadkewa[/192.168.1.6:36965] logged in with entity id 783284 at (-147.56658886515208, 73.0, 1749.0222521620028)
[20Aug2026 14:58:02.322] [Server thread/DEBUG] [net.minecraftforge.network.filters.NetworkFilters/]: Injected net.minecraftforge.network.filters.ForgeConnectionNetworkFilter@2ca47e33 into net.minecraft.network.Connection@6a7459ea
[20Aug2026 14:58:02.325] [Server thread/INFO] [net.minecraft.server.MinecraftServer/]: sadkewa joined the game
[20Aug2026 14:58:02.329] [Server thread/INFO] [fallingtrees | Config/]: Sending common config 'fallingtrees:fallingtrees_common' to sadkewa
[20Aug2026 14:58:02.330] [Server thread/DEBUG] [voicechat/]: [voicechat] Setting default state of sadkewa: {disabled=false, disconnected=true, uuid=c95ba5d9-f943-3fde-bceb-bc7fb8e3daa9, name=sadkewa, group=null}
[20Aug2026 14:58:03.365] [Netty Server IO #16/INFO] [fallingtrees | Config/]: Received client config 'fallingtrees:fallingtrees_client' from sadkewa
[20Aug2026 14:58:03.408] [Server thread/INFO] [voicechat/]: [voicechat] Received secret request of sadkewa (20)
[20Aug2026 14:58:03.408] [Server thread/DEBUG] [voicechat/]: [voicechat] Sending initial states to sadkewa
[20Aug2026 14:58:03.408] [Server thread/DEBUG] [voicechat/]: [voicechat] Synchronizing 0 groups with sadkewa
[20Aug2026 14:58:03.408] [Server thread/DEBUG] [voicechat/]: [voicechat] Synchronizing 1 volume categories with sadkewa
[20Aug2026 14:58:03.408] [Server thread/INFO] [voicechat/]: [voicechat] Sent secret to sadkewa
[20Aug2026 14:58:32.442] [Server thread/INFO] [net.minecraft.server.network.ServerGamePacketListenerImpl/]: sadkewa lost connection: Timed out
[20Aug2026 14:58:32.442] [Server thread/INFO] [net.minecraft.server.MinecraftServer/]: sadkewa left the game
[20Aug2026 14:58:32.443] [Server thread/DEBUG] [voicechat/]: [voicechat] Removing state of sadkewa
[20Aug2026 14:58:32.444] [Server thread/INFO] [voicechat/]: [voicechat] Disconnecting client sadkewa
[20Aug2026 14:58:37.374] [Netty Server IO #18/DEBUG] [net.minecraftforge.network.HandshakeHandler/FMLHANDSHAKE]: Starting new modded impl connection. Found 22 messages to dispatch.
[20Aug2026 14:58:37.638] [Server thread/DEBUG] [net.minecraftforge.network.HandshakeHandler/FMLHANDSHAKE]: Sending ticking packet info 'net.minecraftforge.network.HandshakeMessages$S2CModData' to 'fml:handshake' sequence 0
[20Aug2026 14:58:37.686] [Server thread/DEBUG] [net.minecraftforge.network.HandshakeHandler/FMLHANDSHAKE]: Sending ticking packet info 'net.minecraftforge.network.HandshakeMessages$S2CModList' to 'fml:handshake' sequence 1
[20Aug2026 14:58:37.737] [Server thread/DEBUG] [net.minecraftforge.network.HandshakeHandler/FMLHANDSHAKE]: Sending ticking packet info 'Registry minecraft:command_argument_type' to 'fml:handshake' sequence 2
[20Aug2026 14:58:37.789] [Server thread/DEBUG] [net.minecraftforge.network.HandshakeHandler/FMLHANDSHAKE]: Sending ticking packet info 'Registry minecraft:recipe_serializer' to 'fml:handshake' sequence 3
[20Aug2026 14:58:37.839] [Server thread/DEBUG] [net.minecraftforge.network.HandshakeHandler/FMLHANDSHAKE]: Sending ticking packet info 'Registry minecraft:sound_event' to 'fml:handshake' sequence 4
[20Aug2026 14:58:37.890] [Server thread/DEBUG] [net.minecraftforge.network.HandshakeHandler/FMLHANDSHAKE]: Sending ticking packet info 'Registry minecraft:particle_type' to 'fml:handshake' sequence 5
[20Aug2026 14:58:37.920] [Netty Server IO #18/DEBUG] [net.minecraftforge.network.LoginWrapper/FMLHANDSHAKE]: Recieved login wrapper packet event for channel fml:handshake with index 1
[20Aug2026 14:58:37.920] [Netty Server IO #18/DEBUG] [net.minecraftforge.network.HandshakeHandler/FMLHANDSHAKE]: Received client indexed reply 1 of type net.minecraftforge.network.HandshakeMessages$C2SModListReply
[20Aug2026 14:58:37.920] [Netty Server IO #18/DEBUG] [net.minecraftforge.network.HandshakeHandler/FMLHANDSHAKE]: Received client connection with modlist [minecraft, voicechat, voicechat_api, libipn, doubledoors, extragore, ambientsounds, mousetweaks, supermartijn642configlib, nochatreports, geckolib, creativecore, cleanswing, trender, kotlinforforge, modelfix, sound_physics_remastered, its_not_real, collective, enhancedvisuals, freecam, entityculling, betterthirdperson, badmobs, inventoryprofilesnext, architectury, fallingtrees, jamlib, pandalib, rightclickharvest, transition, dynamic_fps, chat_heads, the_wonderland, forge, varietree, embeddium, rubidium, oculus, durabilitytooltip, essential, presencefootsteps]
[20Aug2026 14:58:37.920] [Netty Server IO #18/DEBUG] [net.minecraftforge.network.NetworkRegistry/NETREGISTRY]: Channel 'pandalib:config_sync' : Version test of '1' from client : ACCEPTED
[20Aug2026 14:58:37.920] [Netty Server IO #18/DEBUG] [net.minecraftforge.network.NetworkRegistry/NETREGISTRY]: Channel 'architectury:network' : Version test of '1' from client : ACCEPTED
[20Aug2026 14:58:37.920] [Netty Server IO #18/DEBUG] [net.minecraftforge.network.NetworkRegistry/NETREGISTRY]: Channel 'voicechat:secret' : Version test of 'ALLOWVANILLA 💓💓💓' from client : ACCEPTED
[20Aug2026 14:58:37.920] [Netty Server IO #18/DEBUG] [net.minecraftforge.network.NetworkRegistry/NETREGISTRY]: Channel 'voicechat:leave_group' : Version test of 'ALLOWVANILLA 💓💓💓' from client : ACCEPTED
[20Aug2026 14:58:37.920] [Netty Server IO #18/DEBUG] [net.minecraftforge.network.NetworkRegistry/NETREGISTRY]: Channel 'voicechat:create_group' : Version test of 'ALLOWVANILLA 💓💓💓' from client : ACCEPTED
[20Aug2026 14:58:37.920] [Netty Server IO #18/DEBUG] [net.minecraftforge.network.NetworkRegistry/NETREGISTRY]: Channel 'minecraft:unregister' : Version test of 'FML3' from client : ACCEPTED
[20Aug2026 14:58:37.920] [Netty Server IO #18/DEBUG] [net.minecraftforge.network.NetworkRegistry/NETREGISTRY]: Channel 'enhancedvisuals:main' : Version test of '1' from client : ACCEPTED
[20Aug2026 14:58:37.920] [Netty Server IO #18/DEBUG] [net.minecraftforge.network.NetworkRegistry/NETREGISTRY]: Channel 'voicechat:states' : Version test of 'ALLOWVANILLA 💓💓💓' from client : ACCEPTED
[20Aug2026 14:58:37.920] [Netty Server IO #18/DEBUG] [net.minecraftforge.network.NetworkRegistry/NETREGISTRY]: Channel 'voicechat:set_group' : Version test of 'ALLOWVANILLA 💓💓💓' from client : ACCEPTED
[20Aug2026 14:58:37.920] [Netty Server IO #18/DEBUG] [net.minecraftforge.network.NetworkRegistry/NETREGISTRY]: Channel 'voicechat:joined_group' : Version test of 'ALLOWVANILLA 💓💓💓' from client : ACCEPTED
[20Aug2026 14:58:37.920] [Netty Server IO #18/DEBUG] [net.minecraftforge.network.NetworkRegistry/NETREGISTRY]: Channel 'voicechat:update_state' : Version test of 'ALLOWVANILLA 💓💓💓' from client : ACCEPTED
[20Aug2026 14:58:37.920] [Netty Server IO #18/DEBUG] [net.minecraftforge.network.NetworkRegistry/NETREGISTRY]: Channel 'extragore:main' : Version test of '1' from client : ACCEPTED
[20Aug2026 14:58:37.920] [Netty Server IO #18/DEBUG] [net.minecraftforge.network.NetworkRegistry/NETREGISTRY]: Channel 'voicechat:add_group' : Version test of 'ALLOWVANILLA 💓💓💓' from client : ACCEPTED
[20Aug2026 14:58:37.920] [Netty Server IO #18/DEBUG] [net.minecraftforge.network.NetworkRegistry/NETREGISTRY]: Channel 'fml:loginwrapper' : Version test of 'FML3' from client : ACCEPTED
[20Aug2026 14:58:37.920] [Netty Server IO #18/DEBUG] [net.minecraftforge.network.NetworkRegistry/NETREGISTRY]: Channel 'its_not_real:its_not_real' : Version test of '1' from client : ACCEPTED
[20Aug2026 14:58:37.920] [Netty Server IO #18/DEBUG] [net.minecraftforge.network.NetworkRegistry/NETREGISTRY]: Channel 'forge:tier_sorting' : Version test of '1.0' from client : ACCEPTED
[20Aug2026 14:58:37.920] [Netty Server IO #18/DEBUG] [net.minecraftforge.network.NetworkRegistry/NETREGISTRY]: Channel 'supermartijn642configlib:sync_configs' : Version test of '1.1.8' from client : ACCEPTED
[20Aug2026 14:58:37.920] [Netty Server IO #18/DEBUG] [net.minecraftforge.network.NetworkRegistry/NETREGISTRY]: Channel 'the_wonderland:the_wonderland' : Version test of '1' from client : ACCEPTED
[20Aug2026 14:58:37.920] [Netty Server IO #18/DEBUG] [net.minecraftforge.network.NetworkRegistry/NETREGISTRY]: Channel 'fml:play' : Version test of 'FML3' from client : ACCEPTED
[20Aug2026 14:58:37.920] [Netty Server IO #18/DEBUG] [net.minecraftforge.network.NetworkRegistry/NETREGISTRY]: Channel 'creativecore:main' : Version test of '1' from client : ACCEPTED
[20Aug2026 14:58:37.920] [Netty Server IO #18/DEBUG] [net.minecraftforge.network.NetworkRegistry/NETREGISTRY]: Channel 'voicechat:request_secret' : Version test of 'ALLOWVANILLA 💓💓💓' from client : ACCEPTED
[20Aug2026 14:58:37.920] [Netty Server IO #18/DEBUG] [net.minecraftforge.network.NetworkRegistry/NETREGISTRY]: Channel 'fml:handshake' : Version test of 'FML3' from client : ACCEPTED
[20Aug2026 14:58:37.921] [Netty Server IO #18/DEBUG] [net.minecraftforge.network.NetworkRegistry/NETREGISTRY]: Channel 'voicechat:state' : Version test of 'ALLOWVANILLA 💓💓💓' from client : ACCEPTED
[20Aug2026 14:58:37.921] [Netty Server IO #18/DEBUG] [net.minecraftforge.network.NetworkRegistry/NETREGISTRY]: Channel 'voicechat:remove_category' : Version test of 'ALLOWVANILLA 💓💓💓' from client : ACCEPTED
[20Aug2026 14:58:37.921] [Netty Server IO #18/DEBUG] [net.minecraftforge.network.NetworkRegistry/NETREGISTRY]: Channel 'voicechat:remove_group' : Version test of 'ALLOWVANILLA 💓💓💓' from client : ACCEPTED
[20Aug2026 14:58:37.921] [Netty Server IO #18/DEBUG] [net.minecraftforge.network.NetworkRegistry/NETREGISTRY]: Channel 'voicechat:add_category' : Version test of 'ALLOWVANILLA 💓💓💓' from client : ACCEPTED
[20Aug2026 14:58:37.921] [Netty Server IO #18/DEBUG] [net.minecraftforge.network.NetworkRegistry/NETREGISTRY]: Channel 'voicechat:remove_state' : Version test of 'ALLOWVANILLA 💓💓💓' from client : ACCEPTED
[20Aug2026 14:58:37.921] [Netty Server IO #18/DEBUG] [net.minecraftforge.network.NetworkRegistry/NETREGISTRY]: Channel 'minecraft:register' : Version test of 'FML3' from client : ACCEPTED
[20Aug2026 14:58:37.921] [Netty Server IO #18/DEBUG] [net.minecraftforge.network.NetworkRegistry/NETREGISTRY]: Channel 'forge:split' : Version test of '1.1' from client : ACCEPTED
[20Aug2026 14:58:37.921] [Netty Server IO #18/DEBUG] [net.minecraftforge.network.NetworkRegistry/NETREGISTRY]: Channel 'geckolib:main' : Version test of '1' from client : ACCEPTED
[20Aug2026 14:58:37.921] [Netty Server IO #18/DEBUG] [net.minecraftforge.network.NetworkRegistry/NETREGISTRY]: Accepting channel list from client
[20Aug2026 14:58:37.921] [Netty Server IO #18/DEBUG] [net.minecraftforge.network.HandshakeHandler/FMLHANDSHAKE]: Accepted client connection mod list
[20Aug2026 14:58:37.941] [Server thread/DEBUG] [net.minecraftforge.network.HandshakeHandler/FMLHANDSHAKE]: Sending ticking packet info 'Registry minecraft:villager_profession' to 'fml:handshake' sequence 6
[20Aug2026 14:58:37.957] [Netty Server IO #18/DEBUG] [net.minecraftforge.network.LoginWrapper/FMLHANDSHAKE]: Recieved login wrapper packet event for channel fml:handshake with index 2
[20Aug2026 14:58:37.957] [Netty Server IO #18/DEBUG] [net.minecraftforge.network.HandshakeHandler/FMLHANDSHAKE]: Received client indexed reply 2 of type net.minecraftforge.network.HandshakeMessages$C2SAcknowledge
[20Aug2026 14:58:37.957] [Netty Server IO #18/DEBUG] [net.minecraftforge.network.HandshakeHandler/FMLHANDSHAKE]: Received acknowledgement from client
[20Aug2026 14:58:37.987] [Server thread/DEBUG] [net.minecraftforge.network.HandshakeHandler/FMLHANDSHAKE]: Sending ticking packet info 'Registry minecraft:item' to 'fml:handshake' sequence 7
[20Aug2026 14:58:38.018] [Netty Server IO #18/DEBUG] [net.minecraftforge.network.LoginWrapper/FMLHANDSHAKE]: Recieved login wrapper packet event for channel fml:handshake with index 3
[20Aug2026 14:58:38.018] [Netty Server IO #18/DEBUG] [net.minecraftforge.network.HandshakeHandler/FMLHANDSHAKE]: Received client indexed reply 3 of type net.minecraftforge.network.HandshakeMessages$C2SAcknowledge
[20Aug2026 14:58:38.018] [Netty Server IO #18/DEBUG] [net.minecraftforge.network.HandshakeHandler/FMLHANDSHAKE]: Received acknowledgement from client
[20Aug2026 14:58:38.036] [Server thread/DEBUG] [net.minecraftforge.network.HandshakeHandler/FMLHANDSHAKE]: Sending ticking packet info 'Registry minecraft:potion' to 'fml:handshake' sequence 8
[20Aug2026 14:58:38.087] [Server thread/DEBUG] [net.minecraftforge.network.HandshakeHandler/FMLHANDSHAKE]: Sending ticking packet info 'Registry minecraft:painting_variant' to 'fml:handshake' sequence 9
[20Aug2026 14:58:38.138] [Server thread/DEBUG] [net.minecraftforge.network.HandshakeHandler/FMLHANDSHAKE]: Sending ticking packet info 'Registry forge:fluid_type' to 'fml:handshake' sequence 10
[20Aug2026 14:58:38.188] [Server thread/DEBUG] [net.minecraftforge.network.HandshakeHandler/FMLHANDSHAKE]: Sending ticking packet info 'Registry minecraft:block_entity_type' to 'fml:handshake' sequence 11
[20Aug2026 14:58:38.236] [Server thread/DEBUG] [net.minecraftforge.network.HandshakeHandler/FMLHANDSHAKE]: Sending ticking packet info 'Registry forge:display_contexts' to 'fml:handshake' sequence 12
[20Aug2026 14:58:38.290] [Server thread/DEBUG] [net.minecraftforge.network.HandshakeHandler/FMLHANDSHAKE]: Sending ticking packet info 'Registry minecraft:block' to 'fml:handshake' sequence 13
[20Aug2026 14:58:38.336] [Server thread/DEBUG] [net.minecraftforge.network.HandshakeHandler/FMLHANDSHAKE]: Sending ticking packet info 'Registry forge:entity_data_serializers' to 'fml:handshake' sequence 14
[20Aug2026 14:58:38.389] [Server thread/DEBUG] [net.minecraftforge.network.HandshakeHandler/FMLHANDSHAKE]: Sending ticking packet info 'Registry minecraft:mob_effect' to 'fml:handshake' sequence 15
[20Aug2026 14:58:38.436] [Server thread/DEBUG] [net.minecraftforge.network.HandshakeHandler/FMLHANDSHAKE]: Sending ticking packet info 'Registry minecraft:stat_type' to 'fml:handshake' sequence 16
[20Aug2026 14:58:38.486] [Server thread/DEBUG] [net.minecraftforge.network.HandshakeHandler/FMLHANDSHAKE]: Sending ticking packet info 'Registry minecraft:menu' to 'fml:handshake' sequence 17
[20Aug2026 14:58:38.501] [Netty Server IO #18/DEBUG] [net.minecraftforge.network.LoginWrapper/FMLHANDSHAKE]: Recieved login wrapper packet event for channel fml:handshake with index 4
[20Aug2026 14:58:38.501] [Netty Server IO #18/DEBUG] [net.minecraftforge.network.HandshakeHandler/FMLHANDSHAKE]: Received client indexed reply 4 of type net.minecraftforge.network.HandshakeMessages$C2SAcknowledge
[20Aug2026 14:58:38.501] [Netty Server IO #18/DEBUG] [net.minecraftforge.network.HandshakeHandler/FMLHANDSHAKE]: Received acknowledgement from client
[20Aug2026 14:58:38.539] [Server thread/DEBUG] [net.minecraftforge.network.HandshakeHandler/FMLHANDSHAKE]: Sending ticking packet info 'Registry minecraft:enchantment' to 'fml:handshake' sequence 18
[20Aug2026 14:58:38.550] [Netty Server IO #18/DEBUG] [net.minecraftforge.network.LoginWrapper/FMLHANDSHAKE]: Recieved login wrapper packet event for channel fml:handshake with index 5
[20Aug2026 14:58:38.550] [Netty Server IO #18/DEBUG] [net.minecraftforge.network.HandshakeHandler/FMLHANDSHAKE]: Received client indexed reply 5 of type net.minecraftforge.network.HandshakeMessages$C2SAcknowledge
[20Aug2026 14:58:38.550] [Netty Server IO #18/DEBUG] [net.minecraftforge.network.HandshakeHandler/FMLHANDSHAKE]: Received acknowledgement from client
[20Aug2026 14:58:38.556] [Netty Server IO #18/DEBUG] [net.minecraftforge.network.LoginWrapper/FMLHANDSHAKE]: Recieved login wrapper packet event for channel fml:handshake with index 6
[20Aug2026 14:58:38.556] [Netty Server IO #18/DEBUG] [net.minecraftforge.network.HandshakeHandler/FMLHANDSHAKE]: Received client indexed reply 6 of type net.minecraftforge.network.HandshakeMessages$C2SAcknowledge
[20Aug2026 14:58:38.556] [Netty Server IO #18/DEBUG] [net.minecraftforge.network.HandshakeHandler/FMLHANDSHAKE]: Received acknowledgement from client
[20Aug2026 14:58:38.587] [Server thread/DEBUG] [net.minecraftforge.network.HandshakeHandler/FMLHANDSHAKE]: Sending ticking packet info 'Registry minecraft:fluid' to 'fml:handshake' sequence 19
[20Aug2026 14:58:38.588] [Netty Server IO #18/DEBUG] [net.minecraftforge.network.LoginWrapper/FMLHANDSHAKE]: Recieved login wrapper packet event for channel fml:handshake with index 7
[20Aug2026 14:58:38.588] [Netty Server IO #18/DEBUG] [net.minecraftforge.network.HandshakeHandler/FMLHANDSHAKE]: Received client indexed reply 7 of type net.minecraftforge.network.HandshakeMessages$C2SAcknowledge
[20Aug2026 14:58:38.588] [Netty Server IO #18/DEBUG] [net.minecraftforge.network.HandshakeHandler/FMLHANDSHAKE]: Received acknowledgement from client
[20Aug2026 14:58:38.597] [Netty Server IO #18/DEBUG] [net.minecraftforge.network.LoginWrapper/FMLHANDSHAKE]: Recieved login wrapper packet event for channel fml:handshake with index 8
[20Aug2026 14:58:38.597] [Netty Server IO #18/DEBUG] [net.minecraftforge.network.HandshakeHandler/FMLHANDSHAKE]: Received client indexed reply 8 of type net.minecraftforge.network.HandshakeMessages$C2SAcknowledge
[20Aug2026 14:58:38.597] [Netty Server IO #18/DEBUG] [net.minecraftforge.network.HandshakeHandler/FMLHANDSHAKE]: Received acknowledgement from client
[20Aug2026 14:58:38.597] [Netty Server IO #18/DEBUG] [net.minecraftforge.network.LoginWrapper/FMLHANDSHAKE]: Recieved login wrapper packet event for channel fml:handshake with index 9
[20Aug2026 14:58:38.597] [Netty Server IO #18/DEBUG] [net.minecraftforge.network.HandshakeHandler/FMLHANDSHAKE]: Received client indexed reply 9 of type net.minecraftforge.network.HandshakeMessages$C2SAcknowledge
[20Aug2026 14:58:38.597] [Netty Server IO #18/DEBUG] [net.minecraftforge.network.HandshakeHandler/FMLHANDSHAKE]: Received acknowledgement from client
[20Aug2026 14:58:38.597] [Netty Server IO #18/DEBUG] [net.minecraftforge.network.LoginWrapper/FMLHANDSHAKE]: Recieved login wrapper packet event for channel fml:handshake with index 10
[20Aug2026 14:58:38.597] [Netty Server IO #18/DEBUG] [net.minecraftforge.network.HandshakeHandler/FMLHANDSHAKE]: Received client indexed reply 10 of type net.minecraftforge.network.HandshakeMessages$C2SAcknowledge
[20Aug2026 14:58:38.597] [Netty Server IO #18/DEBUG] [net.minecraftforge.network.HandshakeHandler/FMLHANDSHAKE]: Received acknowledgement from client
[20Aug2026 14:58:38.597] [Netty Server IO #18/DEBUG] [net.minecraftforge.network.LoginWrapper/FMLHANDSHAKE]: Recieved login wrapper packet event for channel fml:handshake with index 11
[20Aug2026 14:58:38.597] [Netty Server IO #18/DEBUG] [net.minecraftforge.network.HandshakeHandler/FMLHANDSHAKE]: Received client indexed reply 11 of type net.minecraftforge.network.HandshakeMessages$C2SAcknowledge
[20Aug2026 14:58:38.597] [Netty Server IO #18/DEBUG] [net.minecraftforge.network.HandshakeHandler/FMLHANDSHAKE]: Received acknowledgement from client
[20Aug2026 14:58:38.597] [Netty Server IO #18/DEBUG] [net.minecraftforge.network.LoginWrapper/FMLHANDSHAKE]: Recieved login wrapper packet event for channel fml:handshake with index 12
[20Aug2026 14:58:38.597] [Netty Server IO #18/DEBUG] [net.minecraftforge.network.HandshakeHandler/FMLHANDSHAKE]: Received client indexed reply 12 of type net.minecraftforge.network.HandshakeMessages$C2SAcknowledge
[20Aug2026 14:58:38.597] [Netty Server IO #18/DEBUG] [net.minecraftforge.network.HandshakeHandler/FMLHANDSHAKE]: Received acknowledgement from client
[20Aug2026 14:58:38.635] [Server thread/DEBUG] [net.minecraftforge.network.HandshakeHandler/FMLHANDSHAKE]: Sending ticking packet info 'Registry minecraft:entity_type' to 'fml:handshake' sequence 20
[20Aug2026 14:58:38.686] [Server thread/DEBUG] [net.minecraftforge.network.HandshakeHandler/FMLHANDSHAKE]: Sending ticking packet info 'Config forge-server.toml' to 'fml:handshake' sequence 21
[20Aug2026 14:58:38.773] [Netty Server IO #18/DEBUG] [net.minecraftforge.network.LoginWrapper/FMLHANDSHAKE]: Recieved login wrapper packet event for channel fml:handshake with index 13
[20Aug2026 14:58:38.773] [Netty Server IO #18/DEBUG] [net.minecraftforge.network.HandshakeHandler/FMLHANDSHAKE]: Received client indexed reply 13 of type net.minecraftforge.network.HandshakeMessages$C2SAcknowledge
[20Aug2026 14:58:38.773] [Netty Server IO #18/DEBUG] [net.minecraftforge.network.HandshakeHandler/FMLHANDSHAKE]: Received acknowledgement from client
[20Aug2026 14:58:38.773] [Netty Server IO #18/DEBUG] [net.minecraftforge.network.LoginWrapper/FMLHANDSHAKE]: Recieved login wrapper packet event for channel fml:handshake with index 14
[20Aug2026 14:58:38.773] [Netty Server IO #18/DEBUG] [net.minecraftforge.network.HandshakeHandler/FMLHANDSHAKE]: Received client indexed reply 14 of type net.minecraftforge.network.HandshakeMessages$C2SAcknowledge
[20Aug2026 14:58:38.773] [Netty Server IO #18/DEBUG] [net.minecraftforge.network.HandshakeHandler/FMLHANDSHAKE]: Received acknowledgement from client
[20Aug2026 14:58:38.773] [Netty Server IO #18/DEBUG] [net.minecraftforge.network.LoginWrapper/FMLHANDSHAKE]: Recieved login wrapper packet event for channel fml:handshake with index 15
[20Aug2026 14:58:38.773] [Netty Server IO #18/DEBUG] [net.minecraftforge.network.HandshakeHandler/FMLHANDSHAKE]: Received client indexed reply 15 of type net.minecraftforge.network.HandshakeMessages$C2SAcknowledge
[20Aug2026 14:58:38.773] [Netty Server IO #18/DEBUG] [net.minecraftforge.network.HandshakeHandler/FMLHANDSHAKE]: Received acknowledgement from client
[20Aug2026 14:58:38.781] [Netty Server IO #18/DEBUG] [net.minecraftforge.network.LoginWrapper/FMLHANDSHAKE]: Recieved login wrapper packet event for channel fml:handshake with index 16
[20Aug2026 14:58:38.781] [Netty Server IO #18/DEBUG] [net.minecraftforge.network.HandshakeHandler/FMLHANDSHAKE]: Received client indexed reply 16 of type net.minecraftforge.network.HandshakeMessages$C2SAcknowledge
[20Aug2026 14:58:38.781] [Netty Server IO #18/DEBUG] [net.minecraftforge.network.HandshakeHandler/FMLHANDSHAKE]: Received acknowledgement from client
[20Aug2026 14:58:38.789] [Netty Server IO #18/DEBUG] [net.minecraftforge.network.LoginWrapper/FMLHANDSHAKE]: Recieved login wrapper packet event for channel fml:handshake with index 17
[20Aug2026 14:58:38.789] [Netty Server IO #18/DEBUG] [net.minecraftforge.network.HandshakeHandler/FMLHANDSHAKE]: Received client indexed reply 17 of type net.minecraftforge.network.HandshakeMessages$C2SAcknowledge
[20Aug2026 14:58:38.789] [Netty Server IO #18/DEBUG] [net.minecraftforge.network.HandshakeHandler/FMLHANDSHAKE]: Received acknowledgement from client
[20Aug2026 14:58:38.789] [Netty Server IO #18/DEBUG] [net.minecraftforge.network.LoginWrapper/FMLHANDSHAKE]: Recieved login wrapper packet event for channel fml:handshake with index 18
[20Aug2026 14:58:38.789] [Netty Server IO #18/DEBUG] [net.minecraftforge.network.HandshakeHandler/FMLHANDSHAKE]: Received client indexed reply 18 of type net.minecraftforge.network.HandshakeMessages$C2SAcknowledge
[20Aug2026 14:58:38.789] [Netty Server IO #18/DEBUG] [net.minecraftforge.network.HandshakeHandler/FMLHANDSHAKE]: Received acknowledgement from client
[20Aug2026 14:58:38.805] [Netty Server IO #18/DEBUG] [net.minecraftforge.network.LoginWrapper/FMLHANDSHAKE]: Recieved login wrapper packet event for channel fml:handshake with index 19
[20Aug2026 14:58:38.805] [Netty Server IO #18/DEBUG] [net.minecraftforge.network.HandshakeHandler/FMLHANDSHAKE]: Received client indexed reply 19 of type net.minecraftforge.network.HandshakeMessages$C2SAcknowledge
[20Aug2026 14:58:38.805] [Netty Server IO #18/DEBUG] [net.minecraftforge.network.HandshakeHandler/FMLHANDSHAKE]: Received acknowledgement from client
[20Aug2026 14:58:39.153] [Netty Server IO #18/DEBUG] [net.minecraftforge.network.LoginWrapper/FMLHANDSHAKE]: Recieved login wrapper packet event for channel fml:handshake with index 20
[20Aug2026 14:58:39.153] [Netty Server IO #18/DEBUG] [net.minecraftforge.network.HandshakeHandler/FMLHANDSHAKE]: Received client indexed reply 20 of type net.minecraftforge.network.HandshakeMessages$C2SAcknowledge
[20Aug2026 14:58:39.153] [Netty Server IO #18/DEBUG] [net.minecraftforge.network.HandshakeHandler/FMLHANDSHAKE]: Received acknowledgement from client
[20Aug2026 14:58:39.161] [Netty Server IO #18/DEBUG] [net.minecraftforge.network.LoginWrapper/FMLHANDSHAKE]: Recieved login wrapper packet event for channel fml:handshake with index 21
[20Aug2026 14:58:39.161] [Netty Server IO #18/DEBUG] [net.minecraftforge.network.HandshakeHandler/FMLHANDSHAKE]: Received client indexed reply 21 of type net.minecraftforge.network.HandshakeMessages$C2SAcknowledge
[20Aug2026 14:58:39.161] [Netty Server IO #18/DEBUG] [net.minecraftforge.network.HandshakeHandler/FMLHANDSHAKE]: Received acknowledgement from client
[20Aug2026 14:58:39.186] [Server thread/DEBUG] [net.minecraftforge.network.HandshakeHandler/FMLHANDSHAKE]: Handshake complete!
[20Aug2026 14:58:39.264] [Server thread/INFO] [net.minecraft.server.players.PlayerList/]: sadkewa[/192.168.1.6:36982] logged in with entity id 796612 at (-149.21054056890162, 73.0, 1750.4533003968463)
[20Aug2026 14:58:39.265] [Server thread/DEBUG] [net.minecraftforge.network.filters.NetworkFilters/]: Injected net.minecraftforge.network.filters.ForgeConnectionNetworkFilter@784b7f14 into net.minecraft.network.Connection@13f2dcd3
[20Aug2026 14:58:39.267] [Server thread/INFO] [net.minecraft.server.MinecraftServer/]: sadkewa joined the game
[20Aug2026 14:58:39.271] [Server thread/INFO] [fallingtrees | Config/]: Sending common config 'fallingtrees:fallingtrees_common' to sadkewa
[20Aug2026 14:58:39.272] [Server thread/DEBUG] [voicechat/]: [voicechat] Setting default state of sadkewa: {disabled=false, disconnected=true, uuid=c95ba5d9-f943-3fde-bceb-bc7fb8e3daa9, name=sadkewa, group=null}
[20Aug2026 14:58:39.548] [Netty Server IO #18/INFO] [fallingtrees | Config/]: Received client config 'fallingtrees:fallingtrees_client' from sadkewa
[20Aug2026 14:58:39.641] [Server thread/INFO] [voicechat/]: [voicechat] Received secret request of sadkewa (20)
[20Aug2026 14:58:39.641] [Server thread/DEBUG] [voicechat/]: [voicechat] Sending initial states to sadkewa
[20Aug2026 14:58:39.641] [Server thread/DEBUG] [voicechat/]: [voicechat] Synchronizing 0 groups with sadkewa
[20Aug2026 14:58:39.641] [Server thread/DEBUG] [voicechat/]: [voicechat] Synchronizing 1 volume categories with sadkewa
[20Aug2026 14:58:39.641] [Server thread/INFO] [voicechat/]: [voicechat] Sent secret to sadkewa
[20Aug2026 14:59:28.788] [Server thread/WARN] [net.minecraft.server.level.ServerLevel/]: Tried to add entity the_wonderland:angel but it was marked as removed already
[20Aug2026 14:59:30.797] [Server thread/INFO] [net.minecraft.server.MinecraftServer/]: sadkewa has made the advancement [Diamonds!]
[20Aug2026 14:59:52.502] [Server thread/WARN] [net.minecraft.server.level.ServerLevel/]: Tried to add entity the_wonderland:angel but it was marked as removed already
[20Aug2026 14:59:59.658] [Server thread/DEBUG] [net.minecraftforge.common.ForgeHooks/WP]: Gathering id map for writing to world save world
[20Aug2026 14:59:59.662] [Server thread/DEBUG] [net.minecraftforge.common.ForgeHooks/WP]: ID Map collection complete world
[20Aug2026 15:00:16.947] [Server thread/INFO] [net.minecraft.server.MinecraftServer/]: <sarah> uhh
[20Aug2026 15:00:23.497] [Server thread/INFO] [net.minecraft.server.MinecraftServer/]: <sarah> idk dont ask me
[20Aug2026 15:00:28.474] [Server thread/INFO] [net.minecraft.server.MinecraftServer/]: <sarah> its one mod right
[20Aug2026 15:00:53.752] [Server thread/INFO] [net.minecraft.server.MinecraftServer/]: <sarah> maybe more mods?
[20Aug2026 15:01:45.253] [Server thread/WARN] [net.minecraft.server.network.ServerGamePacketListenerImpl/]: sarah moved too quickly! -2.9968236653995746,0.33046773958501774,9.694061967345306
[20Aug2026 15:02:09.944] [Server thread/INFO] [net.minecraft.server.MinecraftServer/]: sarah was slain by Shinzgami
[20Aug2026 15:03:38.536] [Server thread/INFO] [net.minecraft.server.MinecraftServer/]: friends are waiting for us.
[20Aug2026 15:03:44.645] [Server thread/INFO] [net.minecraft.server.MinecraftServer/]: <sarah> okay
[20Aug2026 15:03:48.383] [Server thread/INFO] [net.minecraft.server.MinecraftServer/]: Polar34_ died
[20Aug2026 15:03:58.357] [Server thread/INFO] [net.minecraft.server.MinecraftServer/]: <sarah> ouh shi
[20Aug2026 15:03:59.790] [Server thread/INFO] [net.minecraft.server.MinecraftServer/]: <Shinzgami> ko ade kawan ke?
[20Aug2026 15:04:11.883] [Server thread/INFO] [net.minecraft.server.MinecraftServer/]: Polar34_ died
[20Aug2026 15:04:19.009] [Server thread/INFO] [net.minecraft.server.MinecraftServer/]: <Polar34_> butoh pak hang
[20Aug2026 15:04:59.650] [Server thread/DEBUG] [net.minecraftforge.common.ForgeHooks/WP]: Gathering id map for writing to world save world
[20Aug2026 15:04:59.654] [Server thread/DEBUG] [net.minecraftforge.common.ForgeHooks/WP]: ID Map collection complete world
[20Aug2026 15:06:18.513] [Server thread/INFO] [net.minecraft.server.MinecraftServer/]: <sarah> SH
[20Aug2026 15:06:19.694] [Server thread/INFO] [net.minecraft.server.MinecraftServer/]: <sarah> ITS REAL
[20Aug2026 15:06:31.690] [Server thread/INFO] [net.minecraft.server.MinecraftServer/]: sarah was slain by Shinzgami
[20Aug2026 15:06:52.873] [Server thread/DEBUG] [voicechat/]: [voicechat] Got state of Polar34_: {disabled=false, disconnected=true, uuid=11f5df90-5d8f-3f3d-be93-a940df925d20, name=Polar34_, group=null}
[20Aug2026 15:07:07.670] [Server thread/INFO] [net.minecraft.server.MinecraftServer/]: Shinzgami was slain by sarah
[20Aug2026 15:07:30.421] [Server thread/INFO] [net.minecraft.server.MinecraftServer/]: Shinzgami was slain by sarah
[20Aug2026 15:08:28.272] [Server thread/INFO] [net.minecraft.server.MinecraftServer/]: Shinzgami was slain by sarah
[20Aug2026 15:08:30.660] [Server thread/INFO] [net.minecraft.server.MinecraftServer/]: <sarah> hahahaha
[20Aug2026 15:08:33.640] [Server thread/INFO] [net.minecraft.server.MinecraftServer/]: <sarah> im runnig
[20Aug2026 15:08:48.673] [Server thread/INFO] [net.minecraft.server.MinecraftServer/]: sarah fell from a high place
[20Aug2026 15:09:22.041] [Server thread/INFO] [net.minecraft.server.MinecraftServer/]: sarah was slain by Shinzgami
[20Aug2026 15:09:26.094] [Server thread/INFO] [net.minecraft.server.MinecraftServer/]: <sarah> CREATIOVE
[20Aug2026 15:09:49.422] [Server thread/INFO] [net.minecraft.server.MinecraftServer/]: Shinzgami was slain by sarah
[20Aug2026 15:09:55.788] [Server thread/INFO] [net.minecraft.server.MinecraftServer/]: sarah was slain by Shinzgami
[20Aug2026 15:09:59.649] [Server thread/DEBUG] [net.minecraftforge.common.ForgeHooks/WP]: Gathering id map for writing to world save world
[20Aug2026 15:09:59.652] [Server thread/DEBUG] [net.minecraftforge.common.ForgeHooks/WP]: ID Map collection complete world
[20Aug2026 15:10:19.624] [Server thread/INFO] [net.minecraft.server.MinecraftServer/]: Shinzgami was slain by sarah
[20Aug2026 15:10:30.972] [Server thread/INFO] [net.minecraft.server.MinecraftServer/]: Shinzgami was slain by sarah
[20Aug2026 15:10:51.583] [Server thread/INFO] [net.minecraft.server.MinecraftServer/]: sadkewa has made the advancement [The Parrots and the Bats]
[20Aug2026 15:11:17.735] [Server thread/WARN] [net.minecraft.server.level.ServerLevel/]: Tried to add entity the_wonderland:angel but it was marked as removed already
[20Aug2026 15:13:19.015] [Server thread/INFO] [net.minecraft.server.MinecraftServer/]: Moony09_ fell from a high place
[20Aug2026 15:13:34.185] [Server thread/WARN] [net.minecraft.server.network.ServerGamePacketListenerImpl/]: sarah moved wrongly!
[20Aug2026 15:14:04.785] [Server thread/WARN] [net.minecraft.server.network.ServerGamePacketListenerImpl/]: sarah moved wrongly!
[20Aug2026 15:14:10.886] [Server thread/INFO] [net.minecraft.server.network.ServerGamePacketListenerImpl/]: sadkewa lost connection: Timed out
[20Aug2026 15:14:10.887] [Server thread/INFO] [net.minecraft.server.MinecraftServer/]: sadkewa left the game
[20Aug2026 15:14:10.888] [Server thread/DEBUG] [voicechat/]: [voicechat] Removing state of sadkewa
[20Aug2026 15:14:10.888] [Server thread/INFO] [voicechat/]: [voicechat] Disconnecting client sadkewa
[20Aug2026 15:14:50.447] [Netty Server IO #19/DEBUG] [net.minecraftforge.network.HandshakeHandler/FMLHANDSHAKE]: Starting new modded impl connection. Found 22 messages to dispatch.
[20Aug2026 15:14:50.736] [Server thread/DEBUG] [net.minecraftforge.network.HandshakeHandler/FMLHANDSHAKE]: Sending ticking packet info 'net.minecraftforge.network.HandshakeMessages$S2CModData' to 'fml:handshake' sequence 0
[20Aug2026 15:14:50.785] [Server thread/DEBUG] [net.minecraftforge.network.HandshakeHandler/FMLHANDSHAKE]: Sending ticking packet info 'net.minecraftforge.network.HandshakeMessages$S2CModList' to 'fml:handshake' sequence 1
[20Aug2026 15:14:50.838] [Server thread/DEBUG] [net.minecraftforge.network.HandshakeHandler/FMLHANDSHAKE]: Sending ticking packet info 'Registry minecraft:command_argument_type' to 'fml:handshake' sequence 2
[20Aug2026 15:14:50.889] [Server thread/DEBUG] [net.minecraftforge.network.HandshakeHandler/FMLHANDSHAKE]: Sending ticking packet info 'Registry minecraft:recipe_serializer' to 'fml:handshake' sequence 3
[20Aug2026 15:14:50.939] [Server thread/DEBUG] [net.minecraftforge.network.HandshakeHandler/FMLHANDSHAKE]: Sending ticking packet info 'Registry minecraft:sound_event' to 'fml:handshake' sequence 4
[20Aug2026 15:14:50.988] [Server thread/DEBUG] [net.minecraftforge.network.HandshakeHandler/FMLHANDSHAKE]: Sending ticking packet info 'Registry minecraft:particle_type' to 'fml:handshake' sequence 5
[20Aug2026 15:14:51.038] [Server thread/DEBUG] [net.minecraftforge.network.HandshakeHandler/FMLHANDSHAKE]: Sending ticking packet info 'Registry minecraft:villager_profession' to 'fml:handshake' sequence 6
[20Aug2026 15:14:51.087] [Server thread/DEBUG] [net.minecraftforge.network.HandshakeHandler/FMLHANDSHAKE]: Sending ticking packet info 'Registry minecraft:item' to 'fml:handshake' sequence 7
[20Aug2026 15:14:51.137] [Server thread/DEBUG] [net.minecraftforge.network.HandshakeHandler/FMLHANDSHAKE]: Sending ticking packet info 'Registry minecraft:potion' to 'fml:handshake' sequence 8
[20Aug2026 15:14:51.188] [Server thread/DEBUG] [net.minecraftforge.network.HandshakeHandler/FMLHANDSHAKE]: Sending ticking packet info 'Registry minecraft:painting_variant' to 'fml:handshake' sequence 9
[20Aug2026 15:14:51.239] [Server thread/DEBUG] [net.minecraftforge.network.HandshakeHandler/FMLHANDSHAKE]: Sending ticking packet info 'Registry forge:fluid_type' to 'fml:handshake' sequence 10
[20Aug2026 15:14:51.289] [Server thread/DEBUG] [net.minecraftforge.network.HandshakeHandler/FMLHANDSHAKE]: Sending ticking packet info 'Registry minecraft:block_entity_type' to 'fml:handshake' sequence 11
[20Aug2026 15:14:51.337] [Server thread/DEBUG] [net.minecraftforge.network.HandshakeHandler/FMLHANDSHAKE]: Sending ticking packet info 'Registry forge:display_contexts' to 'fml:handshake' sequence 12
[20Aug2026 15:14:51.353] [Netty Server IO #19/DEBUG] [net.minecraftforge.network.LoginWrapper/FMLHANDSHAKE]: Recieved login wrapper packet event for channel fml:handshake with index 1
[20Aug2026 15:14:51.353] [Netty Server IO #19/DEBUG] [net.minecraftforge.network.HandshakeHandler/FMLHANDSHAKE]: Received client indexed reply 1 of type net.minecraftforge.network.HandshakeMessages$C2SModListReply
[20Aug2026 15:14:51.353] [Netty Server IO #19/DEBUG] [net.minecraftforge.network.HandshakeHandler/FMLHANDSHAKE]: Received client connection with modlist [minecraft, voicechat, voicechat_api, libipn, doubledoors, extragore, ambientsounds, mousetweaks, supermartijn642configlib, nochatreports, geckolib, creativecore, cleanswing, trender, kotlinforforge, modelfix, sound_physics_remastered, its_not_real, collective, enhancedvisuals, freecam, entityculling, betterthirdperson, badmobs, inventoryprofilesnext, architectury, fallingtrees, jamlib, pandalib, rightclickharvest, transition, dynamic_fps, chat_heads, the_wonderland, forge, varietree, embeddium, rubidium, oculus, durabilitytooltip, essential, presencefootsteps]
[20Aug2026 15:14:51.353] [Netty Server IO #19/DEBUG] [net.minecraftforge.network.NetworkRegistry/NETREGISTRY]: Channel 'pandalib:config_sync' : Version test of '1' from client : ACCEPTED
[20Aug2026 15:14:51.353] [Netty Server IO #19/DEBUG] [net.minecraftforge.network.NetworkRegistry/NETREGISTRY]: Channel 'architectury:network' : Version test of '1' from client : ACCEPTED
[20Aug2026 15:14:51.353] [Netty Server IO #19/DEBUG] [net.minecraftforge.network.NetworkRegistry/NETREGISTRY]: Channel 'voicechat:secret' : Version test of 'ALLOWVANILLA 💓💓💓' from client : ACCEPTED
[20Aug2026 15:14:51.353] [Netty Server IO #19/DEBUG] [net.minecraftforge.network.NetworkRegistry/NETREGISTRY]: Channel 'voicechat:leave_group' : Version test of 'ALLOWVANILLA 💓💓💓' from client : ACCEPTED
[20Aug2026 15:14:51.353] [Netty Server IO #19/DEBUG] [net.minecraftforge.network.NetworkRegistry/NETREGISTRY]: Channel 'voicechat:create_group' : Version test of 'ALLOWVANILLA 💓💓💓' from client : ACCEPTED
[20Aug2026 15:14:51.353] [Netty Server IO #19/DEBUG] [net.minecraftforge.network.NetworkRegistry/NETREGISTRY]: Channel 'minecraft:unregister' : Version test of 'FML3' from client : ACCEPTED
[20Aug2026 15:14:51.353] [Netty Server IO #19/DEBUG] [net.minecraftforge.network.NetworkRegistry/NETREGISTRY]: Channel 'enhancedvisuals:main' : Version test of '1' from client : ACCEPTED
[20Aug2026 15:14:51.353] [Netty Server IO #19/DEBUG] [net.minecraftforge.network.NetworkRegistry/NETREGISTRY]: Channel 'voicechat:states' : Version test of 'ALLOWVANILLA 💓💓💓' from client : ACCEPTED
[20Aug2026 15:14:51.353] [Netty Server IO #19/DEBUG] [net.minecraftforge.network.NetworkRegistry/NETREGISTRY]: Channel 'voicechat:set_group' : Version test of 'ALLOWVANILLA 💓💓💓' from client : ACCEPTED
[20Aug2026 15:14:51.353] [Netty Server IO #19/DEBUG] [net.minecraftforge.network.NetworkRegistry/NETREGISTRY]: Channel 'voicechat:joined_group' : Version test of 'ALLOWVANILLA 💓💓💓' from client : ACCEPTED
[20Aug2026 15:14:51.354] [Netty Server IO #19/DEBUG] [net.minecraftforge.network.NetworkRegistry/NETREGISTRY]: Channel 'voicechat:update_state' : Version test of 'ALLOWVANILLA 💓💓💓' from client : ACCEPTED
[20Aug2026 15:14:51.354] [Netty Server IO #19/DEBUG] [net.minecraftforge.network.NetworkRegistry/NETREGISTRY]: Channel 'extragore:main' : Version test of '1' from client : ACCEPTED
[20Aug2026 15:14:51.354] [Netty Server IO #19/DEBUG] [net.minecraftforge.network.NetworkRegistry/NETREGISTRY]: Channel 'voicechat:add_group' : Version test of 'ALLOWVANILLA 💓💓💓' from client : ACCEPTED
[20Aug2026 15:14:51.354] [Netty Server IO #19/DEBUG] [net.minecraftforge.network.NetworkRegistry/NETREGISTRY]: Channel 'fml:loginwrapper' : Version test of 'FML3' from client : ACCEPTED
[20Aug2026 15:14:51.354] [Netty Server IO #19/DEBUG] [net.minecraftforge.network.NetworkRegistry/NETREGISTRY]: Channel 'its_not_real:its_not_real' : Version test of '1' from client : ACCEPTED
[20Aug2026 15:14:51.354] [Netty Server IO #19/DEBUG] [net.minecraftforge.network.NetworkRegistry/NETREGISTRY]: Channel 'forge:tier_sorting' : Version test of '1.0' from client : ACCEPTED
[20Aug2026 15:14:51.354] [Netty Server IO #19/DEBUG] [net.minecraftforge.network.NetworkRegistry/NETREGISTRY]: Channel 'supermartijn642configlib:sync_configs' : Version test of '1.1.8' from client : ACCEPTED
[20Aug2026 15:14:51.354] [Netty Server IO #19/DEBUG] [net.minecraftforge.network.NetworkRegistry/NETREGISTRY]: Channel 'the_wonderland:the_wonderland' : Version test of '1' from client : ACCEPTED
[20Aug2026 15:14:51.354] [Netty Server IO #19/DEBUG] [net.minecraftforge.network.NetworkRegistry/NETREGISTRY]: Channel 'fml:play' : Version test of 'FML3' from client : ACCEPTED
[20Aug2026 15:14:51.354] [Netty Server IO #19/DEBUG] [net.minecraftforge.network.NetworkRegistry/NETREGISTRY]: Channel 'creativecore:main' : Version test of '1' from client : ACCEPTED
[20Aug2026 15:14:51.354] [Netty Server IO #19/DEBUG] [net.minecraftforge.network.NetworkRegistry/NETREGISTRY]: Channel 'voicechat:request_secret' : Version test of 'ALLOWVANILLA 💓💓💓' from client : ACCEPTED
[20Aug2026 15:14:51.354] [Netty Server IO #19/DEBUG] [net.minecraftforge.network.NetworkRegistry/NETREGISTRY]: Channel 'fml:handshake' : Version test of 'FML3' from client : ACCEPTED
[20Aug2026 15:14:51.354] [Netty Server IO #19/DEBUG] [net.minecraftforge.network.NetworkRegistry/NETREGISTRY]: Channel 'voicechat:state' : Version test of 'ALLOWVANILLA 💓💓💓' from client : ACCEPTED
[20Aug2026 15:14:51.354] [Netty Server IO #19/DEBUG] [net.minecraftforge.network.NetworkRegistry/NETREGISTRY]: Channel 'voicechat:remove_category' : Version test of 'ALLOWVANILLA 💓💓💓' from client : ACCEPTED
[20Aug2026 15:14:51.354] [Netty Server IO #19/DEBUG] [net.minecraftforge.network.NetworkRegistry/NETREGISTRY]: Channel 'voicechat:remove_group' : Version test of 'ALLOWVANILLA 💓💓💓' from client : ACCEPTED
[20Aug2026 15:14:51.354] [Netty Server IO #19/DEBUG] [net.minecraftforge.network.NetworkRegistry/NETREGISTRY]: Channel 'voicechat:add_category' : Version test of 'ALLOWVANILLA 💓💓💓' from client : ACCEPTED
[20Aug2026 15:14:51.354] [Netty Server IO #19/DEBUG] [net.minecraftforge.network.NetworkRegistry/NETREGISTRY]: Channel 'voicechat:remove_state' : Version test of 'ALLOWVANILLA 💓💓💓' from client : ACCEPTED
[20Aug2026 15:14:51.354] [Netty Server IO #19/DEBUG] [net.minecraftforge.network.NetworkRegistry/NETREGISTRY]: Channel 'minecraft:register' : Version test of 'FML3' from client : ACCEPTED
[20Aug2026 15:14:51.354] [Netty Server IO #19/DEBUG] [net.minecraftforge.network.NetworkRegistry/NETREGISTRY]: Channel 'forge:split' : Version test of '1.1' from client : ACCEPTED
[20Aug2026 15:14:51.354] [Netty Server IO #19/DEBUG] [net.minecraftforge.network.NetworkRegistry/NETREGISTRY]: Channel 'geckolib:main' : Version test of '1' from client : ACCEPTED
[20Aug2026 15:14:51.354] [Netty Server IO #19/DEBUG] [net.minecraftforge.network.NetworkRegistry/NETREGISTRY]: Accepting channel list from client
[20Aug2026 15:14:51.354] [Netty Server IO #19/DEBUG] [net.minecraftforge.network.HandshakeHandler/FMLHANDSHAKE]: Accepted client connection mod list
[20Aug2026 15:14:51.356] [Netty Server IO #19/DEBUG] [net.minecraftforge.network.LoginWrapper/FMLHANDSHAKE]: Recieved login wrapper packet event for channel fml:handshake with index 2
[20Aug2026 15:14:51.357] [Netty Server IO #19/DEBUG] [net.minecraftforge.network.HandshakeHandler/FMLHANDSHAKE]: Received client indexed reply 2 of type net.minecraftforge.network.HandshakeMessages$C2SAcknowledge
[20Aug2026 15:14:51.357] [Netty Server IO #19/DEBUG] [net.minecraftforge.network.HandshakeHandler/FMLHANDSHAKE]: Received acknowledgement from client
[20Aug2026 15:14:51.360] [Netty Server IO #19/DEBUG] [net.minecraftforge.network.LoginWrapper/FMLHANDSHAKE]: Recieved login wrapper packet event for channel fml:handshake with index 3
[20Aug2026 15:14:51.360] [Netty Server IO #19/DEBUG] [net.minecraftforge.network.HandshakeHandler/FMLHANDSHAKE]: Received client indexed reply 3 of type net.minecraftforge.network.HandshakeMessages$C2SAcknowledge
[20Aug2026 15:14:51.360] [Netty Server IO #19/DEBUG] [net.minecraftforge.network.HandshakeHandler/FMLHANDSHAKE]: Received acknowledgement from client
[20Aug2026 15:14:51.386] [Server thread/DEBUG] [net.minecraftforge.network.HandshakeHandler/FMLHANDSHAKE]: Sending ticking packet info 'Registry minecraft:block' to 'fml:handshake' sequence 13
[20Aug2026 15:14:51.437] [Server thread/DEBUG] [net.minecraftforge.network.HandshakeHandler/FMLHANDSHAKE]: Sending ticking packet info 'Registry forge:entity_data_serializers' to 'fml:handshake' sequence 14
[20Aug2026 15:14:51.487] [Server thread/DEBUG] [net.minecraftforge.network.HandshakeHandler/FMLHANDSHAKE]: Sending ticking packet info 'Registry minecraft:mob_effect' to 'fml:handshake' sequence 15
[20Aug2026 15:14:51.538] [Server thread/DEBUG] [net.minecraftforge.network.HandshakeHandler/FMLHANDSHAKE]: Sending ticking packet info 'Registry minecraft:stat_type' to 'fml:handshake' sequence 16
[20Aug2026 15:14:51.587] [Server thread/DEBUG] [net.minecraftforge.network.HandshakeHandler/FMLHANDSHAKE]: Sending ticking packet info 'Registry minecraft:menu' to 'fml:handshake' sequence 17
[20Aug2026 15:14:51.637] [Server thread/DEBUG] [net.minecraftforge.network.HandshakeHandler/FMLHANDSHAKE]: Sending ticking packet info 'Registry minecraft:enchantment' to 'fml:handshake' sequence 18
[20Aug2026 15:14:51.690] [Server thread/DEBUG] [net.minecraftforge.network.HandshakeHandler/FMLHANDSHAKE]: Sending ticking packet info 'Registry minecraft:fluid' to 'fml:handshake' sequence 19
[20Aug2026 15:14:51.738] [Server thread/DEBUG] [net.minecraftforge.network.HandshakeHandler/FMLHANDSHAKE]: Sending ticking packet info 'Registry minecraft:entity_type' to 'fml:handshake' sequence 20
[20Aug2026 15:14:51.788] [Server thread/DEBUG] [net.minecraftforge.network.HandshakeHandler/FMLHANDSHAKE]: Sending ticking packet info 'Config forge-server.toml' to 'fml:handshake' sequence 21
[20Aug2026 15:14:52.589] [Netty Server IO #19/DEBUG] [net.minecraftforge.network.LoginWrapper/FMLHANDSHAKE]: Recieved login wrapper packet event for channel fml:handshake with index 4
[20Aug2026 15:14:52.589] [Netty Server IO #19/DEBUG] [net.minecraftforge.network.HandshakeHandler/FMLHANDSHAKE]: Received client indexed reply 4 of type net.minecraftforge.network.HandshakeMessages$C2SAcknowledge
[20Aug2026 15:14:52.589] [Netty Server IO #19/DEBUG] [net.minecraftforge.network.HandshakeHandler/FMLHANDSHAKE]: Received acknowledgement from client
[20Aug2026 15:14:52.589] [Netty Server IO #19/DEBUG] [net.minecraftforge.network.LoginWrapper/FMLHANDSHAKE]: Recieved login wrapper packet event for channel fml:handshake with index 5
[20Aug2026 15:14:52.589] [Netty Server IO #19/DEBUG] [net.minecraftforge.network.HandshakeHandler/FMLHANDSHAKE]: Received client indexed reply 5 of type net.minecraftforge.network.HandshakeMessages$C2SAcknowledge
[20Aug2026 15:14:52.589] [Netty Server IO #19/DEBUG] [net.minecraftforge.network.HandshakeHandler/FMLHANDSHAKE]: Received acknowledgement from client
[20Aug2026 15:14:52.589] [Netty Server IO #19/DEBUG] [net.minecraftforge.network.LoginWrapper/FMLHANDSHAKE]: Recieved login wrapper packet event for channel fml:handshake with index 6
[20Aug2026 15:14:52.589] [Netty Server IO #19/DEBUG] [net.minecraftforge.network.HandshakeHandler/FMLHANDSHAKE]: Received client indexed reply 6 of type net.minecraftforge.network.HandshakeMessages$C2SAcknowledge
[20Aug2026 15:14:52.589] [Netty Server IO #19/DEBUG] [net.minecraftforge.network.HandshakeHandler/FMLHANDSHAKE]: Received acknowledgement from client
[20Aug2026 15:14:53.346] [Netty Server IO #19/DEBUG] [net.minecraftforge.network.LoginWrapper/FMLHANDSHAKE]: Recieved login wrapper packet event for channel fml:handshake with index 7
[20Aug2026 15:14:53.346] [Netty Server IO #19/DEBUG] [net.minecraftforge.network.HandshakeHandler/FMLHANDSHAKE]: Received client indexed reply 7 of type net.minecraftforge.network.HandshakeMessages$C2SAcknowledge
[20Aug2026 15:14:53.346] [Netty Server IO #19/DEBUG] [net.minecraftforge.network.HandshakeHandler/FMLHANDSHAKE]: Received acknowledgement from client
[20Aug2026 15:14:53.554] [Netty Server IO #19/DEBUG] [net.minecraftforge.network.LoginWrapper/FMLHANDSHAKE]: Recieved login wrapper packet event for channel fml:handshake with index 8
[20Aug2026 15:14:53.554] [Netty Server IO #19/DEBUG] [net.minecraftforge.network.HandshakeHandler/FMLHANDSHAKE]: Received client indexed reply 8 of type net.minecraftforge.network.HandshakeMessages$C2SAcknowledge
[20Aug2026 15:14:53.554] [Netty Server IO #19/DEBUG] [net.minecraftforge.network.HandshakeHandler/FMLHANDSHAKE]: Received acknowledgement from client
[20Aug2026 15:14:53.554] [Netty Server IO #19/DEBUG] [net.minecraftforge.network.LoginWrapper/FMLHANDSHAKE]: Recieved login wrapper packet event for channel fml:handshake with index 9
[20Aug2026 15:14:53.554] [Netty Server IO #19/DEBUG] [net.minecraftforge.network.HandshakeHandler/FMLHANDSHAKE]: Received client indexed reply 9 of type net.minecraftforge.network.HandshakeMessages$C2SAcknowledge
[20Aug2026 15:14:53.554] [Netty Server IO #19/DEBUG] [net.minecraftforge.network.HandshakeHandler/FMLHANDSHAKE]: Received acknowledgement from client
[20Aug2026 15:14:53.554] [Netty Server IO #19/DEBUG] [net.minecraftforge.network.LoginWrapper/FMLHANDSHAKE]: Recieved login wrapper packet event for channel fml:handshake with index 10
[20Aug2026 15:14:53.554] [Netty Server IO #19/DEBUG] [net.minecraftforge.network.HandshakeHandler/FMLHANDSHAKE]: Received client indexed reply 10 of type net.minecraftforge.network.HandshakeMessages$C2SAcknowledge
[20Aug2026 15:14:53.554] [Netty Server IO #19/DEBUG] [net.minecraftforge.network.HandshakeHandler/FMLHANDSHAKE]: Received acknowledgement from client
[20Aug2026 15:14:53.554] [Netty Server IO #19/DEBUG] [net.minecraftforge.network.LoginWrapper/FMLHANDSHAKE]: Recieved login wrapper packet event for channel fml:handshake with index 11
[20Aug2026 15:14:53.554] [Netty Server IO #19/DEBUG] [net.minecraftforge.network.HandshakeHandler/FMLHANDSHAKE]: Received client indexed reply 11 of type net.minecraftforge.network.HandshakeMessages$C2SAcknowledge
[20Aug2026 15:14:53.554] [Netty Server IO #19/DEBUG] [net.minecraftforge.network.HandshakeHandler/FMLHANDSHAKE]: Received acknowledgement from client
[20Aug2026 15:14:53.554] [Netty Server IO #19/DEBUG] [net.minecraftforge.network.LoginWrapper/FMLHANDSHAKE]: Recieved login wrapper packet event for channel fml:handshake with index 12
[20Aug2026 15:14:53.554] [Netty Server IO #19/DEBUG] [net.minecraftforge.network.HandshakeHandler/FMLHANDSHAKE]: Received client indexed reply 12 of type net.minecraftforge.network.HandshakeMessages$C2SAcknowledge
[20Aug2026 15:14:53.554] [Netty Server IO #19/DEBUG] [net.minecraftforge.network.HandshakeHandler/FMLHANDSHAKE]: Received acknowledgement from client
[20Aug2026 15:14:54.077] [Netty Server IO #19/DEBUG] [net.minecraftforge.network.LoginWrapper/FMLHANDSHAKE]: Recieved login wrapper packet event for channel fml:handshake with index 13
[20Aug2026 15:14:54.078] [Netty Server IO #19/DEBUG] [net.minecraftforge.network.HandshakeHandler/FMLHANDSHAKE]: Received client indexed reply 13 of type net.minecraftforge.network.HandshakeMessages$C2SAcknowledge
[20Aug2026 15:14:54.078] [Netty Server IO #19/DEBUG] [net.minecraftforge.network.HandshakeHandler/FMLHANDSHAKE]: Received acknowledgement from client
[20Aug2026 15:14:54.078] [Netty Server IO #19/DEBUG] [net.minecraftforge.network.LoginWrapper/FMLHANDSHAKE]: Recieved login wrapper packet event for channel fml:handshake with index 14
[20Aug2026 15:14:54.078] [Netty Server IO #19/DEBUG] [net.minecraftforge.network.HandshakeHandler/FMLHANDSHAKE]: Received client indexed reply 14 of type net.minecraftforge.network.HandshakeMessages$C2SAcknowledge
[20Aug2026 15:14:54.078] [Netty Server IO #19/DEBUG] [net.minecraftforge.network.HandshakeHandler/FMLHANDSHAKE]: Received acknowledgement from client
[20Aug2026 15:14:54.078] [Netty Server IO #19/DEBUG] [net.minecraftforge.network.LoginWrapper/FMLHANDSHAKE]: Recieved login wrapper packet event for channel fml:handshake with index 15
[20Aug2026 15:14:54.078] [Netty Server IO #19/DEBUG] [net.minecraftforge.network.HandshakeHandler/FMLHANDSHAKE]: Received client indexed reply 15 of type net.minecraftforge.network.HandshakeMessages$C2SAcknowledge
[20Aug2026 15:14:54.078] [Netty Server IO #19/DEBUG] [net.minecraftforge.network.HandshakeHandler/FMLHANDSHAKE]: Received acknowledgement from client
[20Aug2026 15:14:54.078] [Netty Server IO #19/DEBUG] [net.minecraftforge.network.LoginWrapper/FMLHANDSHAKE]: Recieved login wrapper packet event for channel fml:handshake with index 16
[20Aug2026 15:14:54.078] [Netty Server IO #19/DEBUG] [net.minecraftforge.network.HandshakeHandler/FMLHANDSHAKE]: Received client indexed reply 16 of type net.minecraftforge.network.HandshakeMessages$C2SAcknowledge
[20Aug2026 15:14:54.078] [Netty Server IO #19/DEBUG] [net.minecraftforge.network.HandshakeHandler/FMLHANDSHAKE]: Received acknowledgement from client
[20Aug2026 15:14:54.078] [Netty Server IO #19/DEBUG] [net.minecraftforge.network.LoginWrapper/FMLHANDSHAKE]: Recieved login wrapper packet event for channel fml:handshake with index 17
[20Aug2026 15:14:54.078] [Netty Server IO #19/DEBUG] [net.minecraftforge.network.HandshakeHandler/FMLHANDSHAKE]: Received client indexed reply 17 of type net.minecraftforge.network.HandshakeMessages$C2SAcknowledge
[20Aug2026 15:14:54.078] [Netty Server IO #19/DEBUG] [net.minecraftforge.network.HandshakeHandler/FMLHANDSHAKE]: Received acknowledgement from client
[20Aug2026 15:14:54.078] [Netty Server IO #19/DEBUG] [net.minecraftforge.network.LoginWrapper/FMLHANDSHAKE]: Recieved login wrapper packet event for channel fml:handshake with index 18
[20Aug2026 15:14:54.078] [Netty Server IO #19/DEBUG] [net.minecraftforge.network.HandshakeHandler/FMLHANDSHAKE]: Received client indexed reply 18 of type net.minecraftforge.network.HandshakeMessages$C2SAcknowledge
[20Aug2026 15:14:54.078] [Netty Server IO #19/DEBUG] [net.minecraftforge.network.HandshakeHandler/FMLHANDSHAKE]: Received acknowledgement from client
[20Aug2026 15:14:54.078] [Netty Server IO #19/DEBUG] [net.minecraftforge.network.LoginWrapper/FMLHANDSHAKE]: Recieved login wrapper packet event for channel fml:handshake with index 19
[20Aug2026 15:14:54.078] [Netty Server IO #19/DEBUG] [net.minecraftforge.network.HandshakeHandler/FMLHANDSHAKE]: Received client indexed reply 19 of type net.minecraftforge.network.HandshakeMessages$C2SAcknowledge
[20Aug2026 15:14:54.078] [Netty Server IO #19/DEBUG] [net.minecraftforge.network.HandshakeHandler/FMLHANDSHAKE]: Received acknowledgement from client
[20Aug2026 15:14:54.646] [Netty Server IO #19/DEBUG] [net.minecraftforge.network.LoginWrapper/FMLHANDSHAKE]: Recieved login wrapper packet event for channel fml:handshake with index 20
[20Aug2026 15:14:54.646] [Netty Server IO #19/DEBUG] [net.minecraftforge.network.HandshakeHandler/FMLHANDSHAKE]: Received client indexed reply 20 of type net.minecraftforge.network.HandshakeMessages$C2SAcknowledge
[20Aug2026 15:14:54.646] [Netty Server IO #19/DEBUG] [net.minecraftforge.network.HandshakeHandler/FMLHANDSHAKE]: Received acknowledgement from client
[20Aug2026 15:14:54.646] [Netty Server IO #19/DEBUG] [net.minecraftforge.network.LoginWrapper/FMLHANDSHAKE]: Recieved login wrapper packet event for channel fml:handshake with index 21
[20Aug2026 15:14:54.646] [Netty Server IO #19/DEBUG] [net.minecraftforge.network.HandshakeHandler/FMLHANDSHAKE]: Received client indexed reply 21 of type net.minecraftforge.network.HandshakeMessages$C2SAcknowledge
[20Aug2026 15:14:54.646] [Netty Server IO #19/DEBUG] [net.minecraftforge.network.HandshakeHandler/FMLHANDSHAKE]: Received acknowledgement from client
[20Aug2026 15:14:54.689] [Server thread/DEBUG] [net.minecraftforge.network.HandshakeHandler/FMLHANDSHAKE]: Handshake complete!
[20Aug2026 15:14:54.764] [Server thread/INFO] [net.minecraft.server.players.PlayerList/]: sadkewa[/192.168.1.6:37424] logged in with entity id 1093006 at (-551.8822274329959, 68.7531999805212, 1784.4140804690019)
[20Aug2026 15:14:54.764] [Server thread/DEBUG] [net.minecraftforge.network.filters.NetworkFilters/]: Injected net.minecraftforge.network.filters.ForgeConnectionNetworkFilter@581ccf35 into net.minecraft.network.Connection@3883be5c
[20Aug2026 15:14:54.766] [Server thread/INFO] [net.minecraft.server.MinecraftServer/]: sadkewa joined the game
[20Aug2026 15:14:54.794] [Server thread/INFO] [fallingtrees | Config/]: Sending common config 'fallingtrees:fallingtrees_common' to sadkewa
[20Aug2026 15:14:54.796] [Server thread/DEBUG] [voicechat/]: [voicechat] Setting default state of sadkewa: {disabled=false, disconnected=true, uuid=c95ba5d9-f943-3fde-bceb-bc7fb8e3daa9, name=sadkewa, group=null}
[20Aug2026 15:14:55.078] [Netty Server IO #19/INFO] [fallingtrees | Config/]: Received client config 'fallingtrees:fallingtrees_client' from sadkewa
[20Aug2026 15:14:55.090] [Server thread/INFO] [voicechat/]: [voicechat] Received secret request of sadkewa (20)
[20Aug2026 15:14:55.090] [Server thread/DEBUG] [voicechat/]: [voicechat] Sending initial states to sadkewa
[20Aug2026 15:14:55.090] [Server thread/DEBUG] [voicechat/]: [voicechat] Synchronizing 0 groups with sadkewa
[20Aug2026 15:14:55.090] [Server thread/DEBUG] [voicechat/]: [voicechat] Synchronizing 1 volume categories with sadkewa
[20Aug2026 15:14:55.090] [Server thread/INFO] [voicechat/]: [voicechat] Sent secret to sadkewa
[20Aug2026 15:14:59.645] [Server thread/DEBUG] [net.minecraftforge.common.ForgeHooks/WP]: Gathering id map for writing to world save world
[20Aug2026 15:14:59.648] [Server thread/DEBUG] [net.minecraftforge.common.ForgeHooks/WP]: ID Map collection complete world
[20Aug2026 15:16:13.834] [Server thread/INFO] [net.minecraft.server.network.ServerGamePacketListenerImpl/]: Moony09_ lost connection: Disconnected
[20Aug2026 15:16:13.834] [Server thread/INFO] [net.minecraft.server.MinecraftServer/]: Moony09_ left the game
[20Aug2026 15:16:13.835] [Server thread/DEBUG] [voicechat/]: [voicechat] Removing state of Moony09_
[20Aug2026 15:16:13.835] [Server thread/INFO] [voicechat/]: [voicechat] Disconnecting client Moony09_
[20Aug2026 15:16:45.883] [Server thread/INFO] [net.minecraft.server.network.ServerGamePacketListenerImpl/]: Polar34_ lost connection: Disconnected
[20Aug2026 15:16:45.883] [Server thread/INFO] [net.minecraft.server.MinecraftServer/]: Polar34_ left the game
[20Aug2026 15:16:45.884] [Server thread/DEBUG] [voicechat/]: [voicechat] Removing state of Polar34_
[20Aug2026 15:16:45.884] [Server thread/INFO] [voicechat/]: [voicechat] Disconnecting client Polar34_
[20Aug2026 15:17:20.084] [Server thread/WARN] [net.minecraft.server.level.ServerLevel/]: Tried to add entity the_wonderland:angel but it was marked as removed already
[20Aug2026 15:18:23.753] [Server thread/INFO] [net.minecraft.server.MinecraftServer/]: <sarah> IM GONNA BE BACK
[20Aug2026 15:19:59.637] [Server thread/DEBUG] [net.minecraftforge.common.ForgeHooks/WP]: Gathering id map for writing to world save world
[20Aug2026 15:19:59.643] [Server thread/DEBUG] [net.minecraftforge.common.ForgeHooks/WP]: ID Map collection complete world
[20Aug2026 15:23:41.492] [Server thread/INFO] [net.minecraft.server.MinecraftServer/]: there's nothing to be afraid of
[20Aug2026 15:24:27.644] [Server thread/INFO] [net.minecraft.server.MinecraftServer/]: hello
